"_id","title","link","pub","rating","comments"
"5c6e8333a620d52b3423cecf","浪潮之巅","https://book.douban.com/subject/6709783/","吴军 / 电子工业出版社 / 2011-8 / 55.00元","9.1","20863"
"5c6e8334a620d52b3423cf06","从0到1","https://book.douban.com/subject/26297606/","彼得·蒂尔、布莱克·马斯特斯 / 高玉芳 / 中信出版股份有限公司 / 2015-1-1 / CNY 45.00","7.6","19999"
"5c6e8334a620d52b3423ceec","黑客与画家","https://book.douban.com/subject/6021440/","[美] Paul Graham / 阮一峰 / 人民邮电出版社 / 2011-4 / 49.00元","8.8","15929"
"5c6e8333a620d52b3423ced2","大数据时代","https://book.douban.com/subject/20429677/","[英] 维克托•迈尔•舍恩伯格（Viktor Mayer-Schönberger） / 周涛 / 浙江人民出版社 / 2012-12 / 49.90元","7.5","14784"
"5c6e8333a620d52b3423ced3","写给大家看的设计书（第3版）","https://book.douban.com/subject/3323633/","[美] Robin Williams / 苏金国、刘亮 / 人民邮电出版社 / 2009-1 / 49.00元","8.6","10651"
"5c6e8335a620d52b3423cf97","数学之美","https://book.douban.com/subject/10750155/","吴军 / 人民邮电出版社 / 2012-5-1 / 45.00元","8.7","9224"
"5c6e8335a620d52b3423cf9a","创业维艰","https://book.douban.com/subject/26306686/","本·霍洛维茨 Ben Horowitz / 杨晓红、钟莉婷 / 中信出版社 / 2015-2 / 49","8.4","6569"
"5c6e8335a620d52b3423d06d","点石成金","https://book.douban.com/subject/1827702/","[美] 史蒂夫·克鲁克 / De Dream' / 机械工业出版社 / 2006-8 / 39.00元","8.5","6205"
"5c6e8335a620d52b3423cfb3","启示录","https://book.douban.com/subject/5914587/","[美] Marty Cagan / 七印部落 / 华中科技大学出版社 / 2011-5 / 36.00元","8.5","5564"
"5c6e8334a620d52b3423cf21","哥德尔、艾舍尔、巴赫","https://book.douban.com/subject/1291204/","[美] 侯世达 / 严勇、刘皓明、莫大伟 / 商务印书馆 / 1997-5 / 88.00元","9.4","5247"
"5c6e8335a620d52b3423cfcc","算法导论（原书第2版）","https://book.douban.com/subject/1885170/","[美] Thomas H.Cormen、Charles E.Leiserson、Ronald L.Rivest、Clifford Stein / 潘金贵 等 / 机械工业出版社 / 2006-9 / 85.00元","9.3","4837"
"5c6e8334a620d52b3423cf90","Facebook效应","https://book.douban.com/subject/5313010/","[美] 大卫·柯克帕特里克 / 沈路、梁军、崔筝 / 华文出版社 / 2010-10 / 49.80","7.9","4727"
"5c6e8335a620d52b3423d014","C++ Primer 中文版（第 4 版）","https://book.douban.com/subject/1767741/","Stanley B.Lippman、Josée LaJoie、Barbara E.Moo / 李师贤、蒋爱军、梅晓勇、林瑛 / 人民邮电出版社 / 2006 / 99.00元","9.2","4206"
"5c6e8335a620d52b3423cfa6","C程序设计语言","https://book.douban.com/subject/1139336/","（美）Brian W. Kernighan、（美）Dennis M. Ritchie / 徐宝文、李志译、尤晋元审校 / 机械工业出版社 / 2004-1 / 30.00元","9.4","4151"
"5c6e8335a620d52b3423cfd9","代码大全（第2版）","https://book.douban.com/subject/1477390/","[美] 史蒂夫·迈克康奈尔 / 金戈、汤凌、陈硕、张菲 译、裘宗燕 审校 / 电子工业出版社 / 2006-3 / 128.00元","9.3","3588"
"5c6e8334a620d52b3423cef7","文明之光（第一册）","https://book.douban.com/subject/25902942/","吴军 / 人民邮电出版社 / 2014-6-25 / 59.00元","9","3521"
"5c6e8335a620d52b3423cfe7","Java编程思想 （第4版）","https://book.douban.com/subject/2130190/","[美] Bruce Eckel / 陈昊鹏 / 机械工业出版社 / 2007-6 / 108.00元","9.1","3318"
"5c6e8335a620d52b3423cfb8","编程之美","https://book.douban.com/subject/3004255/","《编程之美》小组 编 / 电子工业出版社 / 2008-3 / 40.00元","8.3","3020"
"5c6e8334a620d52b3423cf5d","人月神话","https://book.douban.com/subject/1102259/","[美] 弗雷德里克·布鲁克斯 / 汪颖 / 清华大学出版社 / 2002-11 / 29.80元","8.4","2961"
"5c6e8334a620d52b3423cf61","浪潮之巅（第2版）（套装上下册）","https://book.douban.com/subject/24738302/","吴军 / 人民邮电出版社 / 2013-7 / 80.00元","9.2","2849"
"5c6e8335a620d52b3423cfe2","Head First 设计模式（中文版）","https://book.douban.com/subject/2243615/","弗里曼 / O'Reilly Taiwan公司 / 中国电力出版社 / 2007-9 / 98.00元","9.2","2719"
"5c6e8335a620d52b3423cff5","设计模式","https://book.douban.com/subject/1052241/","[美] Erich Gamma、Richard Helm、Ralph Johnson、John Vlissides / 李英军、马晓星、蔡敏、刘建中 等 / 机械工业出版社 / 2000-9 / 35.00元","9.1","2709"
"5c6e8334a620d52b3423cf57","数学之美 （第二版）","https://book.douban.com/subject/26163454/","吴军 / 人民邮电出版社 / 2014-11 / 49.00元","8.9","2629"
"5c6e8335a620d52b3423cff8","深入理解计算机系统","https://book.douban.com/subject/1230413/","Randal E.Bryant、David O'Hallaron / 龚奕利、雷迎春 / 中国电力出版社 / 2004-5-1 / 85.00元","9.5","2608"
"5c6e8334a620d52b3423cf0f","编码","https://book.douban.com/subject/4822685/","[美] Charles Petzold / 左飞、薛佟佟 / 电子工业出版社 / 2010 / 55.00元","9.2","2457"
"5c6e8335a620d52b3423d050","文明之光（第二册）","https://book.douban.com/subject/25902222/","吴军 / 人民邮电出版社 / 2014-6 / 59.00元","8.9","2257"
"5c6e8334a620d52b3423cf66","深入理解计算机系统（原书第2版）","https://book.douban.com/subject/5333562/","（美）Randal E.Bryant、David O'Hallaron / 龚奕利、雷迎春 / 机械工业出版社 / 2011-1-1 / 99.00元","9.7","2246"
"5c6e8335a620d52b3423cfb4","软件随想录","https://book.douban.com/subject/4163938/","Joel Spolsky / 阮一峰 / 人民邮电出版社 / 2009 / 49.00元","8.7","2237"
"5c6e8334a620d52b3423cefa","UNIX环境高级编程","https://book.douban.com/subject/1788421/","W.Richard Stevens、Stephen A.Rago / 尤晋元、张亚英、戚正伟 / 人民邮电出版社 / 2006年 / 99.00元","9.4","2201"
"5c6e8334a620d52b3423cf83","程序员修炼之道","https://book.douban.com/subject/1152111/","Andrew Hunt、David Thomas / 马维达 / 电子工业出版社 / 2005-1 / 48.00元","8.6","2190"
"5c6e8335a620d52b3423d0d3","淘宝技术这十年","https://book.douban.com/subject/24335672/","子柳 / 电子工业出版社 / 2013-5 / 45.00元","7.3","2129"
"5c6e8334a620d52b3423cf7e","程序员的自我修养","https://book.douban.com/subject/3652388/","俞甲子、石凡、潘爱民 / 电子工业出版社 / 2009-4 / 65.00","8.8","2101"
"5c6e8334a620d52b3423cf3f","计算机程序的构造和解释","https://book.douban.com/subject/1148282/","Harold Abelson、Gerald Jay Sussman、Julie Sussman / 裘宗燕 / 机械工业出版社 / 2004-2 / 45.00元","9.5","2091"
"5c6e8335a620d52b3423cffe","信息简史","https://book.douban.com/subject/25752043/","[美] 詹姆斯·格雷克 / 高博 / 人民邮电出版社 / 2013-10 / 69.00元","8.7","2081"
"5c6e8334a620d52b3423cef9","UNIX编程艺术","https://book.douban.com/subject/1467587/","Eric S. Raymond / 姜宏、何源、蔡晓俊 / 电子工业出版社 / 2006-2 / 59.00元","9.1","2063"
"5c6e8335a620d52b3423cfd8","重构","https://book.douban.com/subject/1229923/","Martin Fowler / 熊节 / 中国电力出版社 / 2003-8-1 / 68.00元","9","2025"
"5c6e8333a620d52b3423ceda","TCP/IP详解 卷1：协议","https://book.douban.com/subject/1088054/","W.Richard Stevens / 范建华 / 机械工业出版社 / 2000-4-1 / 45.00元","9.2","1991"
"5c6e8334a620d52b3423cf8c","编程珠玑","https://book.douban.com/subject/3227098/","Jon Bentley / 黄倩、钱丽艳 / 人民邮电出版社 / 2008-10 / 39.00元","9.1","1945"
"5c6e8335a620d52b3423cffb","JavaScript高级程序设计（第3版）","https://book.douban.com/subject/10546125/","[美] Nicholas C. Zakas / 李松峰、曹力 / 人民邮电出版社 / 2012-3-29 / 99.00元","9.3","1942"
"5c6e8335a620d52b3423cfaf","我是一只IT小小鸟","https://book.douban.com/subject/4006425/","胡江堂、李成、唐雅薇、秦琴、蒋宇东、刘未鹏、居振梁、刘帅、温卫斌、张弦、张凯峰、庄表伟、宋劲杉、程露、黄小明、易晓东、简朝阳、林健、高昂、徐宥、辜新星 / 电子工业出版社 / 2009 / 29.80","7.8","1888"
"5c6e8334a620d52b3423cf0c","C专家编程","https://book.douban.com/subject/2377310/","Peter Van Der Linden / 徐波 / 人民邮电出版社 / 2008-2 / 45.00元","9.2","1852"
"5c6e8335a620d52b3423d069","走出软件作坊","https://book.douban.com/subject/3319935/","阿朱 / 电子工业出版社 / 2009-1 / 39.80","8.2","1817"
"5c6e8334a620d52b3423cee4","大话设计模式","https://book.douban.com/subject/2334288/","程杰 / 清华大学出版社 / 2007-12-1 / 45.00元","8.3","1800"
"5c6e8335a620d52b3423cfed","图解HTTP","https://book.douban.com/subject/25863515/","【日】上野宣 / 于均良 / 人民邮电出版社 / 2014-4-15 / 49.00元","8.1","1788"
"5c6e8335a620d52b3423cfd1","程序员的思维修炼","https://book.douban.com/subject/5372651/","Andy Hunt / 崔康 / 人民邮电出版社 / 2010-12-10 / 39.00元","8.4","1754"
"5c6e8334a620d52b3423cf4c","JavaScript语言精粹","https://book.douban.com/subject/3590768/","Douglas Crockford / 赵泽欣、鄢学鹍 / 电子工业出版社 / 2009-4 / 35.00元","9.1","1729"
"5c6e8334a620d52b3423cf1b","C Primer Plus","https://book.douban.com/subject/1240002/","Stephen Prata、云巅工作室 / 云巅工作室 / 人民邮电出版社 / 2005-2-1 / 60.00元","9.1","1715"
"5c6e8334a620d52b3423cf47","Python基础教程（第2版）","https://book.douban.com/subject/4866934/","Magnus Lie Hetland / 司维、曾军崴、谭颖华 / 人民邮电出版社 / 2010-7 / 69.00元","8","1711"
"5c6e8334a620d52b3423cf17","机器学习","https://book.douban.com/subject/26708119/","周志华 / 清华大学出版社 / 2016-1-1 / 88.00元","8.7","1695"
"5c6e8334a620d52b3423ceeb","数据结构与算法分析","https://book.douban.com/subject/1139426/","维斯 / 冯舜玺 / 机械工业出版社 / 2004-1-1 / 35.00元","8.9","1687"
"5c6e8335a620d52b3423cfd2","人工智能","https://book.douban.com/subject/27015112/","李开复、王咏刚 / 文化发展出版社 / 2017-5-10 / CNY 55.00","7.3","1645"
"5c6e8334a620d52b3423cf1e","硅谷之谜","https://book.douban.com/subject/26665230/","吴军 / 人民邮电出版社 / 2015-12-1 / 59.00","8.5","1630"
"5c6e8334a620d52b3423cef0","统计学习方法","https://book.douban.com/subject/10590856/","李航 / 清华大学出版社 / 2012-3 / 38.00元","9","1625"
"5c6e8335a620d52b3423d039","MacTalk 人生元编程","https://book.douban.com/subject/25826578/","池建强 / 人民邮电出版社 / 2014-2-1 / 45","7","1591"
"5c6e8335a620d52b3423cfb5","复杂","https://book.douban.com/subject/6749832/","梅拉妮·米歇尔 / 唐璐 / 湖南科学技术出版社 / 2011-8-1 / 38.00元","9","1561"
"5c6e8335a620d52b3423cfd7","重构","https://book.douban.com/subject/4262627/","Martin Fowler / 熊节 / 人民邮电出版社 / 2010 / 69.00元","9.1","1543"
"5c6e8334a620d52b3423cf41","Effective java 中文版（第2版）","https://book.douban.com/subject/3360807/","Joshua Bloch / 俞黎敏 / 机械工业出版社 / 2009-1-1 / 52.00元","9.1","1477"
"5c6e8335a620d52b3423cffd","C程序设计","https://book.douban.com/subject/1679623/","谭浩强 / 清华大学出版社 / 2005-7-1 / 26.00元","7","1456"
"5c6e8334a620d52b3423cf07","深入浅出数据分析","https://book.douban.com/subject/5257905/","Michael Milton / 李芳 / 电子工业出版社 / 2009 / 88.00元","7.5","1453"
"5c6e8334a620d52b3423cefc","皇帝新脑","https://book.douban.com/subject/1206206/","罗杰·彭罗斯 / 许明贤、吴忠超 / 湖南科学技术出版社 / 2007-6-1 / 38.00元","8.1","1428"
"5c6e8335a620d52b3423d027","深度探索C++对象模型","https://book.douban.com/subject/1091086/","[美] Stanley B. Lippman / 侯捷 / 华中科技大学出版社 / 2001-5 / 54.00元","9.1","1400"
"5c6e8334a620d52b3423cf5a","集体智慧编程","https://book.douban.com/subject/3288908/","TOBY SEGARAN / 莫映、王开福 / 电子工业出版社 / 2009-1 / 59.80元","9","1395"
"5c6e8334a620d52b3423cee2","DOOM启世录","https://book.douban.com/subject/1152971/","[美] 大卫·卡什诺 / 孙振南 / 电子工业出版社 / 2004-4 / 29.00元","9.1","1376"
"5c6e8334a620d52b3423cef2","HTTP权威指南","https://book.douban.com/subject/10746113/","David Gourley、Brian Totty / 陈涓、赵振平 / 人民邮电出版社 / 2012-9 / 109.00元","8.6","1350"
"5c6e8334a620d52b3423cf42","代码整洁之道","https://book.douban.com/subject/4199741/","[美]Robert C. Martin / 韩磊 / 人民邮电出版社 / 2010-1-1 / 59.00元","8.6","1333"
"5c6e8334a620d52b3423cf01","Python编程","https://book.douban.com/subject/26829016/","[美]埃里克·马瑟斯 / 袁国忠 / 人民邮电出版社 / 2016-7-1 / CNY 89.00","9.1","1332"
"5c6e8335a620d52b3423cf9d","奇点临近","https://book.douban.com/subject/6855803/","Ray Kurzweil / 董振华、李庆成 / 机械工业出版社 / 2011-10 / 69.00元","7.7","1329"
"5c6e8335a620d52b3423cfd3","敏捷软件开发","https://book.douban.com/subject/1140457/","Robert C. Martin / 邓辉 / 清华大学出版社 / 2003-09-01 / 59.00元","9.1","1315"
"5c6e8334a620d52b3423cf92","编码的奥秘","https://book.douban.com/subject/1024570/","Charles Petzold / 伍卫国、王宣政、孙燕妮 / 机械工业出版社 / 2000-9-1 / 24.00","9.3","1309"
"5c6e8334a620d52b3423cf3e","C和指针","https://book.douban.com/subject/3012360/","Kenneth A.Reek / 徐波 / 人民邮电出版社 / 2008 年4月 / 65.00元","9","1301"
"5c6e8334a620d52b3423cf25","人月神话","https://book.douban.com/subject/2230248/","弗雷德里克.布鲁克斯 / UMLChina翻译组、汪颖 / 清华大学出版社 / 2007-9 / 48.00元","8.6","1257"
"5c6e8333a620d52b3423ced7","C陷阱与缺陷","https://book.douban.com/subject/2778632/","凯尼格 / 高巍 / 人民邮电出版社 / 2008-2-1 / 30.00元","8.9","1256"
"5c6e8334a620d52b3423cf44","C++ Primer 中文版（第 5 版）","https://book.douban.com/subject/25708312/","[美] Stanley B. Lippman、[美] Josée Lajoie、[美] Barbara E. Moo / 王刚、杨巨峰 / 电子工业出版社 / 2013-9-1 / CNY 128.00","9.4","1255"
"5c6e8335a620d52b3423cfe4","艾伦·图灵传","https://book.douban.com/subject/10522003/","[英] 安德鲁·霍奇斯 / 孙天齐 / 湖南科学技术出版社 / 2012-3-31 / 59.00元","8.4","1237"
"5c6e8335a620d52b3423cfdf","逻辑的引擎","https://book.douban.com/subject/1391740/","[美] 马丁·戴维斯 / 张卜天 / 湖南科学技术出版社 / 2005-5 / 20.00元","8.5","1213"
"5c6e8333a620d52b3423ced1","The  C Programming Language","https://book.douban.com/subject/1236999/","Brian W. Kernighan、Dennis M. Ritchie / Prentice Hall / 1988-4-1 / USD 67.00","9.6","1210"
"5c6e8335a620d52b3423d036","系统之美","https://book.douban.com/subject/11528220/","[美] 德内拉•梅多斯 / 邱昭良 / 浙江人民出版社 / 2012-8 / 56.90元","8.2","1173"
"5c6e8333a620d52b3423ced9","汇编语言（第2版）","https://book.douban.com/subject/3037562/","王爽 / 清华大学出版社 / 2008-4 / 33.00元","9.4","1167"
"5c6e8335a620d52b3423cfa3","深入理解Java虚拟机（第2版）","https://book.douban.com/subject/24722612/","周志明 / 机械工业出版社 / 2013-9-1 / 79.00元","8.9","1161"
"5c6e8334a620d52b3423cf74","Effective C++","https://book.douban.com/subject/1842426/","[美]Scott Meyers / 侯捷 / 电子工业出版社 / 2006-7 / 58.00元","9.5","1092"
"5c6e8335a620d52b3423cfb6","大话数据结构","https://book.douban.com/subject/6424904/","程杰 / 清华大学出版社 / 2011-6 / 59.00元","7.9","1068"
"5c6e8334a620d52b3423cf37","Head First Java（第二版·中文版）","https://book.douban.com/subject/2000732/","Kathy Sierra,Bert Bates 著、杨尊一 编译 张然等 改编 / 杨尊一 / 中国电力出版社 / 2007-2 / 79.00元","8.7","1064"
"5c6e8335a620d52b3423d047","精通正则表达式","https://book.douban.com/subject/2154713/","Jeffrey E. F. Friedl / 余晟 / 电子工业出版社 / 2007 / 75","8.9","1037"
"5c6e8334a620d52b3423ceee","利用Python进行数据分析","https://book.douban.com/subject/25779298/","Wes McKinney / 唐学韬 / 机械工业出版社 / 2013-11-18 / 89.00","8.5","975"
"5c6e8334a620d52b3423cf4b","MySQL必知必会","https://book.douban.com/subject/3354490/","[英] Ben Forta / 刘晓霞、钟鸣 / 人民邮电出版社 / 2009-1 / 39.00元","8.4","946"
"5c6e8334a620d52b3423cf95","Java并发编程实战","https://book.douban.com/subject/10484692/","Brian Goetz、Tim Peierls、Joshua Bloch、Joseph Bowbeer、David Holmes、Doug Lea / 童云兰 / 机械工业出版社华章公司 / 2012-2 / 69.00元","9","946"
"5c6e8335a620d52b3423cfe5","机器学习实战","https://book.douban.com/subject/24703171/","Peter Harrington / 李锐、李鹏、曲亚东、王斌 / 人民邮电出版社 / 2013-6 / 69.00元","8.2","941"
"5c6e8334a620d52b3423cf03","算法（第4版）","https://book.douban.com/subject/19952400/","塞奇威克 (Robert Sedgewick)、韦恩 (Kevin Wayne) / 谢路云 / 人民邮电出版社 / 2012-10-1 / 99.00元","9.4","920"
"5c6e8334a620d52b3423cf27","SQL必知必会","https://book.douban.com/subject/24250054/","福达 (Ben Forta) / 钟鸣、刘晓霞 / 人民邮电出版社 / 2013-5-1 / 29.00元","8.5","907"
"5c6e8334a620d52b3423cf10","程序员的数学","https://book.douban.com/subject/19949020/","结城浩 / 管杰 / 人民邮电出版社 / 2012-10 / 49.00元","7.2","905"
"5c6e8335a620d52b3423d0d1","Python学习手册","https://book.douban.com/subject/3948354/","Mark Lutz / 侯靖 / 机械工业出版社 / 2009-8 / 89.00元","8.2","882"
"5c6e8334a620d52b3423cf5b","程序员修炼之道","https://book.douban.com/subject/5387402/","Andrew Hunt、David Thomas / 马维达 / 电子工业出版社 / 2011-1 / 55.00元","8.8","880"
"5c6e8334a620d52b3423cf79","计算机网络","https://book.douban.com/subject/1179807/","Andrew S. Tanenbaum / 潘爱民 / 清华大学出版社 / 2004-8-1 / 60.00元","8.7","875"
"5c6e8335a620d52b3423d035","梦断代码","https://book.douban.com/subject/3142280/","Scott Rosenberg / 韩磊 / 电子工业出版社 / 2008.06 / 49.00元","7.8","871"
"5c6e8334a620d52b3423cf54","浪潮之巅（第三版）（上下册）","https://book.douban.com/subject/26792439/","吴军 / 人民邮电出版社 / 2016-5 / 99.00元","9.3","865"
"5c6e8335a620d52b3423d00e","卓有成效的程序员","https://book.douban.com/subject/3558788/","Neal Ford / 熊节 / 机械工业出版社 / 2009-3 / 45.00元","8.1","847"
"5c6e8335a620d52b3423d0ce","Web信息架构(第3版)","https://book.douban.com/subject/3169342/","Peter Morville、Louis Rosenfeld / 陈建勋 / 电子工业出版社 / 2008年8月 / 85.00","8.2","842"
"5c6e8335a620d52b3423cfd6","具体数学（英文版第2版）","https://book.douban.com/subject/1231910/","[美] Ronald L. Graham、Donald E. Knuth、Oren Patashnik / 机械工业出版社 / 2002-8 / 49.00元","9.5","823"
"5c6e8334a620d52b3423cf87","算法图解","https://book.douban.com/subject/26979890/","[美] Aditya Bhargava / 袁国忠 / 人民邮电出版社 / 2017-3 / 49.00元","8.4","815"
"5c6e8334a620d52b3423cf71","编译原理","https://book.douban.com/subject/3296317/","Alfred V. Aho、Monica S.Lam、Ravi Sethi、Jeffrey D. Ullman / 赵建华、郑滔、戴新宇 / 机械工业出版社 / 2008年12月 / 89.00元","9.1","814"
"5c6e8335a620d52b3423cfda","软技能","https://book.douban.com/subject/26835090/","John Sonmez / 王小刚 / 人民邮电出版社 / 2016-7 / 59.00元","8","814"
"5c6e8335a620d52b3423d030","编写可读代码的艺术","https://book.douban.com/subject/10797189/","Boswell, D.、Foucher, T. / 尹哲、郑秀雯 / 机械工业出版社 / 2012-7-10 / 59.00元","8.7","800"
"5c6e8334a620d52b3423cf2a","代码的未来","https://book.douban.com/subject/24536403/","[日] 松本行弘 / 周自恒 / 人民邮电出版社 / 2013-6 / 79.00元","7.8","798"
"5c6e8335a620d52b3423d004","计算机网络","https://book.douban.com/subject/2970300/","谢希仁 / 电子工业出版社 / 2008-1 / 35.00元","7.9","774"
"5c6e8334a620d52b3423cee8","人工智能的未来","https://book.douban.com/subject/1834728/","Jeff Hawkins、Sandra Blakeslee / 贺俊杰、李若子、杨倩 / 陕西科学技术出版社 / 2006.1 / 18.5","8.8","772"
"5c6e8334a620d52b3423cf48","机器学习","https://book.douban.com/subject/1102235/","(美)Tom Mitchell / 曾华军、张银奎、等 / 机械工业出版社 / 2008-3 / 35.00元","8.4","766"
"5c6e8335a620d52b3423d066","Effective Java 中文版","https://book.douban.com/subject/1103015/","（美）Joshua Bloch / 潘爱民 / 机械工业出版社 / 2003-1 / 39.00元","8.9","756"
"5c6e8334a620d52b3423cef4","Python源码剖析","https://book.douban.com/subject/3117898/","陈儒 / 电子工业出版社 / 2008-6 / 69.80元","8.7","724"
"5c6e8334a620d52b3423cf86","图解TCP/IP : 第5版","https://book.douban.com/subject/24737674/","[日]竹下隆史、[日]村山公保、[日]荒井透、[日]苅田幸雄 / 乌尼日其其格 / 人民邮电出版社 / 2013-7-1 / 69.00元","7.8","709"
"5c6e8334a620d52b3423cf59","浪潮之巅（上册）","https://book.douban.com/subject/24739213/","吴军 / 人民邮电出版社 / 2013-5-1 / 35.00元","9.1","700"
"5c6e8335a620d52b3423d056","线性代数及其应用","https://book.douban.com/subject/1425950/","（美）莱（Lay D.C.） / 刘深泉 等 / 机械工业出版社 / 2005-8-1 / 59.00元","9.1","698"
"5c6e8335a620d52b3423cfc7","算法导论（原书第3版）","https://book.douban.com/subject/20432061/","Thomas H.Cormen、Charles E.Leiserson、Ronald L.Rivest、Clifford Stein / 殷建平、徐云、王刚、刘晓光、苏明、邹恒明、王宏志 / 机械工业出版社 / 2012-12 / 128.00元","9.3","693"
"5c6e8335a620d52b3423d05a","R语言实战","https://book.douban.com/subject/20382244/","卡巴科弗 (Robert I.Kabacoff) / 高涛、肖楠、陈钢 / 人民邮电出版社 / 2013-1 / 79.00元","8.8","690"
"5c6e8334a620d52b3423cf6d","Head First HTML与CSS（第2版）","https://book.douban.com/subject/25752357/","Elisabeth Robson、Eric Freeman / 徐阳、丁小峰 / 中国电力出版社 / 2013-9 / 98.00元","9.3","662"
"5c6e8334a620d52b3423cf7a","Redis设计与实现","https://book.douban.com/subject/25900156/","黄健宏 / 机械工业出版社 / 2014-6 / 79.00","8.5","649"
"5c6e8333a620d52b3423ced6","只是为了好玩","https://book.douban.com/subject/25930025/","Linus Torvalds、David Diamond / 陈少芸 / 人民邮电出版社 / 2014-7 / 49.00 元","8.2","626"
"5c6e8335a620d52b3423cfdc","IT不再重要","https://book.douban.com/subject/3215423/","（美）尼古拉斯·卡尔 / 闫鲜宁 / 中信出版社 / 2008-10 / 29.00元","7.5","613"
"5c6e8335a620d52b3423cf9e","区块链技术驱动金融","https://book.douban.com/subject/26860970/","阿尔文德·纳拉亚南、约什·贝努、爱德华·费尔顿、安德鲁·米勒、史蒂文·戈德费德 / 林华、王勇 / 中信出版社,中信出版集团 / 2016-8-25 / CNY 79.00","8.4","605"
"5c6e8334a620d52b3423cf32","Structure and Interpretation of Computer Programs - 2nd Edition (MIT)","https://book.douban.com/subject/1451622/","Harold Abelson、Gerald Jay Sussman / The MIT Press / 1996-7-25 / USD 145.56","9.6","603"
"5c6e8335a620d52b3423d0bd","区块链","https://book.douban.com/subject/22993903/","长铗、韩锋 / 中信出版社 / 2016-7 / CNY 58.00","7.2","600"
"5c6e8333a620d52b3423cedd","JavaScript权威指南(第6版)","https://book.douban.com/subject/10549733/","David Flanagan / 淘宝前端团队 / 机械工业出版社 / 2012-4-1 / 139.00元","8.8","596"
"5c6e8335a620d52b3423cf99","Linux C编程一站式学习","https://book.douban.com/subject/4141733/","宋劲杉 / 电子工业出版社 / 2009-12 / 60.00元","9","596"
"5c6e8334a620d52b3423cf36","剑指Offer","https://book.douban.com/subject/6966465/","何海涛 / 电子工业出版社 / 2012-1 / 45.00元","8.3","588"
"5c6e8334a620d52b3423cf64","终极算法","https://book.douban.com/subject/26931905/","[美] 佩德罗·多明戈斯 / 黄芳萍 / 中信出版集团 / 2017-1-1 / 68.00元","7.2","586"
"5c6e8335a620d52b3423cfbd","离散数学及其应用（原书第5版）","https://book.douban.com/subject/2130743/","[美] Kenneth H. Rosen / 袁崇义 / 机械工业出版社 / 2007-6 / 79.00元","9.1","583"
"5c6e8335a620d52b3423cfce","你不知道的JavaScript（上卷）","https://book.douban.com/subject/26351021/","[美] Kyle Simpson / 赵望野、梁杰 / 人民邮电出版社 / 2015-4 / 49.00元","9.4","571"
"5c6e8335a620d52b3423d008","The Elements of Statistical Learning","https://book.douban.com/subject/3294335/","Trevor Hastie、Robert Tibshirani、Jerome Friedman / Springer / 2009-10-1 / GBP 62.99","9.4","538"
"5c6e8334a620d52b3423cf15","黑客与画家","https://book.douban.com/subject/25724948/","[美] Paul Graham / 阮一峰 / 人民邮电出版社 / 2013-10 / 69.00元","8.9","536"
"5c6e8335a620d52b3423cff2","凤凰项目","https://book.douban.com/subject/26644070/","基恩·金 (Gene Kim)、凯文·贝尔 (Kevin Behr)、乔治·斯帕福德 (George Spafford) / 成小留 / 人民邮电出版社 / 2015-9-1 / CNY 49.00","8.7","536"
"5c6e8335a620d52b3423d03e","Word排版艺术","https://book.douban.com/subject/1193565/","侯捷 / 电子工业出版社 / 2004-10 / 48.00元","8.6","532"
"5c6e8334a620d52b3423cf67","深度学习","https://book.douban.com/subject/27087503/","[美] 伊恩·古德费洛、[加] 约书亚·本吉奥、[加] 亚伦·库维尔 / 赵申剑、黎彧君、符天凡、李凯 / 人民邮电出版社 / 2017-7-1 / 168","8.3","523"
"5c6e8334a620d52b3423cf00","冒号课堂","https://book.douban.com/subject/4031906/","郑晖 / 电子工业出版社 / 2009-10 / 65.00元","8.9","516"
"5c6e8334a620d52b3423cf35","深入理解计算机系统（原书第3版）","https://book.douban.com/subject/26912767/","Randal E.Bryant、David O'Hallaron / 龚奕利、贺莲 / 机械工业出版社 / 2016-11 / 139.00元","9.8","516"
"5c6e8335a620d52b3423cfeb","微服务设计","https://book.douban.com/subject/26772677/","[英] Sam Newman / 崔力强、张　骏 / 人民邮电出版社 / 2016-5 / 69.00元","8.2","514"
"5c6e8335a620d52b3423cffc","锋利的jQuery","https://book.douban.com/subject/10792216/","单东林、张晓菲、魏然 / 人民邮电出版社 / 2012-7-1 / 49.00元","8.4","512"
"5c6e8334a620d52b3423cf89","Effective C++","https://book.douban.com/subject/5387403/","梅耶 (Scott Meyers) / 侯捷 / 电子工业出版社 / 2011-1-1 / 65.00元","9.6","511"
"5c6e8335a620d52b3423d010","谁说大象不能跳舞(珍藏版)","https://book.douban.com/subject/4178327/","郭士纳(Lou Gerstner.Jr.) / 张秀琴、音正权 / 中信出版社 / 2010-1-1 / 38.00元","8.3","507"
"5c6e8335a620d52b3423d045","数据挖掘概念与技术","https://book.douban.com/subject/2038599/","(加)Jiawei Han;Micheline Kamber / 范明、孟小峰 / 机械工业 / 2007-3 / 55.00元","7.7","507"
"5c6e8335a620d52b3423d0a7","别怕，Excel VBA其实很简单","https://book.douban.com/subject/19952184/","Excel之家 (Excel Home) / 人民邮电出版社 / 2012-10-1 / 49.00元","8.2","497"
"5c6e8335a620d52b3423cfe3","未来之路","https://book.douban.com/subject/1205456/","比尔・盖茨 / 辜正坤 / 北京大学出版社 / 1996-01 / 20.00","7.9","495"
"5c6e8335a620d52b3423cfe9","算法","https://book.douban.com/subject/10432347/","Robert Sedgewick、Kevin Wayne / 人民邮电出版社 / 2012-3 / 99.00元","9.3","493"
"5c6e8335a620d52b3423d049","测试驱动开发","https://book.douban.com/subject/1230036/","Kent Beck / 孙平平、张小龙 / 中国电力出版社 / 2004-4-1 / 28.00元","8.2","487"
"5c6e8334a620d52b3423cf33","网络是怎样连接的","https://book.douban.com/subject/26941639/","[日]户根勤 / 周自恒 / 人民邮电出版社 / 2017-1-1 / CNY 49.00","9.2","480"
"5c6e8334a620d52b3423cf94","浪潮之巅（下册）","https://book.douban.com/subject/24740308/","吴军 / 人民邮电出版社 / 2013-6 / 45.00元","9.2","477"
"5c6e8334a620d52b3423cf12","Java核心技术·卷1：基础知识（原书第9版）","https://book.douban.com/subject/25762168/","（美）Cay S. Horstmann、（美）Gary Cornell / 周立新、陈波、叶乃文、邝劲筠、杜永萍 / 机械工业出版社 / 2013-11-1 / 119.00","8.3","472"
"5c6e8335a620d52b3423d097","写给大家看的设计书（第4版）","https://book.douban.com/subject/26664522/","Robin Williams / 苏金国、李盼 / 人民邮电出版社 / 2016-1 / 59.00元","8.8","472"
"5c6e8335a620d52b3423d00c","深入浅出统计学","https://book.douban.com/subject/7056708/","Dawn Griffiths / 李芳 / 电子工业出版社 / 2011-1-1 / 89.00元","8.5","466"
"5c6e8335a620d52b3423d0c2","这就是搜索引擎","https://book.douban.com/subject/7006719/","张俊林 / 电子工业出版社 / 2012-1-1 / 45.00元","8","465"
"5c6e8334a620d52b3423cf85","程序设计实践","https://book.douban.com/subject/1173548/","[美] Brian W. Kernighan、Rob Pike / 裘宗燕 / 机械工业出版社 / 2000-8 / 20.00元","9.1","461"
"5c6e8335a620d52b3423cfe6","计算机程序设计艺术（第1卷）","https://book.douban.com/subject/1130500/","[美] Donald E. Knuth / 清华大学出版社 / 2002-9 / 80.00元","9.4","459"
"5c6e8336a620d52b3423d0e4","数据挖掘导论","https://book.douban.com/subject/5377669/","Pang-Ning Tan、Michael Steinbach、Vipin Kumar / 范明、范宏建 / 人民邮电出版社 / 2010-12-10 / 69.00元","8.2","448"
"5c6e8335a620d52b3423d007","高性能MySQL","https://book.douban.com/subject/23008813/","施瓦茨 (Baron Schwartz)、扎伊采夫 (Peter Zaitsev)、特卡琴科 (Vadim Tkachenko) / 宁海元、周振兴、彭立勋、翟卫祥,刘辉 / 电子工业出版社 / 2013-5-1 / 128.00元","9.4","443"
"5c6e8335a620d52b3423cfb0","Introduction to Algorithms, 3rd Edition","https://book.douban.com/subject/3904676/","Thomas H. Cormen、Charles E. Leiserson、Ronald L. Rivest、Clifford Stein / The MIT Press / 2009-7-31 / USD 94.00","9.5","438"
"5c6e8335a620d52b3423cfc4","编码","https://book.douban.com/subject/20260928/","查尔斯•佩措尔德 (Charles Petzold) / 左飞、薛佟佟 / 电子工业出版社 / 2012-10-1 / 59.00元","9.3","423"
"5c6e8335a620d52b3423d04b","Windows核心编程(第5版)","https://book.douban.com/subject/3235659/","Jeffrey Richter、Christophe Nasarre / 葛子昂、周靖、廖敏 / 清华大学出版社 / 2008-9 / 99.00元","9.2","423"
"5c6e8335a620d52b3423cfe0","Python编程快速上手","https://book.douban.com/subject/26836700/","Albert Sweigart / 王海鹏 / 人民邮电出版社 / 2016-7-1 / 69.00元","9.1","416"
"5c6e8334a620d52b3423cf20","密码故事","https://book.douban.com/subject/1036413/","[英] 西蒙·辛格 / 朱小蓬、林金钟 / 海南出版社 / 2001-10 / 20.00元","9.1","411"
"5c6e8335a620d52b3423d03b","An Introduction to Statistical Learning","https://book.douban.com/subject/21706191/","Gareth James、Daniela Witten、Trevor Hastie、Robert Tibshirani / Springer / 2013-8-12 / USD 79.99","9.6","410"
"5c6e8334a620d52b3423cf1f","Orange'S:一个操作系统的实现","https://book.douban.com/subject/3735649/","于渊 / 电子工业出版社 / 2009-6 / 69.00元","8.7","404"
"5c6e8334a620d52b3423cf3c","全景探秘游戏设计艺术","https://book.douban.com/subject/4837351/","Jesse Schell / 吕阳、蒋韬、唐文 / 电子工业出版社 / 2010-6 / 69.00元","9.1","404"
"5c6e8334a620d52b3423cee9","C++ Primer Plus","https://book.douban.com/subject/10789789/","Stephen Prata / 张海龙、袁国忠 / 人民邮电出版社 / 2012-6-19 / 99.00元","8.6","402"
"5c6e8334a620d52b3423cf5f","Linux多线程服务端编程","https://book.douban.com/subject/20471211/","陈硕 / 电子工业出版社 / 2013-1-15 / 89.00元","8.8","402"
"5c6e8334a620d52b3423cef6","深入理解LINUX内核(第三版)","https://book.douban.com/subject/2287506/","（美）博韦，西斯特 / 陈莉君;张琼声;张宏伟 / 中国电力出版社 / 2007-10-01 / 98.00元","8.7","397"
"5c6e8335a620d52b3423d098","编程珠玑","https://book.douban.com/subject/1910326/","Jon Bentley / 人民邮电出版社 / 2006-11 / 28.0","9.2","395"
"5c6e8334a620d52b3423cf14","啊哈!算法","https://book.douban.com/subject/25894685/","啊哈磊 / 人民邮电出版社 / 2014-6-1 / 45.00元","7.8","393"
"5c6e8334a620d52b3423cf8f","图灵的秘密","https://book.douban.com/subject/10779604/","Charles Petzold / 杨卫东 / 人民邮电出版社 / 2012-11 / 69.00元","8.8","390"
"5c6e8335a620d52b3423cfc9","算法帝国","https://book.douban.com/subject/25854872/","克里斯托弗•斯坦纳 / 李筱莹 / 人民邮电出版社 / 2014-6 / 49.00","7.2","386"
"5c6e8336a620d52b3423d0e1","设计原本","https://book.douban.com/subject/5406042/","Frederick P. Brooks, Jr. / InfoQ中文站、王海鹏、高博 / 机械工业出版社 / 2011-1-1 / 55.00元","7.7","375"
"5c6e8335a620d52b3423d018","Unix/Linux编程实践教程","https://book.douban.com/subject/1219329/","Bruce Molay、杨宗源、黄海涛 / 杨宗源、黄海涛 / 清华大学出版社 / 2004-10-1 / 56.00元","9.2","372"
"5c6e8334a620d52b3423cf13","企业IT架构转型之道：阿里巴巴中台战略思想与架构实战","https://book.douban.com/subject/27039508/","钟华 / 机械工业出版社 / 2017-4-1 / 79","8.3","370"
"5c6e8334a620d52b3423cf45","Linux内核设计与实现(原书第3版)","https://book.douban.com/subject/6097773/","Robert Love / 陈莉君、康华 / 机械工业出版社华章公司 / 2011-4-30 / 69.00元","8.6","370"
"5c6e8334a620d52b3423cf29","流畅的Python","https://book.douban.com/subject/27028517/","[巴西] Luciano Ramalho / 安道、吴珂 / 人民邮电出版社 / 2017-5-15 / 139元","9.5","368"
"5c6e8335a620d52b3423d088","程序员的呐喊","https://book.douban.com/subject/25884108/","[美]Steve Yegge / 徐旭铭 / 人民邮电出版社 / 2014-5-1 / 45.00元","8","365"
"5c6e8334a620d52b3423cf51","Designing Data-Intensive Applications","https://book.douban.com/subject/26197294/","Martin Kleppmann / O'Reilly Media / 2017-4-2 / USD 44.99","9.7","357"
"5c6e8335a620d52b3423d0b6","设计模式之禅","https://book.douban.com/subject/4260618/","秦小波 / 机械工业出版社 / 2010年3月 / 69.00元","7.5","356"
"5c6e8334a620d52b3423cf75","创新者","https://book.douban.com/subject/27009472/","[美] 沃尔特·艾萨克森 / 关嘉伟、牛小婧 / 中信出版社 / 2017-4 / 88.00元","8.6","346"
"5c6e8334a620d52b3423cf18","程序是怎样跑起来的","https://book.douban.com/subject/26365491/","[日] 矢泽久雄 / 李逢俊 / 人民邮电出版社 / 2015-4 / 39.00元","8","343"
"5c6e8335a620d52b3423d0b4","C++GUI Qt4编程","https://book.douban.com/subject/3173123/","Jasmin Blanchette、Mark Summerfield / 闫锋欣 / 电子工业出版社 / 2008-8 / 65.00元","8","342"
"5c6e8334a620d52b3423cf31","C Primer Plus（第6版）中文版","https://book.douban.com/subject/26792521/","普拉达 (Stephen Prata) / 姜佑 / 人民邮电出版社 / 2016-4-1 / CNY 89.00","9.3","341"
"5c6e8335a620d52b3423d041","系统化思维导论（银年纪念版）","https://book.douban.com/subject/1137278/","（美）杰拉尔德·温伯格 / 张佐、万起光、董菁 / 清华大学出版社 / 2003-1 / 29.80元","8.4","341"
"5c6e8335a620d52b3423cfc6","GitHub入门与实践","https://book.douban.com/subject/26462816/","[日] 大塚弘记 / 支鹏浩、刘斌 / 人民邮电出版社 / 2015-7 / 39.00元","8","337"
"5c6e8335a620d52b3423d09b","PPT炼成记","https://book.douban.com/subject/25852784/","曹将 / 中国青年出版社 / 2014-5-1 / 49.90元","8.3","335"
"5c6e8334a620d52b3423cef1","Wireshark网络分析就这么简单","https://book.douban.com/subject/26268767/","林沛满 / 人民邮电出版社 / 2014-11-6 / 39.00","8.6","334"
"5c6e8335a620d52b3423d022","Vim实用技巧","https://book.douban.com/subject/25869486/","[英] Drew Neil / 杨源、车文隆 / 人民邮电出版社 / 2014-5-1 / 59.00元","9.2","334"
"5c6e8334a620d52b3423cf22","软件测试","https://book.douban.com/subject/1801050/","[美]Ron Patton / 张小松、王珏、曹跃 / 机械工业出版社 / 2006-4 / 30.00元","7.7","331"
"5c6e8335a620d52b3423cff1","UNIX网络编程 卷1：套接字联网API（第3版）","https://book.douban.com/subject/4859464/","W.Richard Stevens、Bill Fenner、Andrew M. Rudoff / 杨继张 / 人民邮电出版社 / 2010-6 / 129.00元","9.3","331"
"5c6e8335a620d52b3423cffa","Python网络数据采集","https://book.douban.com/subject/26740503/","米切尔 (Ryan Mitchell) / 陶俊杰、陈小莉 / 人民邮电出版社 / 2016-3-1 / CNY 59.00","7.7","330"
"5c6e8334a620d52b3423cf05","未来世界的幸存者","https://book.douban.com/subject/30259509/","阮一峰 / 人民邮电出版社 / 2018-6-1 / 39.00 元","8.1","324"
"5c6e8334a620d52b3423cee5","Spring实战（第4版）","https://book.douban.com/subject/26767354/","Craig Walls 沃尔斯 / 张卫滨 / 人民邮电出版社 / 2016-4-1 / CNY 89.00","8.4","320"
"5c6e8334a620d52b3423cf8a","计算机网络（第6版）","https://book.douban.com/subject/26176870/","[美] James F.Kurose、[美] Keith W.Ross / 陈鸣 / 机械工业出版社 / 2014-10 / 79.00元","8.9","320"
"5c6e8334a620d52b3423cf39","C程序设计(第四版)","https://book.douban.com/subject/4864940/","谭浩强 / 清华大学出版社 / 2010-6-1 / 33.00元","6.7","319"
"5c6e8335a620d52b3423cf9c","C语言程序设计","https://book.douban.com/subject/4279678/","K. N. King / 吕秀锋、黄倩 / 人民邮电出版社 / 2010-4 / 79.00元","9.4","318"
"5c6e8335a620d52b3423d04e","奇思妙想","https://book.douban.com/subject/10432364/","Dennis E. Shasha、Cathy A. Lazere / 向怡宁 / 人民邮电出版社 / 2012-3 / 32.00元","8.1","311"
"5c6e8334a620d52b3423cf40","社会工程","https://book.douban.com/subject/25768304/","海德纳吉 (Christopher Hadnagy) / 陆道宏、杜娟、邱璟 / 人民邮电出版社 / 2013-12 / 59.00元","7.8","310"
"5c6e8334a620d52b3423ceef","The Pragmatic Programmer","https://book.douban.com/subject/1417047/","Andrew Hunt、David Thomas / Addison-Wesley Professional / 1999-10-30 / USD 49.99","8.9","306"
"5c6e8335a620d52b3423d0b3","The Art of Deception","https://book.douban.com/subject/1498757/","Kevin D. Mitnick / Wiley / 2003-10-17 / USD 16.95","8.2","304"
"5c6e8335a620d52b3423cfaa","世界是数字的","https://book.douban.com/subject/24749903/","[美] Brian W. Kernighan / 李松峰、徐建刚 / 人民邮电出版社 / 2013-6 / 49.00","8.3","303"
"5c6e8334a620d52b3423cf3a","计算机是怎样跑起来的","https://book.douban.com/subject/26397183/","[日] 矢泽久雄 / 胡屹 / 人民邮电出版社 / 2015-5 / 39.00元","7.5","301"
"5c6e8334a620d52b3423cf4f","The Linux Command Line","https://book.douban.com/subject/6806862/","William E. Shotts Jr. / No Starch Press, Incorporated / 2012-1-17 / USD 39.95","9.3","296"
"5c6e8334a620d52b3423cf52","深入理解计算机系统","https://book.douban.com/subject/1896753/","（美）Randal E.Bryant, David R.O'Hallaron / 电子工业出版社 / 2006-7 / 89.00元","9.7","295"
"5c6e8335a620d52b3423d0b5","大师之路","https://book.douban.com/subject/2327417/","赵鹏 / 人民邮电出版社 / 2007-12 / 79.00元","9.3","294"
"5c6e8334a620d52b3423cf3d","反欺骗的艺术","https://book.douban.com/subject/25962840/","(美) 米特尼克(Mitnick, K. D.) / 潘爱民 / 清华大学出版社 / 2014-7-1 / 49.80元","7.6","291"
"5c6e8336a620d52b3423d0e0","信息规则","https://book.douban.com/subject/1011731/","[美] 卡尔・夏皮罗(Carl Shapiro)、[美] 哈尔・瓦里安(Hal Varian) / 张帆 / 中国人民大学出版社 / 2000-6 / 33.00元","9","290"
"5c6e8334a620d52b3423cf58","计算机科学导论","https://book.douban.com/subject/1142213/","Behrouz A.Forouzan / 刘艺 / 机械工业出版社 / 2009-1 / 30.00元","8.2","289"
"5c6e8334a620d52b3423cf7d","穿越计算机的迷雾","https://book.douban.com/subject/5432475/","李忠 / 电子工业出版社 / 2011-1 / 36.00元","8.9","287"
"5c6e8334a620d52b3423cf56","Hands-On Machine Learning with Scikit-Learn and TensorFlow","https://book.douban.com/subject/26840215/","Aurélien Géron / O'Reilly Media / 2017-1-25 / USD 49.99","9.3","285"
"5c6e8334a620d52b3423cf84","人工智能简史","https://book.douban.com/subject/27193496/","尼克 / 人民邮电出版社 / 2017-12-1 / CNY 49.00","7","285"
"5c6e8335a620d52b3423d0ac","入侵的艺术","https://book.douban.com/subject/1962588/","Kevin D.Mitnick、William L.Simon / 袁月杨、谢衡 / 清华大学 / 2007-1 / 39.00元","7.7","285"
"5c6e8334a620d52b3423cf68","图解密码技术","https://book.douban.com/subject/26265544/","[日] 结城浩 / 周自恒 / 人民邮电出版社 / 2014-12 / 79.00元","9.1","283"
"5c6e8334a620d52b3423cf1a","算法之美","https://book.douban.com/subject/30155731/","[美]布莱恩·克里斯汀、[美]汤姆·格里菲思 / 万慧、胡小锐 / 中信出版集团 / 2018-5-20 / 59.00","7.4","282"
"5c6e8335a620d52b3423d06e","编程之魂","https://book.douban.com/subject/4719230/","Federico Biancuzzi、Shane Warden / 闫怀志 / 电子工业出版社 / 2010-04 / 59.80元","7.5","280"
"5c6e8334a620d52b3423cf6c","代码之髓","https://book.douban.com/subject/25927585/","[日] 西尾泰和 / 曾一鸣 / 人民邮电出版社 / 2014-8 / 45.00元","8","279"
"5c6e8335a620d52b3423d096","企业应用架构模式","https://book.douban.com/subject/4826290/","Martin Fowler / 王怀民、周斌 / 机械工业出版社 / 2010-4 / 59.00元","8.3","279"
"5c6e8335a620d52b3423cff6","科学的极致：漫谈人工智能","https://book.douban.com/subject/26546914/","集智俱乐部 / 人民邮电出版社 / 2015-7 / 49.00元","8.2","277"
"5c6e8334a620d52b3423cf63","第一行代码：Android（第2版）","https://book.douban.com/subject/26915433/","郭霖 / 人民邮电出版社 / 2016-12-1 / CNY 79.00","8.5","274"
"5c6e8334a620d52b3423cf0e","30天自制操作系统","https://book.douban.com/subject/11530329/","[日] 川合秀实 / 周自恒、李黎明、曾祥江、张文旭 / 人民邮电出版社 / 2012-8 / 99.00元","8.2","272"
"5c6e8334a620d52b3423cf8e","计算机科学概论（第11版）","https://book.douban.com/subject/6862061/","J. Glenn Brookshear / 刘艺、肖成海、马小会、毛倩倩 / 人民邮电出版社 / 2011-10-1 / 69.00元","9.2","272"
"5c6e8335a620d52b3423cfdd","Java并发编程的艺术","https://book.douban.com/subject/26591326/","方腾飞、魏鹏、程晓明 / 机械工业出版社 / 2015-7-1 / 59.00元","7.3","269"
"5c6e8335a620d52b3423d08f","Photoshop Lab修色圣典","https://book.douban.com/subject/2122484/","[美] Dan Margulis / 袁鹏飞 / 人民邮电出版社 / 2007-1 / 128.00元","8.7","267"
"5c6e8333a620d52b3423cede","Java 8实战","https://book.douban.com/subject/26772632/","厄马(Raoul-Gabriel Urma)、弗斯科(Mario Fusco)、米克罗夫特(Alan Mycroft) / 陆明刚、劳佳 / 人民邮电出版社 / 2016-4-1 / CNY 79.00","9.2","266"
"5c6e8335a620d52b3423cfcf","Effective Java: Second Edition","https://book.douban.com/subject/2696119/","Joshua Bloch / Addison-Wesley / 2008-05-28 / USD 54.99","9.3","261"
"5c6e8335a620d52b3423d078","CSS设计指南","https://book.douban.com/subject/23123255/","史密斯 / 李松峰 / 人民邮电出版社 / 2013-5 / 59.00元","8.7","260"
"5c6e8335a620d52b3423cfb7","计算机组成与设计硬件/软件接口","https://book.douban.com/subject/2110638/","[美] David A.Patterson、John L.Hennessy / 郑纬民 / 机械工业出版社 / 2007-4 / 75.00元","9.4","258"
"5c6e8335a620d52b3423d01e","CSS揭秘","https://book.douban.com/subject/26745943/","[希] Lea Verou / CSS魔法 / 人民邮电出版社 / 2016-4 / 99.00元","9.4","256"
"5c6e8336a620d52b3423d0e7","C语言入门经典","https://book.douban.com/subject/3043693/","霍顿 (Ivor Horton) / 清华大学出版社 / 2008-4-1 / 69.80元","8.6","253"
"5c6e8335a620d52b3423d03a","More Effective C++（中文版）","https://book.douban.com/subject/5908727/","梅耶(Scott Meyers) / 侯捷 / 电子工业出版社 / 2011-1-1 / 59.00元","9.2","251"
"5c6e8335a620d52b3423d085","Android开发艺术探索","https://book.douban.com/subject/26599538/","任玉刚 / 电子工业出版社 / 2015-9-1 / CNY 79.00","8.3","250"
"5c6e8335a620d52b3423d0b7","程序开发心理学","https://book.douban.com/subject/1141154/","（美）杰拉尔德·温伯格 / 邓俊辉 / 清华大学出版社 / 2004-1-1 / 39.00元","8.3","249"
"5c6e8334a620d52b3423cf88","具体数学","https://book.douban.com/subject/21323941/","Ronald L.Graham、Oren Patashnik、Donald E.Knuth / 张凡、张明尧 / 人民邮电出版社 / 2013-4-1 / 99.00元","9.6","244"
"5c6e8335a620d52b3423d0c1","学习OpenCV（中文版）","https://book.douban.com/subject/4033320/","Gary Bradski、Adrian Kaehler / 于仕琪、刘瑞祯 / 清华大学出版社 / 2009-10-1 / 75.00元","8.2","242"
"5c6e8334a620d52b3423cf93","深入Linux内核架构","https://book.douban.com/subject/4843567/","Wolfgang Mauerer / 郭旭 / 人民邮电出版社 / 201005 / 149.00元","8.9","241"
"5c6e8335a620d52b3423cfc5","计算机网络（第5版）","https://book.douban.com/subject/10510747/","Andrew S. Tanenbaum、David J. Wetherall / 严伟、潘爱民 / 清华大学出版社 / 2012-3-1 / 89.50元","9.1","239"
"5c6e8334a620d52b3423cf19","Spring揭秘","https://book.douban.com/subject/3897837/","王福强 / 人民邮电出版社 / 2009.8 / 99.00元","9.1","237"
"5c6e8334a620d52b3423cf73","七周七并发模型","https://book.douban.com/subject/26337939/","Paul Butcher / 黄炎 / 人民邮电出版社 / 2015-3 / 49.00元","7.8","237"
"5c6e8335a620d52b3423cfae","Java语言程序设计","https://book.douban.com/subject/6529833/","（美）  Y. Daniel Liang / 李娜 / 机械工业出版社 / 2011-6 / 75.00元","8.7","235"
"5c6e8335a620d52b3423d029","深度探索C++对象模型","https://book.douban.com/subject/10427315/","斯坦利•B.李普曼 (Stanley B. Lippman) / 侯捷 / 电子工业出版社 / 2012-1 / 69.00元","8.9","234"
"5c6e8334a620d52b3423cf78","数学女孩","https://book.douban.com/subject/26677354/","[日]结城浩 / 朱一飞 / 人民邮电出版社 / 2016-1-1 / CNY 42.00","8.9","229"
"5c6e8334a620d52b3423cf49","艾伦•图灵传","https://book.douban.com/subject/11541213/","（英）安德鲁·霍奇斯 / 孙天齐 / 湖南科学技术出版社 / 2012-8-1 / 68.00元","8.4","227"
"5c6e8335a620d52b3423cfd5","数字乌托邦","https://book.douban.com/subject/21632268/","[美]弗雷德·特纳 / 张行舟、王芳、叶富华、余倩 / 译言·东西文库／电子工业出版社 / 2013-5-1 / 49.80元","7.7","225"
"5c6e8335a620d52b3423d0d5","灵魂机器的时代","https://book.douban.com/subject/1810352/","（美）雷·库兹韦尔 / 沈志彦、祁阿红、王晓冬 / 上海译文出版社 / 2006-04-01 / 37.00","8.1","225"
"5c6e8335a620d52b3423cff3","大数据日知录","https://book.douban.com/subject/25984046/","张俊林 / 电子工业出版社 / 2014-9 / 69.00元","8.1","221"
"5c6e8335a620d52b3423cfca","Cracking the Coding Interview","https://book.douban.com/subject/10436668/","Gayle Laakmann McDowell / CareerCup / 2011-8-22 / USD 39.95","9","218"
"5c6e8335a620d52b3423cf98","数据结构与算法分析","https://book.douban.com/subject/3351237/","韦斯 (Mark Allen Weiss) / 机械工业出版社 / 2009-1-1 / 55.00元","8.6","217"
"5c6e8335a620d52b3423cfee","Tensorflow：实战Google深度学习框架","https://book.douban.com/subject/26976457/","郑泽宇、顾思宇 / 电子工业出版社 / 2017-2-10 / 79","8.2","216"
"5c6e8334a620d52b3423cf4d","人工智能","https://book.douban.com/subject/1230487/","Peter Norvig、Stuart Russell / 姜哲 / 人民邮电出版社 / 2004-6 / 85.00元","8.8","214"
"5c6e8334a620d52b3423cf6f","人月神话(40周年中文纪念版)","https://book.douban.com/subject/26358448/","(美) 布鲁克斯(Brooks, F. P.)  著 / UML China翻译组，汪颖 译 / 清华大学出版社 / 2015-4-1 / 68.00元","8.3","212"
"5c6e8335a620d52b3423cfb9","码农翻身","https://book.douban.com/subject/30231515/","刘欣 / 电子工业出版社 / 2018-6-1 / 69.00元","9.1","211"
"5c6e8334a620d52b3423cf82","操作系统设计与实现（上册）","https://book.douban.com/subject/2044818/","Andrew S. Tanenbaum、Albert S. Woodhull / 陈渝、谌卫军 / 电子工业出版社 / 2007-3 / 49.80元","9.2","208"
"5c6e8334a620d52b3423cf80","软件调试","https://book.douban.com/subject/3088353/","张银奎 / 电子工业出版社 / 2008-6 / 128.00元","8.8","206"
"5c6e8335a620d52b3423cfab","程序员面试金典（第5版）","https://book.douban.com/subject/25753386/","[美] Gayle Laakmann McDowell / 李琳骁、漆　犇 / 人民邮电出版社 / 2013-11 / 59.00","9","206"
"5c6e8335a620d52b3423cfa4","系统化思维导论","https://book.douban.com/subject/26298694/","[美] Gerald M. Weinberg / 王海鹏 / 人民邮电出版社 / 2015-1 / 59.00元","8.6","205"
"5c6e8335a620d52b3423d07b","写给大家看的设计书（第4版）","https://book.douban.com/subject/26657933/","[美] Robin Williams / 苏金国、李　盼 等 / 人民邮电出版社 / 2015-11 / 79.00元","9","205"
"5c6e8335a620d52b3423d09f","编程语言实现模式","https://book.douban.com/subject/10482195/","Terence Parr / 李袁奎、尧飘海 / 华中科技大学出版社 / 2012-3-20 / 72.00元","8.3","204"
"5c6e8336a620d52b3423d0df","高效程序的奥秘","https://book.douban.com/subject/1159177/","沃瑞恩 / 冯速 / 机械工业出版社 / 2004-5 / 28.00元","8.6","204"
"5c6e8334a620d52b3423cf30","算法竞赛入门经典（第2版）","https://book.douban.com/subject/25902102/","刘汝佳 / 清华大学出版社 / 2014-6-1 / CNY 49.80","8.9","200"
"5c6e8335a620d52b3423cfd0","MySQL技术内幕","https://book.douban.com/subject/24708143/","姜承尧 / 机械工业出版社 / 2013-5 / 79.00元","8.7","199"
"5c6e8335a620d52b3423cff4","数据库系统概念","https://book.douban.com/subject/10548379/","（美）Abraham Silberschatz、（美）Henry F.Korth、（美）S.Sudarshan / 杨冬青、李红燕、唐世渭 / 机械工业出版社 / 2012-3 / 99.00元","8.4","199"
"5c6e8335a620d52b3423d09d","Pro Git (Second Edition)","https://book.douban.com/subject/26208470/","Scott Chacon、Ben Straub / Apress / 2014-11-9 / USD 59.99","9.3","198"
"5c6e8333a620d52b3423cee1","Algorithms to Live By","https://book.douban.com/subject/26783732/","Brian Christian、Tom Griffiths / Henry Holt and Co. / 2016-4-19 / USD 30.00","8.2","196"
"5c6e8335a620d52b3423d01b","你不知道的JavaScript（中卷）","https://book.douban.com/subject/26854244/","[美] Kyle Simpson / 单业、姜南 / 人民邮电出版社 / 2016-8 / 79.00元","9","187"
"5c6e8335a620d52b3423d06a","像计算机科学家一样思考Python","https://book.douban.com/subject/25728189/","(美)Allen B.Downey / 赵普明 / 人民邮电出版社 / 2013-8 / 49","8.1","186"
"5c6e8335a620d52b3423d0d4","智能时代","https://book.douban.com/subject/25926823/","Jeff Hawkins、Sandra Blakeslee / 李蓝、刘知远 / 译言·东西文库／中国华侨出版社 / 2014-7-1 / 42.00","8.4","184"
"5c6e8335a620d52b3423cfcb","编码宝典","https://book.douban.com/subject/27077159/","[美] 尼尔·斯蒂芬森 / 刘思含、韩阳 / 新星出版社 / 2017-8 / 168.00元","9.2","183"
"5c6e8335a620d52b3423d048","Python自然语言处理","https://book.douban.com/subject/5336893/","(英)伯德、(英)克莱因、(美)洛普 / 东南大学出版社 / 2010-6 / 64.00元","8.2","183"
"5c6e8334a620d52b3423cef3","Java核心技术·卷 I（原书第10版）","https://book.douban.com/subject/26880667/","[美] 凯.S.霍斯特曼（Cay S. Horstmann） / 周立新 等 / 机械工业出版社 / 2016-9 / CNY 119.00","8","180"
"5c6e8335a620d52b3423cfde","Operating Systems","https://book.douban.com/subject/19973015/","Remzi Arpaci-Dusseau、Andrea Arpaci-Dusseau / Arpaci-Dusseau Books / 2012-8-19 / USD 21.00","9.7","175"
"5c6e8334a620d52b3423cf26","成为技术领导者","https://book.douban.com/subject/26419762/","杰拉尔德·温伯格 (Gerald M.Weinberg) / 余晟 / 电子工业出版社 / 2015-7-1 / CNY 69.00","8","173"
"5c6e8335a620d52b3423cfff","LaTeX入门","https://book.douban.com/subject/24703731/","刘海洋 / 电子工业出版社 / 2013-6-1 / CNY 79.00","8.8","169"
"5c6e8335a620d52b3423d00b","Python语言及其应用","https://book.douban.com/subject/26675127/","[美] Bill Lubanovic / 丁嘉瑞、梁杰、禹常隆 / 人民邮电出版社 / 2016-1 / 79.00元","8.5","169"
"5c6e8335a620d52b3423d0b1","Linux内核完全注释","https://book.douban.com/subject/1231236/","赵炯 / 机械工业出版社 / 2005-8 / 42.00元","8.5","168"
"5c6e8335a620d52b3423d057","编程卓越之道","https://book.douban.com/subject/1760738/","Hyde R / 韩东海 / 电子工业出版社 / 2006-4-1 / 49.80","8.3","167"
"5c6e8334a620d52b3423cf7f","数据结构（C语言版）","https://book.douban.com/subject/24699581/","严蔚敏、吴伟民 / 清华大学出版社 / 2012-5 / 29.00元","6.8","163"
"5c6e8335a620d52b3423d005","Effective Python","https://book.douban.com/subject/26709315/","布雷特·斯拉特金（Brett Slatkin） / 爱飞翔 / 机械工业出版社 / 2016-1 / 59","9","163"
"5c6e8335a620d52b3423d0a2","实现领域驱动设计","https://book.douban.com/subject/25844633/","Vaughn Vernon / 滕云 / 电子工业出版社 / 2014-3 / 99.00元","8.7","163"
"5c6e8335a620d52b3423cf9b","数据结构","https://book.douban.com/subject/25859528/","邓俊辉 / 清华大学出版社 / 2013-9 / 39.00元","9.4","161"
"5c6e8335a620d52b3423cfd4","实战Java高并发程序设计","https://book.douban.com/subject/26663605/","葛一鸣、郭超 / 电子工业出版社 / 2015-10-1 / CNY 69.00","8.3","161"
"5c6e8335a620d52b3423d03c","游戏机制","https://book.douban.com/subject/25859579/","[美] Ernest Adams、[荷] Joris Dormans / 石曦 / 人民邮电出版社 / 2014-4 / 89.00元","8.6","158"
"5c6e8334a620d52b3423cf09","汇编语言(第3版)","https://book.douban.com/subject/25726019/","王爽 / 清华大学出版社 / 2013-9 / 36.00元","9.2","157"
"5c6e8335a620d52b3423d05b","On Intelligence","https://book.douban.com/subject/1356949/","Jeff Hawkins、Sandra Blakeslee / Times Books / 2004-10-03 / USD 25.00","8.8","157"
"5c6e8334a620d52b3423cf50","计算机与人脑","https://book.douban.com/subject/4871292/","冯·诺伊曼 / 甘子玉 / 北京大学出版社 / 2010-6 / 34.00元","8.2","156"
"5c6e8334a620d52b3423cf81","Linux/UNIX系统编程手册","https://book.douban.com/subject/25809330/","Michael Kerrisk / 孙剑 许从年 董健、孙余强 郭光伟 陈舸 / 人民邮电出版社 / 2014-1 / 158","9.3","156"
"5c6e8335a620d52b3423cfec","C语言编程：一本全面的C语言入门教程（第三版）","https://book.douban.com/subject/1786294/","（美）Stephen Kochan / 张小潘 / 电子社博文视点资讯有限公司 / 2006年 / 59.00元","8.8","156"
"5c6e8334a620d52b3423cf3b","Java性能优化权威指南","https://book.douban.com/subject/25828043/","Charlie Hunt、Binu John / 柳飞、陆明刚 / 人民邮电出版社 / 2014-3 / 109.00 元","8.4","155"
"5c6e8334a620d52b3423cf7c","剑指Offer","https://book.douban.com/subject/25910559/","何海涛 / 电子工业出版社 / 2014-6-1 / CNY 55.00","9.2","155"
"5c6e8335a620d52b3423d009","七周七数据库","https://book.douban.com/subject/24737847/","[美]Eric Redmond / 王海鹏、田思源、王晨 / 人民邮电出版社 / 2013-5-30 / CNY 59.00","7.1","153"
"5c6e8334a620d52b3423cf55","第一本Docker书 修订版","https://book.douban.com/subject/26780404/","詹姆斯·特恩布尔 (James Turnbull) / 李兆海、刘斌、巨震 / 人民邮电出版社 / 2016-4-1 / CNY 59.00","8.2","152"
"5c6e8334a620d52b3423cf28","Python Cookbook 中文版，第 3 版","https://book.douban.com/subject/26381341/","David M. Beazley、Brian K. Jones / 陈舸 / 人民邮电出版社 / 2015-5-1 / 108.00元","9.3","151"
"5c6e8335a620d52b3423d000","UNIX网络编程 卷2","https://book.douban.com/subject/4118577/","W.Richard Stevens / 人民邮电出版社 / 2009-11 / 89.00元","9.4","150"
"5c6e8335a620d52b3423d089","Redis开发与运维","https://book.douban.com/subject/26971561/","付磊、张益军 / 机械工业出版社 / 2017-3-1 / 89.00","9","150"
"5c6e8334a620d52b3423cf70","领域驱动设计","https://book.douban.com/subject/5344973/","埃文斯 / 赵俐、盛海艳、刘霞 / 人民邮电出版社 / 2010-11 / 69.00元","9.1","148"
"5c6e8335a620d52b3423cfa7","计算机系统要素","https://book.douban.com/subject/1998341/","Noam Nisan、Shimon Schocken / 周维、宋磊、陈曦 / 电子工业出版社 / 2007-01-01 / 45.00元","9.1","147"
"5c6e8335a620d52b3423d093","UNIX操作系统设计","https://book.douban.com/subject/1035710/","Maurice J.Bach / 陈葆珏 / 机械工业出版社 / 2000-4 / 35.00元","9.1","147"
"5c6e8335a620d52b3423d0c3","Real-Time Rendering, Third Edition","https://book.douban.com/subject/3213439/","Tomas Akenine-Moller、Eric Haines、Naty Hoffman / A K Peters/CRC Press / 2008-7-25 / USD 102.95","9.8","147"
"5c6e8335a620d52b3423d080","Java程序性能优化","https://book.douban.com/subject/19969386/","葛一鸣 / 清华大学出版社 / 2012-9-1 / 59.00元","8.1","146"
"5c6e8335a620d52b3423cfa8","计算的本质","https://book.douban.com/subject/26148763/","[英] Tom Stuart / 张伟 / 人民邮电出版社 / 2014-11 / 69.00元","8.7","145"
"5c6e8334a620d52b3423cf76","架构即未来：现代企业可扩展的Web架构、流程和组织(原书第2版)","https://book.douban.com/subject/26765979/","Martin L. Abbott、Michael T. Fisher / 陈斌 / 机械工业出版社 / 2016-4-15 / 99.00","8.2","143"
"5c6e8334a620d52b3423cf02","调试九法","https://book.douban.com/subject/5376270/","David J.Agans / 赵俐 / 人民邮电出版社 / 2010-12-7 / 35.00元","9.1","142"
"5c6e8334a620d52b3423cf53","性能之巅","https://book.douban.com/subject/26586598/","Brendan Gregg / 徐章宁、吴寒思、陈磊 / 电子工业出版社 / 2015-8-15 / 128","8.7","141"
"5c6e8335a620d52b3423d067","Learning From Data","https://book.douban.com/subject/11026330/","Yaser S. Abu-Mostafa、Malik Magdon-Ismail、Hsuan-Tien Lin / AMLBook / 2012-3-27 / USD 48.00","9.4","138"
"5c6e8335a620d52b3423d072","大数据之路","https://book.douban.com/subject/27074564/","阿里巴巴数据技术及产品部 / 电子工业出版社 / 2017-7-1 / CNY 79.00","7.8","138"
"5c6e8335a620d52b3423d0a8","Go语言学习笔记","https://book.douban.com/subject/26832468/","雨痕 / 电子工业出版社 / 2016-6 / 89","8.1","138"
"5c6e8336a620d52b3423d0ee","Hadoop技术内幕","https://book.douban.com/subject/24375031/","董西成 / 机械工业出版社 / 2013-5 / 69.00元","8.4","138"
"5c6e8335a620d52b3423cfad","Python 3网络爬虫开发实战","https://book.douban.com/subject/30175598/","崔庆才 / 人民邮电出版社 / 2018-4 / 99","9.1","136"
"5c6e8335a620d52b3423d046","The Practice of Programming","https://book.douban.com/subject/1459281/","Brian W. Kernighan、Rob Pike / Addison-Wesley / 1999-2-14 / USD 49.99","9.4","135"
"5c6e8335a620d52b3423d060","图解机器学习","https://book.douban.com/subject/26363531/","杉山将 / 许永伟 / 人民邮电出版社 / 2015-4 / 49","6.4","134"
"5c6e8334a620d52b3423cf69","Spring Cloud微服务实战","https://book.douban.com/subject/27025912/","翟永超 / 电子工业出版社 / 2017-5 / 89","7.9","132"
"5c6e8334a620d52b3423cf77","Python深度学习","https://book.douban.com/subject/30293801/","[美] 弗朗索瓦•肖莱 / 张亮 / 人民邮电出版社 / 2018-8 / 119.00元","9.8","132"
"5c6e8335a620d52b3423d020","编程精粹","https://book.douban.com/subject/3406939/","Steve Maguire / 人民邮电出版社 / 2009.2 / 45.00元","9.1","132"
"5c6e8334a620d52b3423cf4a","深度学习入门","https://book.douban.com/subject/30270959/","[ 日］  斋藤康毅 / 陆宇杰 / 人民邮电出版社 / 2018-7 / 59.00元","9","131"
"5c6e8333a620d52b3423ced8","码出高效：Java开发手册","https://book.douban.com/subject/30333948/","杨冠宝、高海慧 / 电子工业出版社 / 2018-10 / 99.00元","8.8","130"
"5c6e8333a620d52b3423cedc","黑客攻防技术宝典（第2版）","https://book.douban.com/subject/10793814/","[英] Dafydd Stuttard、[英] Marcus Pinto / 石华耀、傅志红 / 人民邮电出版社 / 2012-6-26 / 99.00元","8.6","130"
"5c6e8335a620d52b3423d087","JavaScript","https://book.douban.com/subject/5303032/","David Flanagan / O'Reilly Media / 2011-5-13 / GBP 39.99","9.4","130"
"5c6e8335a620d52b3423d023","面向对象分析与设计","https://book.douban.com/subject/3892590/","Grady Booch、Robert A. Maksimchuk、Michael W. Engel、Bobbi J. Young、Jim Conallen、Kelli A. Houston / 王海鹏、潘加宇 / 人民邮电出版社 / 2009-8 / 79.00元","8.5","129"
"5c6e8335a620d52b3423d02e","Debug Hacks中文版","https://book.douban.com/subject/6799412/","吉岡弘隆、大和一洋、大岩尚宏、安部東洋、吉田俊輔 / 马晶慧 / 电子工业出版社 / 2011-8 / 69.00元","8.3","127"
"5c6e8335a620d52b3423cfbf","Go程序设计语言","https://book.douban.com/subject/27044219/","艾伦 A. A. 多诺万 / 李道兵、高博、庞向才、金鑫鑫、林齐斌 / 机械工业出版社 / 2017-5 / 79","9.1","126"
"5c6e8335a620d52b3423d034","现代编译原理","https://book.douban.com/subject/1806974/","(美)安佩尔 / 赵克佳、黄春、沈志宇 / 人民邮电出版社 / 2006-4 / 45.00元","8.5","126"
"5c6e8335a620d52b3423d0db","CSS世界","https://book.douban.com/subject/27615777/","张鑫旭 / 人民邮电出版社 / 2017-12 / CNY 69.00","7.8","126"
"5c6e8334a620d52b3423cf2d","程序员的数学2","https://book.douban.com/subject/26593822/","平冈和幸、堀玄 / 陈筱烟 / 人民邮电出版社 / 2015-8-1 / CNY 79.00","8.8","124"
"5c6e8335a620d52b3423d073","Learn Python the Hard Way","https://book.douban.com/subject/10486432/","Zed Shaw / Example Product Manufacturer / 2011","8.3","122"
"5c6e8335a620d52b3423d0d0","凸优化","https://book.douban.com/subject/21249088/","Stephen Boyd、Lieven Vandenberghe / 王书宁、许鋆、黄晓霖 / 清华大学出版社 / 2013-1 / 99.00元","9.5","122"
"5c6e8335a620d52b3423d0a1","Spring技术内幕（第2版）","https://book.douban.com/subject/10470970/","计文柯 / 机械工业出版社 / 2012-2 / 69.00元","5.9","121"
"5c6e8335a620d52b3423d01f","硅谷革命","https://book.douban.com/subject/27124848/","Andy Hertzfeld / 薛命灯 / 电子工业出版社 / 2017-9-1 / 89","8.5","118"
"5c6e8335a620d52b3423d01c","领域驱动设计","https://book.douban.com/subject/26819666/","[美] Eric Evans / 赵俐、盛海艳、刘霞 / 人民邮电出版社 / 2016-6-1 / 69","8","117"
"5c6e8335a620d52b3423d0bb","敏捷估计与规划","https://book.douban.com/subject/2188111/","[美] Mike Cohn / 宋锐 / 清华大学出版社 / 2007-7 / 39.90元","8.6","117"
"5c6e8335a620d52b3423cfa1","计算机组成与设计","https://book.douban.com/subject/10441748/","（美）David A.Patterson、（美）John L.Hennessy / 康继昌、樊晓桠、安建峰 / 机械工业出版社 / 2012-1 / 99.00元","9","116"
"5c6e8335a620d52b3423d07a","函数式编程思维","https://book.douban.com/subject/26587213/","[美] Neal Ford / 郭晓刚 / 人民邮电出版社 / 2015-8 / 49.00元","7.5","116"
"5c6e8334a620d52b3423cf6e","程序员的数学3","https://book.douban.com/subject/26740548/","[日] 平冈和幸、[日] 堀玄 / 卢晓南 / 人民邮电出版社 / 2016-3 / 79.00元","8.6","114"
"5c6e8335a620d52b3423cfc1","统计学习理论的本质","https://book.douban.com/subject/1507931/","[美] Vladimir N. Vapnik / 张学工 / 清华大学出版社 / 2000 / 27.00元","9","114"
"5c6e8335a620d52b3423d017","代码整洁之道:程序员的职业素养","https://book.douban.com/subject/26919457/","罗伯特·C.马丁 (Robert C.Martin) / 余晟、章显洲 / 人民邮电出版社 / 2016-9-1 / 49.00元","8.8","114"
"5c6e8335a620d52b3423cfc2","人工智能基础","https://book.douban.com/subject/30209224/","汤晓鸥、陈玉琨 / 华东师范大学出版社 / 2018-4-1 / 35.00元","8.5","113"
"5c6e8335a620d52b3423d0b2","控制论","https://book.douban.com/subject/3805815/","N.维纳 (Wiener.N.) / 郝季仁 / 科学出版社 / 2009-6 / 38.00元","9","113"
"5c6e8334a620d52b3423cee7","Docker——容器与容器云","https://book.douban.com/subject/26593175/","浙江大学SEL实验室 / 人民邮电出版社 / 2015-9-1 / 89.00元","8.2","112"
"5c6e8334a620d52b3423cf62","信息论基础","https://book.douban.com/subject/2305237/","[美]ThomasM.Cove / 阮吉寿、张华 / 机械工业出版社 / 2008-1 / 58.00元","9.1","112"
"5c6e8335a620d52b3423d003","wireshark网络分析的艺术","https://book.douban.com/subject/26710788/","林沛满 / 人民邮电出版社 / 2016-2-1 / 45.00元","8.6","112"
"5c6e8335a620d52b3423d013","了不起的Node.js","https://book.douban.com/subject/25767596/","劳奇 (Guillermo Rauch) / 赵静 / 电子工业出版社 / 2014-1 / 79.00元","7.4","112"
"5c6e8334a620d52b3423cef8","The Art of Computer Programming, Volumes 1-3 Boxed Set","https://book.douban.com/subject/1418402/","Donald E. Knuth / Addison-Wesley Professional / 1998-10-15 / USD 199.99","9.5","111"
"5c6e8335a620d52b3423d025","编程卓越之道","https://book.douban.com/subject/2082177/","海德 / 张菲 / 电子工业出版社 / 2007-4 / 69.00元","8.3","111"
"5c6e8335a620d52b3423d0b0","搜索引擎","https://book.douban.com/subject/4861766/","W.Bruce Croft、Donald Metzler、Trevor Strohman / 刘挺、秦兵、张宇、车万翔 / 机械工业出版社 / 2010-6-1 / 56.00元","8.5","111"
"5c6e8335a620d52b3423d02d","操作系统之哲学原理(第2版)","https://book.douban.com/subject/10528447/","邹恒明 / 机械工业出版社华章公司 / 2012-3 / 69.00元","8.2","108"
"5c6e8335a620d52b3423cfc0","图解密码技术（第3版）","https://book.douban.com/subject/26822106/","[日] 结城浩 / 周自恒 / 人民邮电出版社 / 2016-6 / 89.00元","9.5","107"
"5c6e8334a620d52b3423cee3","Kafka权威指南","https://book.douban.com/subject/27665114/","Neha Narkhede、Gwen Shapira、Todd Palino / 薛命灯 / 人民邮电出版社 / 2017-12-26 / 69.00元","8.9","105"
"5c6e8334a620d52b3423cf6b","计算机组成与设计（原书第5版）","https://book.douban.com/subject/26604008/","戴维 A.帕特森 (David A.Patterson)、约翰 L.亨尼斯 (John L.Hennessy) / 王党辉、康继昌、安建峰 / 机械工业出版社 / 2015-7-1 / 99.00元","9.4","105"
"5c6e8335a620d52b3423d0ca","人工智能","https://book.douban.com/subject/1933034/","（美）卢格尔（Luger，G.F.） / 赵志崑、史忠植、张银奎 / 机械工业出版社 / 2006-10 / 75.00元","8.3","105"
"5c6e8335a620d52b3423d095","编译器设计","https://book.douban.com/subject/20436488/","Keith Cooper、Linda Torczon / 郭旭 / 人民邮电出版社 / 2012-12 / 99.00元","8.6","104"
"5c6e8335a620d52b3423d0d2","On LISP","https://book.douban.com/subject/1432683/","Paul Graham / Prentice Hall / 09 September, 1993 / $52.00","9.3","104"
"5c6e8335a620d52b3423cfbe","Linux命令行与shell脚本编程大全 第3版","https://book.douban.com/subject/26854226/","[美]布鲁姆，布雷斯纳汉 / 门佳、武海峰 / 人民邮电出版社 / 2016-8-1 / CNY 109.00","9.1","103"
"5c6e8335a620d52b3423d05d","Data Science for Business","https://book.douban.com/subject/24807529/","Foster Provost、Tom Fawcett / O'Reilly Media / 2013-8-19 / USD 39.99","8.1","103"
"5c6e8335a620d52b3423d015","线上幽灵","https://book.douban.com/subject/25788945/","凯文•米特尼克 (Kevin Mitnick)、威廉•L•西蒙 (William L.Simon) / 电子工业出版社 / 2014-1-1 / CNY 69.00","7.8","102"
"5c6e8335a620d52b3423cf9f","计算进化史","https://book.douban.com/subject/26975991/","[法] 吉尔·多维克 / 劳佳 / 人民邮电出版社 / 2017-2 / 39","7.9","99"
"5c6e8335a620d52b3423d064","从Python开始学编程","https://book.douban.com/subject/26919485/","Vamei / 电子工业出版社 / 2016-11-24 / CNY 49.00","8.4","99"
"5c6e8335a620d52b3423d0dc","Redis入门指南（第2版）","https://book.douban.com/subject/26419240/","李子骅 / 人民邮电出版社 / 2015-5-1 / CNY 49.00","7.6","99"
"5c6e8335a620d52b3423d026","深入理解LINUX网络内幕","https://book.douban.com/subject/1834459/","Christian Benvenuti / 东南大学出版社 / 2006-5 / 98.00元","9","98"
"5c6e8335a620d52b3423d04a","The Algorithm Design Manual","https://book.douban.com/subject/3072383/","Steven S Skiena / Springer / 2011-11-14 / GBP 55.07","8.8","98"
"5c6e8335a620d52b3423d086","游戏设计的236个技巧","https://book.douban.com/subject/26653173/","[日] 大野功二 / 支鹏浩 / 人民邮电出版社 / 2015-11 / 99.00元","8.6","97"
"5c6e8335a620d52b3423d0d6","Reinforcement Learning","https://book.douban.com/subject/2866455/","Richard S. Sutton、Andrew G. Barto / The MIT Press / 1998-03-01 / USD 60.00","8.7","97"
"5c6e8334a620d52b3423cefb","剑指Offer：名企面试官精讲典型编程题（第2版）","https://book.douban.com/subject/27008702/","何海涛 / 电子工业出版社 / 2017-5 / 65.00","9.3","96"
"5c6e8334a620d52b3423cf38","计算机网络（第7版）","https://book.douban.com/subject/26960678/","谢希仁 / 电子工业出版社 / 2017-1 / 45.00","9","96"
"5c6e8335a620d52b3423cfa9","图解网络硬件","https://book.douban.com/subject/25919428/","[日] 三轮贤一 / 盛荣 / 人民邮电出版社 / 2014-7 / 69.00元","7.4","95"
"5c6e8336a620d52b3423d0ed","Python数据分析与挖掘实战","https://book.douban.com/subject/26677686/","张良均、王路、谭立云、苏剑林 / 机械工业出版社 / 2016-1 / 69.00元","7.7","95"
"5c6e8335a620d52b3423d061","Python金融大数据分析","https://book.douban.com/subject/26670241/","[德] 伊夫·希尔皮斯科 / 姚军 / 人民邮电出版社 / 2015-12 / CNY 99.00","7.5","94"
"5c6e8335a620d52b3423d083","垃圾回收的算法与实现","https://book.douban.com/subject/26821357/","中村成洋、相川光 / 丁灵 / 人民邮电出版社 / 2016-7-1 / 99.00元","8.2","94"
"5c6e8335a620d52b3423cfea","离散数学及其应用（原书第7版）","https://book.douban.com/subject/26316200/","Kenneth H. Rosen / 徐六通、杨娟、吴斌 / 机械工业出版社 / 2015-1-1 / 129","8.3","93"
"5c6e8334a620d52b3423cf46","计算机体系结构","https://book.douban.com/subject/7006537/","John L. Hennessy、David A. Patterson / 机械工业出版社 / 2012-1 / 138.00元","9.5","91"
"5c6e8335a620d52b3423d055","Intel汇编语言程序设计","https://book.douban.com/subject/2250326/","Kip Irvine / 电子工业出版社 / 2007-9-1 / 61.00元","8.8","91"
"5c6e8335a620d52b3423d05f","HBase权威指南","https://book.douban.com/subject/10748460/","[美] Lars George / 代志远、刘佳、蒋杰 / 东南大学出版社 / 2012-4 / 72.00元","8.3","91"
"5c6e8334a620d52b3423cf2f","C#图解教程","https://book.douban.com/subject/24748698/","索利斯 (Daniel M.Solis) / 姚琪琳、苏林、朱晔 / 人民邮电出版社 / 2013-7-1 / CNY 89.00","9.4","90"
"5c6e8334a620d52b3423ceea","程序员代码面试指南：IT名企算法与数据结构题目最优解","https://book.douban.com/subject/26638586/","左程云 / 电子工业出版社 / 2015-9 / 79.00元","8.9","89"
"5c6e8334a620d52b3423cf04","架构整洁之道","https://book.douban.com/subject/30333919/","【美】Robert C. Martin（罗伯特 C. 马丁） / 电子工业出版社 / 2018-9 / 99.00元","8.9","89"
"5c6e8335a620d52b3423d0a3","程序员的数学思维修炼（趣味解读）","https://book.douban.com/subject/25854719/","周颖 / 清华大学出版社 / 2014-4-1 / 45.00元","5.4","89"
"5c6e8334a620d52b3423cf7b","Clean Architecture","https://book.douban.com/subject/26915970/","Robert C. Martin / Prentice Hall / 2017-9-20 / USD 34.99","8.5","88"
"5c6e8335a620d52b3423d05c","计算机网络","https://book.douban.com/subject/6850128/","（荷)）Andrew S. Tanenbaum、（美）David J. Wetherall / 机械工业出版社 / 2011-10 / 99.00元","9.4","86"
"5c6e8335a620d52b3423d040","设计模式之禅（第2版）","https://book.douban.com/subject/25843319/","秦小波 / 机械工业出版社 / 2014-2-25 / 89.00元","8.7","85"
"5c6e8335a620d52b3423d092","Deep Learning with Python","https://book.douban.com/subject/27038207/","Francois Chollet / Manning Publications / 2017-10-31 / USD 49.99","9.4","85"
"5c6e8335a620d52b3423d0d8","JavaScript面向对象编程指南","https://book.douban.com/subject/21372235/","斯托扬 / 凌杰 / 人民邮电出版社 / 2013-3 / 59.00元","8.4","84"
"5c6e8335a620d52b3423d081","HTML5与CSS3基础教程（第8版）","https://book.douban.com/subject/25878992/","[美] Elizabeth Castro、[美] Bruce Hyslop / 望以文 / 人民邮电出版社 / 2014-5 / 69.00元","8.2","83"
"5c6e8334a620d52b3423ceed","计算机组成：结构化方法","https://book.douban.com/subject/1886058/","坦嫩鲍姆 / 刘卫东 / 人民邮电出版社 / 2006-1 / 65.00元","9.2","82"
"5c6e8335a620d52b3423cfef","计算机：一部历史","https://book.douban.com/subject/25802176/","[英] 彼得·本特利 / 顾纹天 / 东西文库 / 30.00元","7.6","80"
"5c6e8336a620d52b3423d0e6","琢石成器","https://book.douban.com/subject/3788437/","罗云彬 / 电子工业出版社 / 2009-6 / 89.00元","9.1","80"
"5c6e8335a620d52b3423d021","精通Spring 4.x","https://book.douban.com/subject/26952826/","陈雄华、林开雄、文建国 / 电子工业出版社 / 2017-1-1 / CNY 128.00","8.2","79"
"5c6e8336a620d52b3423d0e2","解析极限编程","https://book.douban.com/subject/6828074/","Kent Beck、Cynthia Andres / 雷剑文、李应樵、陈振冲 / 机械工业出版社 / 2011-9 / 39.00元","8.2","78"
"5c6e8335a620d52b3423cfac","数据库系统概论（第5版）","https://book.douban.com/subject/26317662/","王珊、萨师煊 / 高等教育出版社 / 2014-9 / 39.60","6.2","77"
"5c6e8335a620d52b3423d091","程序设计方法（中文版）","https://book.douban.com/subject/1140942/","Matthias Fellisen / 黄林鹏、朱崇恺 / 人民邮电出版社 / 2003-12 / 49.00元","8.7","77"
"5c6e8335a620d52b3423d0b8","Understanding the Linux Kernel","https://book.douban.com/subject/1776614/","Daniel Plerre Bovet、Marco Cesati / O'Reilly Media / 2005-11 / GBP 47.99","9.3","77"
"5c6e8335a620d52b3423cff9","图解设计模式","https://book.douban.com/subject/26933281/","结城浩 / 杨文轩 / 人民邮电出版社 / 2017-1-1 / CNY 79.00","8.8","76"
"5c6e8335a620d52b3423d037","数据结构与算法：Python语言描述","https://book.douban.com/subject/26702568/","裘宗燕 / 机械工业出版社 / 2016-1 / CNY 45.00","7.4","75"
"5c6e8335a620d52b3423d082","软件故事","https://book.douban.com/subject/25911182/","[美] 史蒂夫·洛尔 / 张沛玄 / 人民邮电出版社 / 2014-7 / 49.00 元","7.2","75"
"5c6e8333a620d52b3423ced0","因计算机而强大","https://book.douban.com/subject/30418117/","[美]西摩 佩珀特 Seymour Papert / 梁栋 / 新星出版社 / 2019-1 / 38","9.1","74"
"5c6e8335a620d52b3423cfcd","阿里巴巴Java开发手册","https://book.douban.com/subject/27605355/","杨冠宝 / 电子工业出版社 / 2018-1 / 35","8.3","74"
"5c6e8335a620d52b3423d075","像计算机科学家一样思考Python (第2版)","https://book.douban.com/subject/26870407/","[美] 艾伦 B. 唐尼 / 赵普明 / 人民邮电出版社 / 2016-7 / 49.00","8.6","74"
"5c6e8335a620d52b3423d074","领域特定语言","https://book.douban.com/subject/21964984/","Martin Fowler / ThoughtWorks中国 / 机械工业出版社华章公司 / 2013-3 / 89.00元","8.3","73"
"5c6e8334a620d52b3423cf6a","百面机器学习","https://book.douban.com/subject/30285146/","诸葛越、葫芦娃 / 人民邮电出版社 / 2018-8-1 / 89.00元","9","72"
"5c6e8335a620d52b3423cf96","SQL基础教程","https://book.douban.com/subject/27055712/","MICK / 孙淼、罗勇 / 人民邮电出版社 / 2017-6-1 / CNY 79.00","9.1","72"
"5c6e8335a620d52b3423d06c","Data Structures and Algorithm Analysis in C (2nd Edition)","https://book.douban.com/subject/1237002/","Mark Allen Weiss / Addison Wesley / 1996-09-19 / USD 95.00","8.8","70"
"5c6e8335a620d52b3423d0a5","Operating System Concepts","https://book.douban.com/subject/10076960/","Abraham Silberschatz、Peter B. Galvin、Greg Gagne / Wiley / 2012-12-17 / USD 219.84","9","70"
"5c6e8335a620d52b3423d070","深入理解C指针","https://book.douban.com/subject/25827246/","[美] Richard Reese / 陈晓亮 / 人民邮电出版社 / 2014-2 / 45.00","8.5","69"
"5c6e8335a620d52b3423d094","计算机程序设计艺术（第2卷）","https://book.douban.com/subject/1231891/","Donald E. Knuth / 苏运霖 / 国防工业出版社 / 2002-8 / 98.00元","9.8","69"
"5c6e8335a620d52b3423cfb1","设计数据密集型应用（影印版）","https://book.douban.com/subject/27154352/","Martin Kleppmann / 东南大学出版社 / 2017-10-1 / 99.00元","10","68"
"5c6e8335a620d52b3423cfba","现代操作系统（原书第4版）","https://book.douban.com/subject/27096665/","[荷] Andrew S. Tanenbaum、[荷] Herbert Bos / 陈向群、马洪兵 等 / 机械工业出版社 / 2017-7 / 89.00","8.8","68"
"5c6e8336a620d52b3423d0f0","C++编程思想（两卷合订本）","https://book.douban.com/subject/6558198/","（美）Bruce Eckel、（美）Chuck Allison / 刘宗田、袁兆山、潘秋菱、刁成嘉 / 机械工业出版社 / 2011-7 / 116.00元","8.5","68"
"5c6e8334a620d52b3423cf23","硅谷之火","https://book.douban.com/subject/26306584/","保罗·弗赖伯格、迈克尔·斯韦因 / 张华伟 编译 / 中国华侨出版社 / 2014-11-1 / CNY 39.80","7.5","67"
"5c6e8334a620d52b3423cf24","计算机科学导论","https://book.douban.com/subject/26726452/","[美]贝赫鲁兹·佛罗赞 / 刘艺、刘哲雨 / 机械工业出版社 / 2015-8-1 / 69.00元","9.3","66"
"5c6e8335a620d52b3423d04f","图灵的大教堂","https://book.douban.com/subject/26386850/","[美] 乔治·戴森 / 盛杨灿 / 浙江人民出版社 / 2015-5 / 89.90","7.5","65"
"5c6e8335a620d52b3423d0d7","线性代数及其应用","https://book.douban.com/subject/3309541/","（美）拉克斯 / 傅莺莺、沈复兴 / 人民邮电出版社 / 2009-1 / 55.00元","9.4","65"
"5c6e8335a620d52b3423d08a","线性代数应该这样学","https://book.douban.com/subject/26886299/","Sheldon Axler / 杜现昆、刘大艳、马晶 / 人民邮电出版社 / 2016-10 / 49","8.7","64"
"5c6e8335a620d52b3423d0c7","Apache Kafka源码剖析","https://book.douban.com/subject/27038473/","徐郡明 / 电子工业出版社 / 2017-5 / 89","8.3","64"
"5c6e8335a620d52b3423d01a","图解物联网","https://book.douban.com/subject/27016248/","［ 日］ NTT DATA集团、河村雅人、大塚纮史、小林佑辅、小山武士、宫崎智也、石黑佑树、小岛康平 / 丁　灵 / 人民邮电出版社 / 2017-4 / 59.00元","8.3","63"
"5c6e8335a620d52b3423d02b","Python算法教程","https://book.douban.com/subject/26699412/","[挪威] Magnus Lie Hetland 赫特兰 / 凌杰、陆禹淳、顾俊 / 人民邮电出版社 / 2016-1-1 / 69.00元","7.8","63"
"5c6e8335a620d52b3423d038","python绝技：运用python成为顶级黑客","https://book.douban.com/subject/26702570/","[美] TJ O'Connor / 崔孝晨、武晓音 / 电子工业出版社 / 2016-1 / 79.00元","7.4","62"
"5c6e8334a620d52b3423cf34","逆向工程核心原理","https://book.douban.com/subject/25866389/","[韩] 李承远 / 武传海 / 人民邮电出版社 / 2014-4-25 / 109.00元","9.3","61"
"5c6e8334a620d52b3423cf65","Essentials of Programming Languages, 3rd Edition","https://book.douban.com/subject/3136252/","Daniel P. Friedman、Mitchell Wand / The MIT Press / 2008-04-30 / USD 65.00","9.1","61"
"5c6e8335a620d52b3423d04d","Domain-Driven Design","https://book.douban.com/subject/1418618/","Eric Evans / Addison-Wesley Professional / 2003-8-30 / USD 74.99","8.4","61"
"5c6e8335a620d52b3423d084","深入理解程序设计","https://book.douban.com/subject/25789594/","[美] Jonathan Bartlett / 郭晴霞 / 人民邮电出版社 / 2014-1 / 49.00","8.3","61"
"5c6e8335a620d52b3423d071","时间触发嵌入式系统设计模式","https://book.douban.com/subject/1168618/","Michael J.Pont / 周敏 / 中国电力出版社 / 2004-7-1 / 85.0","9","60"
"5c6e8335a620d52b3423d0c5","人工智能","https://book.douban.com/subject/25796281/","罗素 (Stuart J.Russell)、诺维格 (Peter Norvig) / 殷建平、祝恩、刘越、陈跃新 / 清华大学出版社 / 2013-11-1 / CNY 128.00","7.8","60"
"5c6e8334a620d52b3423cee6","Docker——容器与容器云（第2版）","https://book.douban.com/subject/26894736/","浙江大学SEL实验室 / 人民邮电出版社 / 2016-10 / 89.00元","8.4","59"
"5c6e8334a620d52b3423cef5","算法设计与分析基础","https://book.douban.com/subject/26337727/","Anany Levitin / 潘彦 / 清华大学出版社 / 2015-2-1 / 69.00元","8.8","58"
"5c6e8334a620d52b3423cf2c","Flask Web开发实战","https://book.douban.com/subject/30310340/","李辉 / 机械工业出版社 / 2018-8-1 / 129","9.1","58"
"5c6e8335a620d52b3423d0ba","Computer Architecture","https://book.douban.com/subject/6795919/","John L. Hennessy、David A. Patterson / Morgan Kaufmann / 2011-9-30 / USD 89.95","9.6","58"
"5c6e8335a620d52b3423d0cb","Hacker's Delight","https://book.douban.com/subject/1784887/","Henry S. Warren Jr. / Addison-Wesley / 2002-7-27 / USD 59.99","9.4","58"
"5c6e8335a620d52b3423d058","你不知道的JavaScript（下卷）","https://book.douban.com/subject/27620408/","[美] Kyle Simpson / 单业 / 人民邮电出版社 / 2018-1-1 / 79.00","8","57"
"5c6e8335a620d52b3423d059","像程序员一样思考","https://book.douban.com/subject/24733747/","V. Anton Spraul / 徐波 / 人民邮电出版社 / 2013-6 / 49.00元","7.2","57"
"5c6e8335a620d52b3423cfa0","Effective Java","https://book.douban.com/subject/27047716/","Joshua Bloch / Addison-Wesley Professional / 2018-1-6 / USD 54.99","9.8","56"
"5c6e8335a620d52b3423d07f","数值分析","https://book.douban.com/subject/4188358/","索尔 (Timothy Sauer) / 吴兆金、王国英、范红军 / 人民邮电出版社 / 2010-1 / 79.00元","9.4","56"
"5c6e8335a620d52b3423d002","数据密集型应用系统设计","https://book.douban.com/subject/30329536/","Martin Kleppmann / 赵军平、李三平、吕云松、耿煜 / 中国电力出版社 / 2018-9-1 / 128","9.8","54"
"5c6e8336a620d52b3423d0e8","图论导引","https://book.douban.com/subject/1740461/","韦斯特 / 机械工业出版社 / 2006-2 / 65.00元","8.8","54"
"5c6e8336a620d52b3423d0eb","计算机文化","https://book.douban.com/subject/1880471/","[美]JuneJamrichP / 机械工业出版社 / 2006-9 / 59.00元","7.4","54"
"5c6e8334a620d52b3423ceff","操作系统真象还原","https://book.douban.com/subject/26745156/","郑钢 / 人民邮电出版社 / 2016-3 / 108.00","8.5","53"
"5c6e8335a620d52b3423cfdb","Python机器学习基础教程","https://book.douban.com/subject/30147778/","[德]安德里亚斯·穆勒、[美]莎拉·吉多 / 张亮 / 人民邮电出版社 / 2018-1 / 79.00元","8.1","53"
"5c6e8335a620d52b3423d019","Linux就该这么学","https://book.douban.com/subject/27198046/","刘遄 / 人民邮电出版社 / 2017-11-1 / 79","5.5","53"
"5c6e8335a620d52b3423d051","Java 8 in Action","https://book.douban.com/subject/25912747/","Raoul-Gabriel  Urma、Mario Fusco、Alan Mycroft / Manning Publications / 2014-8-28 / USD 49.99","8.6","53"
"5c6e8335a620d52b3423d0a9","数据挖掘导论","https://book.douban.com/subject/5286107/","(美)Pang-Ning Tan、Michael Steinbach、Vipin Kumar / 机械工业出版社 / 2010-9 / 59.00元","9","53"
"5c6e8334a620d52b3423cf11","图解Java多线程设计模式","https://book.douban.com/subject/27116724/","[日] 结城浩 / 侯振龙、杨文轩 / 人民邮电出版社 / 2017-8 / 89.00元","8.3","52"
"5c6e8335a620d52b3423d033","概率导论","https://book.douban.com/subject/26694188/","Dimitri P. Bertsekas、John N. Tsitsiklis / 郑忠国、童行伟 / 人民邮电出版社 / 2015-12 / 79.00元","9.1","52"
"5c6e8335a620d52b3423d062","Java语言程序设计（基础篇 原书第10版）","https://book.douban.com/subject/26590745/","[美]粱勇（Y.Daniel Liang） / 戴开宇 / 机械工业出版社 / 2015-7 / 85.00元","8.9","52"
"5c6e8335a620d52b3423cfa2","C++标准库（第2版）","https://book.douban.com/subject/26419721/","Nicolai M. Josuttis / 侯捷 / 电子工业出版社 / 2015-6 / 186.00元","9.3","51"
"5c6e8335a620d52b3423d00f","The Little Schemer","https://book.douban.com/subject/27080946/","[美] Daniel P. Friedman、[美] Matthias Felleisen / 卢俊祥 / 电子工业出版社 / 2017-7 / 65.00","8.7","51"
"5c6e8335a620d52b3423d08c","代码本色：用编程模拟自然系统","https://book.douban.com/subject/26264736/","Daniel Shiffman / 周晗彬 / 人民邮电出版社 / 2014-10 / 99.00元","8.8","51"
"5c6e8336a620d52b3423d0e9","Algorithmic Game Theory","https://book.douban.com/subject/2036081/","Noam Nisan、Tim Roughgarden / Cambridge University Press / 2007-9-24 / USD 64.99","7.1","51"
"5c6e8334a620d52b3423cf0b","格蠹汇编","https://book.douban.com/subject/22994051/","张银奎 / 电子工业出版社 / 2013-3-1 / 66.00元","9.4","50"
"5c6e8335a620d52b3423cfbc","The Book of Why","https://book.douban.com/subject/30139217/","Judea Pearl、Dana Mackenzie / Allen Lane / 2018-5-15 / GBP 25.00","9.5","50"
"5c6e8335a620d52b3423d0be","技术之瞳——阿里巴巴技术笔试心得","https://book.douban.com/subject/26902177/","阿里巴巴集团校园招聘笔试项目组 / 电子工业出版社 / 2016-11 / 69","7.7","50"
"5c6e8335a620d52b3423d0bf","Python 3面向对象编程","https://book.douban.com/subject/26468916/","[加]Dusty Phillips（达斯帝•菲利普斯） / 肖鹏、常贺、石琳 / 电子工业出版社 / 2015-6 / 79.00元","9.1","50"
"5c6e8336a620d52b3423d0e5","Digital Image Processing (3rd Edition)","https://book.douban.com/subject/2349114/","[美]Rafael C. Gonzalez、[美]Richard E. Woods / Prentice Hall / 2007-8-31 / USD 204.00","9.3","50"
"5c6e8334a620d52b3423cf08","人工智能的进化","https://book.douban.com/subject/30181276/","[加] 赫克托·莱韦斯克 / 王佩 / 中信出版集团·科普工作室 / 2018-4 / 49","8.1","49"
"5c6e8335a620d52b3423cfc8","美团机器学习实践","https://book.douban.com/subject/30243136/","美团算法团队 / 人民邮电出版社 / 2018-8-1 / 79.00元","8.3","49"
"5c6e8335a620d52b3423d031","现代前端技术解析","https://book.douban.com/subject/27021790/","张成文 / 电子工业出版社 / 2017-4-1 / 79.00元","8.8","49"
"5c6e8334a620d52b3423cf0d","从零开始学架构","https://book.douban.com/subject/30335935/","李运华 / 电子工业出版社 / 2018-9-21 / 99","8.5","48"
"5c6e8334a620d52b3423cf91","Principles of Computer System Design","https://book.douban.com/subject/3707841/","Jerome H. Saltzer、M. Frans Kaashoek / Morgan Kaufmann / 2009-7-7 / USD 82.95","9.5","48"
"5c6e8335a620d52b3423d006","实用电子元器件与电路基础","https://book.douban.com/subject/3639214/","Paul Scherz / 2009-4 / 79.00元","9.6","48"
"5c6e8335a620d52b3423d024","老码识途","https://book.douban.com/subject/19930393/","韩宏 / 电子工业出版社 / 2012-8 / 56.00元","9","48"
"5c6e8334a620d52b3423cf5c","Hacking","https://book.douban.com/subject/2584955/","Jon Erickson / No Starch Press / 2008-2-4 / USD 49.95","9.4","47"
"5c6e8334a620d52b3423cf72","计算机科学概论（第12版）","https://book.douban.com/subject/26999520/","[美] J.Glenn Brookshear、[美] Dennis Brylow / 刘艺、吴英、毛倩倩 / 人民邮电出版社 / 2017-1 / 69.00","9.8","47"
"5c6e8335a620d52b3423d028","有趣的二进制","https://book.douban.com/subject/26640242/","［ 日］ 爱甲健二 / 周自恒 / 人民邮电出版社 / 2015-10 / 39.00元","7.9","47"
"5c6e8335a620d52b3423d05e","算法心得：高效算法的奥秘（原书第2版）","https://book.douban.com/subject/25837031/","（美）Henry S. Warren, Jr. / 爱飞翔 / 机械工业出版社 / 2014-3 / 89.00","8.8","47"
"5c6e8335a620d52b3423d079","分布式服务架构：原理、设计与实战","https://book.douban.com/subject/27091029/","李艳鹏、杨彪 / 电子工业出版社 / 2017-8 / 89.00","7.2","47"
"5c6e8334a620d52b3423cf0a","C语言名题精选百则技巧篇","https://book.douban.com/subject/1400498/","冼镜光 / 机械工业出版社 / 2005-7 / 44.00元","9","46"
"5c6e8334a620d52b3423cf16","CPU自制入门","https://book.douban.com/subject/25780703/","[日] 水头一寿、[日] 米泽辽、[日] 藤田裕士 / 赵谦 / 人民邮电出版社 / 2014-1 / 99.00元","7.9","46"
"5c6e8335a620d52b3423d0aa","Java语言程序设计","https://book.douban.com/subject/6529835/","（美）  Y. Daniel Liang / 李娜 / 机械工业出版社 / 2011-6 / 79.00元","8.2","45"
"5c6e8335a620d52b3423cff7","Lua设计与实现","https://book.douban.com/subject/27108476/","codedump / 人民邮电出版社 / 2017-8 / 49.00元","8.8","44"
"5c6e8335a620d52b3423d011","Learn Python 3 the Hard Way","https://book.douban.com/subject/27094555/","Zed A. Shaw / Addison / 2017-7-7 / USD 30.74","8.9","44"
"5c6e8335a620d52b3423d08d","信息论、推理与学习算法","https://book.douban.com/subject/1893050/","麦凯 / 高等教育出版社 / 2006-7 / 59.00元","8.9","44"
"5c6e8335a620d52b3423d090","图论导引","https://book.douban.com/subject/2236899/","[美] Gary Chartrand，（美 / 范益政、王毅 / 人民邮电出版社 / 2007-1 / 49.00元","8.5","44"
"5c6e8335a620d52b3423d042","React 进阶之路","https://book.douban.com/subject/30210697/","徐超 / 清华大学出版社 / 2018-4 / 69.00元","7.8","43"
"5c6e8335a620d52b3423d063","Is Parallel Programming Hard, And, If So, What Can You Do About It?","https://book.douban.com/subject/6957175/","Paul E. McKenney","9.4","42"
"5c6e8335a620d52b3423d01d","数理逻辑","https://book.douban.com/subject/1729578/","(美)Herbert B. Enderton 著 / 人民邮电出版社 / 2006-01-01 / 39.00","9.1","41"
"5c6e8335a620d52b3423d052","鳥哥的Linux私房菜（第四版）","https://book.douban.com/subject/26757170/","鳥哥 / 碁峰資訊股份有限公司 / 2016-1-25 / TWD 980.00","8.9","41"
"5c6e8335a620d52b3423d08e","明解C语言（第3版）","https://book.douban.com/subject/26663756/","[日] 柴田望洋 / 管杰、罗勇、杜晓静 / 人民邮电出版社 / 2015-11-1 / 79.00元","8.9","41"
"5c6e8334a620d52b3423cf60","The Book of Why","https://book.douban.com/subject/30224985/","Judea Pearl、Dana Mackenzie / Basic Books / 2018-5-15 / USD 32.00","9.6","40"
"5c6e8335a620d52b3423d053","大数据系统构建","https://book.douban.com/subject/26960399/","Nathan Marz、James Warren / 马延辉、向磊、魏东琦 / 机械工业出版社 / 2017-1 / 79.00","8.1","40"
"5c6e8335a620d52b3423cfc3","灰帽黑客","https://book.douban.com/subject/20256840/","[美]Allen Harper、[美]Shon Harris / 杨明军、韩智文、程文俊 / 清华大学出版社 / 2012-11 / 79.80元","8","39"
"5c6e8335a620d52b3423d065","算法设计手册","https://book.douban.com/subject/4048566/","斯基恩纳 / 清华大学出版社 / 2009-9 / 69.00元","9","39"
"5c6e8333a620d52b3423ced4","深度学习","https://book.douban.com/subject/30425822/","[美]特伦斯·谢诺夫斯基（Terrence Sejnowski） / 姜悦兵 / 中信出版集团 / 2019-2 / 88","8.1","37"
"5c6e8335a620d52b3423cff0","软件开发本质论","https://book.douban.com/subject/26928913/","Ron Jeffries / 王凌云 / 人民邮电出版社图灵分社 / 2017-1 / 39","7.4","37"
"5c6e8333a620d52b3423cedb","零基础学C语言","https://book.douban.com/subject/3729201/","康莉//李宽 / 机械工业 / 2009-4 / 48.00元","8","36"
"5c6e8335a620d52b3423d0a6","自己动手写Docker","https://book.douban.com/subject/27082348/","陈显鹭、王炳燊、秦妤嘉 / 电子工业出版社 / 2017-7-1 / 65.00元","7.1","36"
"5c6e8335a620d52b3423d0c6","深入剖析Nginx","https://book.douban.com/subject/23759678/","高群凯 / 人民邮电出版社 / 2013-5-1 / 59.00元","7.2","36"
"5c6e8335a620d52b3423d0d9","贝尔实验室与美国革新大时代","https://book.douban.com/subject/26681345/","[美]乔恩·格特纳 / 王勇 / 中信出版社 / 2015-12 / 58.00元","8.2","36"
"5c6e8335a620d52b3423d02c","深入理解计算机系统（英文版·第3版）","https://book.douban.com/subject/27000879/","Randal E.Bryant、David O'Hallaron / 机械工业出版社 / 2017-3 / 239","9.9","35"
"5c6e8335a620d52b3423d0c9","UNIX网络编程 卷1：套接字联网API（第3版）","https://book.douban.com/subject/26434583/","[美]W. 理查德•史蒂文斯（W. Richard Stevens）、比尔• 芬纳（Bill Fenner）、安德鲁 M. 鲁道夫（Andrew M. Rudoff） / 匿名 / 人民邮电出版社 / 2014-6-1 / 129.00","9.6","35"
"5c6e8334a620d52b3423cf4e","计算机组成（第 6 版）","https://book.douban.com/subject/25982323/","Andrew S. Tanenbaum、Todd Austin / 刘卫东、宋佳兴 / 机械工业出版社 / 2014-8-19 / CNY 99.00","9.1","34"
"5c6e8335a620d52b3423d02f","Make Your Own Neural Network","https://book.douban.com/subject/26945232/","Tariq Rashid / CreateSpace Independent Publishing Platform / 2016-3-31 / USD 45.00","9.6","34"
"5c6e8335a620d52b3423d09e","深入应用C++11","https://book.douban.com/subject/26419368/","祁宇 / 机械工业出版社 / 2015-5 / 79","6.8","33"
"5c6e8333a620d52b3423cedf","图解服务器端网络架构","https://book.douban.com/subject/26369253/","[日] 宫田宽士 / 曾薇薇 / 人民邮电出版社 / 2015-4 / 79.00元","9","32"
"5c6e8335a620d52b3423d054","算法基础","https://book.douban.com/subject/26696971/","[美] 托马斯 H.科尔曼（Thomas H.Cormen） / 王宏志 / 机械工业出版社 / 2015-12 / 59.00","8","32"
"5c6e8335a620d52b3423d0a4","挑战程序设计竞赛2 算法和数据结构","https://book.douban.com/subject/26886659/","[日]渡部有隆 / 支鹏浩 / 2016-9-1","8","32"
"5c6e8335a620d52b3423d00a","应用密码学：协议、算法与C源程序（原书第2版）","https://book.douban.com/subject/25772389/","（美）Bruce Schneier / 吴世忠、祝世雄、张文政 等 / 机械工业出版社 / 2014-1 / 79.00","8.3","30"
"5c6e8335a620d52b3423d0af","虚拟机","https://book.douban.com/subject/1885761/","史密斯 / 电子工业出版社 / 2006-7 / 68.00元","8.5","29"
"5c6e8335a620d52b3423d0cc","概率论基础教程（原书第9版）","https://book.douban.com/subject/25813568/","（美）Sheldon M. Ross / 童行伟、梁宝生 / 机械工业出版社 / 2014-1 / 69.00","9.1","29"
"5c6e8335a620d52b3423d0cf","The Elements of Computing Systems","https://book.douban.com/subject/1998645/","Noam Nisan、Shimon Schocken / The MIT Press / 2005-6-1 / USD 50.00","9.4","29"
"5c6e8334a620d52b3423cf2e","DevOps实践指南","https://book.douban.com/subject/30186150/","[美] Gene Kim、[美] Jez Humble、[美] Patrick Debois、[美] John Willis / 刘征、王磊、马博文、曾朝京 / 人民邮电出版社 / 2018-4 / 89.00元","8.7","28"
"5c6e8335a620d52b3423cfbb","精通Git（第2版）","https://book.douban.com/subject/27133267/","Scott Chacon、Ben Straub / 门佳、刘梓懿 / 人民邮电出版社 / 2017-9 / 89.00元","8.4","28"
"5c6e8335a620d52b3423d0c0","Concurrency in Go","https://book.douban.com/subject/26994591/","Katherine Cox-Buday / O'Reilly Media / 2017-7-25 / USD 49.99","7.7","28"
"5c6e8335a620d52b3423d0c4","Spark技术内幕","https://book.douban.com/subject/26649141/","张安站 / 机械工业出版社 / 2015-9-1","7.6","27"
"5c6e8334a620d52b3423cefd","The Rust Programming Language","https://book.douban.com/subject/27013197/","Steve Klabnik Klabnik、Carol Nichols / No Starch Press / 2018-3-20 / GBP 33.99","8.4","26"
"5c6e8334a620d52b3423cf2b","穿越计算机的迷雾（第2版）","https://book.douban.com/subject/30198087/","李忠 / 电子工业出版社 / 2018-1 / 48.00元","9.3","26"
"5c6e8335a620d52b3423d012","Kubernetes权威指南","https://book.douban.com/subject/27112874/","闫健勇、龚正、吴治辉、王伟、崔秀龙、崔晓宁、刘晓红 / 电子工业出版社 / 2017-9 / 119.00","8.4","26"
"5c6e8335a620d52b3423d068","Designing Distributed Systems: Patterns and Paradigms for Scalable, Reliable Services","https://book.douban.com/subject/27050608/","Brendan Burns / O'Reilly Media / 2017-10-25 / USD 59.99","7.2","26"
"5c6e8335a620d52b3423d0bc","程序员的英语","https://book.douban.com/subject/30157131/","[韩]朴栽浒、[韩]李海永 / 颜廷连 / 人民邮电出版社 / 2018-2 / 49.00元","6","26"
"5c6e8335a620d52b3423cfe1","SQL进阶教程","https://book.douban.com/subject/27194738/","［ 日］ MICK / 吴炎昌 / 人民邮电出版社 / 2017-11 / 79.00元","9.7","25"
"5c6e8335a620d52b3423d001","自制搜索引擎","https://book.douban.com/subject/26681675/","[日]山田浩之、[日]末永匡 / 胡屹 / 人民邮电出版社 / 2016-1 / 39.00元","7.8","25"
"5c6e8335a620d52b3423d044","解析深度学习：语音识别实践","https://book.douban.com/subject/26820808/","俞栋、邓力 / 俞凯、钱彦旻 / 电子工业出版社 / 2016-6 / 79.00元","8","25"
"5c6e8333a620d52b3423ced5","计算机程序设计艺术：第4卷 第4册（双语版）","https://book.douban.com/subject/2057924/","Donald E.Knuth / 苏运霖 / 机械工业出版社 / 2007-4 / 42.00元","10","24"
"5c6e8335a620d52b3423d04c","Python 3学习笔记（上卷）","https://book.douban.com/subject/28509425/","雨痕 / 电子工业出版社 / 2018-1 / 89","8.3","24"
"5c6e8335a620d52b3423d0ab","进化","https://book.douban.com/subject/30219010/","赵成 / 电子工业出版社·博文视点 / 2018-5-20 / 59.00","8.4","24"
"5c6e8335a620d52b3423d0c8","程序开发心理学（银年纪念版）","https://book.douban.com/subject/26419766/","【美】Gerald M. Weinberg / 邓俊辉 / 电子工业出版社 / 2015-7 / 79.00元","7.4","24"
"5c6e8336a620d52b3423d0ef","C++ 程序设计语言（第 1 - 3 部分）（原书第 4 版）","https://book.douban.com/subject/26857943/","Bjarne Stroustrup / 王刚、杨巨峰 / 机械工业出版社 / 2016-7 / 139.00","9.2","24"
"5c6e8335a620d52b3423d06f","现代密码学理论与实践","https://book.douban.com/subject/1172109/","毛文波 / 电子工业出版社 / 2004-1 / 49.00元","8.7","23"
"5c6e8335a620d52b3423d076","Python编程第4版","https://book.douban.com/subject/26314833/","卢茨 (Mark Lutz) / 邹晓、瞿乔、任发科 / 中国电力出版社 / 2015-1-1 / CNY 198.00","8","23"
"5c6e8335a620d52b3423d07d","第一行代码 Java 视频讲解版","https://book.douban.com/subject/27034265/","李兴华、马云涛 / 人民邮电出版社 / 2017-3 / 89.00元","8.5","23"
"5c6e8334a620d52b3423cf1c","Linux 系统编程（第二版）","https://book.douban.com/subject/25828773/","Robert Love / 东南大学出版社 / 2014-1-1 / 78","9.5","22"
"5c6e8335a620d52b3423cfa5","A Philosophy of Software Design","https://book.douban.com/subject/30218046/","John Ousterhout / Yaknyam Press / 2018-4-6 / GBP 14.21","9.1","22"
"5c6e8335a620d52b3423d07e","啊哈C语言！逻辑的挑战（修订版）","https://book.douban.com/subject/26943280/","啊哈磊 / 电子工业出版社 / 2017-1 / 49","8.5","22"
"5c6e8335a620d52b3423d09a","大数据技术原理与应用","https://book.douban.com/subject/26665728/","林子雨 / 人民邮电出版社 / 2015-8-1 / 45.00","9.2","22"
"5c6e8334a620d52b3423cf43","深入理解并行编程","https://book.douban.com/subject/27078711/","[美] Paul E.Mckenney（保罗·E·麦肯尼) / 谢宝友 鲁阳 / 电子工业出版社 / 2017-7-1 / 129","9.3","21"
"5c6e8335a620d52b3423cfe8","大型网站技术架构演进与性能优化","https://book.douban.com/subject/30253246/","许令波 / 电子工业出版社 / 2018-6 / 79","7.6","21"
"5c6e8335a620d52b3423d00d","黑客攻防技术宝典","https://book.douban.com/subject/4225167/","Chris Anley、John Heasman、Felix Linder、Gerardo Richarte / 罗爱国、郑艳杰 / 人民邮电出版社 / 2010-1 / 79.00元","9.1","21"
"5c6e8335a620d52b3423d043","Android编程权威指南（第3版）","https://book.douban.com/subject/27065013/","比尔·菲利普斯 (Bill Phillips)、克里斯·斯图尔特 (Chris Stewart)、克莉丝汀·马西卡诺 (Kristin Marsicano) / 王明发 / 人民邮电出版社 / 2017-6 / 129.00元","8.7","21"
"5c6e8335a620d52b3423d09c","自动控制原理与设计","https://book.douban.com/subject/2281553/","[美]GeneF.Frankl / 人民邮电出版社 / 2007-11-01 / 79.00元","9.1","21"
"5c6e8335a620d52b3423d0ad","Linux环境编程：从应用到内核","https://book.douban.com/subject/26820213/","高峰 / 机械工业出版社 / 2015-6-14 / CNY 99.00","8.7","21"
"5c6e8335a620d52b3423d0b9","高性能网站建设指南（第二版）","https://book.douban.com/subject/26411563/","Steve Souders / 刘彦博 / 电子工业出版社 / 2015-5 / 55.00元","7.7","21"
"5c6e8336a620d52b3423d0ec","数学与泛型编程","https://book.douban.com/subject/27116151/","［美］亚历山大 A. 斯捷潘诺夫（Alexander A. Stepanov）、［美］丹尼尔 E. 罗斯（Daniel E. Rose） / 爱飞翔 / 机械工业出版社 / 2017-8 / 79","8.2","21"
"5c6e8336a620d52b3423d0e3","像计算机科学家一样思考Java","https://book.douban.com/subject/24744263/","（美）唐尼 / 滕云，周哲武 / 人民邮电出版社 / 2013-6-1 / 39.00元","7","19"
"5c6e8336a620d52b3423d0ea","模糊测试","https://book.douban.com/subject/25767601/","【美】Sutton, M.  Greene、【美】A.  Amini, P / 段念、赵勇 / 电子工业出版社 / 2013-10 / 89.00元","7.3","19"
"5c6e8335a620d52b3423d07c","Node学习指南","https://book.douban.com/subject/25843153/","Shelley Powers / 夏思雨、高亮 / 人民邮电出版社 / 2014-3 / 69.00","8.5","18"
"5c6e8335a620d52b3423d099","计算机系统基础","https://book.douban.com/subject/26600183/","袁春风 / 机械工业出版社 / 2014-7-1 / CNY 49.00","8.9","18"
"5c6e8335a620d52b3423d0dd","The Computational Beauty of Nature","https://book.douban.com/subject/1458241/","Gary William Flake / The MIT Press / 2000-01-31 / USD 45.00","9","18"
"5c6e8333a620d52b3423cee0","自己动手写CPU","https://book.douban.com/subject/25960657/","雷思磊 / 电子工业出版社 / 2014-9-1 / 99.00元","8.9","17"
"5c6e8334a620d52b3423cf8d","Effective Modern C++ 简体中文版","https://book.douban.com/subject/30178902/","Scott Meyers / 高博 / 中国电力出版社 / 2018-4-23 / 99","8.4","17"
"5c6e8335a620d52b3423d03f","Compiler Construction","https://book.douban.com/subject/2709089/","Kenneth C. Louden / Cengage Learning / 1997-1-24 / USD 244.95","10","17"
"5c6e8335a620d52b3423d0ae","垃圾回收算法手册：自动内存管理的艺术","https://book.douban.com/subject/26740958/","Richard Jones、Eliot Moss、Antony Hosking / 王雅光、薛迪 / 机械工业出版社 / 2016-3 / 139","7.7","17"
"5c6e8335a620d52b3423d0da","设计模式的艺术","https://book.douban.com/subject/20493657/","刘伟 / 2013-1 / 45.00元","9.3","17"
"5c6e8334a620d52b3423cefe","计算理论导引","https://book.douban.com/subject/26631265/","迈克尔·西普塞 (Michael Sipser) / 段磊、唐常杰、等 / 机械工业出版社 / 2015-8-1 / CNY 69.00","9.1","15"
"5c6e8334a620d52b3423cf8b","逻辑的引擎","https://book.douban.com/subject/30171335/","[美] 马丁•戴维斯 / 张卜天 / 湖南科学技术出版社 / 2018-1 / 49.00","8.4","15"
"5c6e8335a620d52b3423d06b","七周七语言（卷2）","https://book.douban.com/subject/26921107/","【美】Bruce A. Tate（泰特）、Fred Daoud（达乌德）、Ian Dees（迪斯） / 7ML翻译组 / 人民邮电出版社 / 2016-12 / 59","8","15"
"5c6e8335a620d52b3423d08b","I Heart Logs","https://book.douban.com/subject/26107374/","Jay Kreps / O'Reilly Media / 2014-10-17 / USD 29.99","7.3","15"
"5c6e8334a620d52b3423cf1d","奔跑吧 Linux内核","https://book.douban.com/subject/27108677/","张天飞 / 人民邮电出版社 / 2017-9-1 / CNY 158.00","7.2","14"
"5c6e8335a620d52b3423cfb2","极简算法史：从数学到机器的故事","https://book.douban.com/subject/30411520/","[法] 吕克•德•布拉班迪尔 / 任轶 / 人民邮电出版社 / 2019-1 / 39.00元","6.7","14"
"5c6e8335a620d52b3423d0a0","黑客秘笈","https://book.douban.com/subject/26586582/","[美]彼得·基姆 / 徐文博、成明遥 / 人民邮电出版社 / 2015-7-1 / 45.00","6.4","14"
"5c6e8335a620d52b3423d0de","深度卷积网络：原理与实践","https://book.douban.com/subject/30236849/","彭博 / 机械工业出版社 / 2018-5-1 / 129元","8.1","14"
"5c6e8334a620d52b3423cf5e","计算机程序设计艺术","https://book.douban.com/subject/26681685/","Donald E. Knuth / 李伯民、范明、蒋爱军 / 人民邮电出版社 / 2016-1-1 / 198","9.5","13"
"5c6e8335a620d52b3423d016","手把手教你设计CPU：RISC-V处理器","https://book.douban.com/subject/30226994/","胡振波 / 人民邮电出版社 / 2018-5-1 / 99","8.5","13"
"5c6e8335a620d52b3423d03d","数据结构与算法经典问题解析","https://book.douban.com/subject/26834485/","纳拉辛哈·卡鲁曼希 / 骆嘉伟 / 机械工业出版社 / 2016-6-1 / CNY 79.00","8.8","13"
"5c6e8335a620d52b3423d0cd","计算机科学概论","https://book.douban.com/subject/26877745/","[美]内尔·黛尔、[美]约翰·路易斯 / 吕云翔、刘艺博 / 机械工业出版社 / 2016-5-1 / CNY 79.00","9.1","13"
"5c6e8335a620d52b3423d02a","大数据平台基础架构指南","https://book.douban.com/subject/30269326/","刘旭晖 / 电子工业出版社 / 2018-7-1 / 69","8","12"
"5c6e8335a620d52b3423d077","Writing An Interpreter In Go","https://book.douban.com/subject/27034273/","Thorsten Ball / Thorsten Ball / 2017-2-15 / USD 38.95","8.8","11"
"5c6e8335a620d52b3423d032","Microservice Patterns","https://book.douban.com/subject/26989027/","Chris Richardson / Manning / 2017-9 / GBP 38.44","8.6","10"
