id,city_name,content,nick_name,score
0,广州,超好看，不剧透哈哈,🐷,5.0
1,金湖,很棒只能用两个字形容,夏日唾饮,5.0
2,南京,***都给我去看,NpK645826290,5.0
3,邯郸,为童年画上一个圆。奇异博士已经看穿一切。,CAFE的味道,5.0
4,石家庄,十年漫威，十年青春，绝对值得一看,_qqh5k1345259302,5.0
5,海口,很好看 不解释 漫威忠实粉,,5.0
6,瑞金,精彩，很好的3.0结局,西瓜草莓菠萝芒果,5.0
7,涪陵,我就是钢铁侠,WXc608467203,5.0
8,宁波,没有任何语言来评价！满分,jiang724,5.0
9,益阳,完美，非常完美,👾,5.0
10,巴彦淖尔,再见，托尼·史塔克,突然就懵比,5.0
11,深圳,这么多人合伙欺负灭霸，还被杀了两次，他太孤独了😂,你也可以嚣张,5.0
12,阳泉,超级好看，无论是过程还是结局都出乎漫威迷的预料！,TEM972043684,5.0
13,南京,不多说 绝了,kawayisaina,5.0
14,武汉,再见了各位大佬,带我看世界,5.0
15,杭州,我哭了，再见我的青春,PGE6458,5.0
16,天津,英雄不朽 ！,PgS952639293,5.0
17,永康,好看 想哭哭,明年今日了草,5.0
18,成都,巨好看！！二刷！！,Yiling 왕,5.0
19,上海,黑寡妇钢铁侠凉了。难受,LuWEiDi1,5.0
20,巴中,"实在是太好看！！！
作为漫威铁迷就不剧透了！！！
但是结局都没有猜对！！！！",森情难却,5.0
21,乌鲁木齐,泪目，完美收官，陪伴了我的青春，十年复联。,嗯哼恩亨,5.0
22,南宁,太好看了，九队，妇联闺蜜团，瓦坎达万岁,nWw298305533,5.0
23,永济,集合！复仇者！,小将梅西,5.0
24,南京,"没什么评价
我们下一次再见",新新新浩浩浩,5.0
25,邹城,唉，我不想剧透，你们慢慢看吧,堃,5.0
26,北京,完美到没话说。,宇宙无敌小申申,5.0
27,江门,有比10分更高的分吗？,托柒,5.0
28,泰州,唯一差评就是漫威请不起唐尼了,叫我Ryan啦、,5.0
29,石家庄,非常非常！！！！！！！！,小小女生影,5.0
30,成都,我就想问下有彩蛋没,醉笑三萬場,5.0
31,长春,准备二刷，，，,猫见丿,5.0
32,泸州,"奇异博士出现了么
",ww,5.0
33,淮南,激动的心，颤抖的手，我们一起看复仇者联盟4终局之战，全局无尿点。,CGG817224624,5.0
34,成都,这是你我他的一个梦想吧！,钓鱼岛上的119,5.0
35,松原,有没有剧透的,总有刁民想害朕,5.0
36,洛阳,美队是最后一次出演么？流泪😭,vlm511123102,5.0
37,北京,非常好看，，，，，，,人和人刚认识最好,5.0
38,广州,估计过了等下凌晨三点左右过后就各种剧透了吧，坐等你们的表演～show times😌😌😌,浮夸承,5.0
39,长沙,还没看但是必须好评,qzuser,5.0
40,肇庆,上一年和女朋友去看复仇者联盟3今年一定要带她看复联4😏 ,维他命C.,5.0
41,徐州,希望那些看首映的人能看见这条评论然后告诉我有几个彩蛋，千万别剧透,hcu733454988,5.0
42,江门,喔期待  啦啦啦啦,　Tyler,5.0
43,三亚,这钱好赚了，票房估计历史最高了,Vi,0.5
44,重庆,票买贵了！！！,本色从容,2.5
45,驻马店,满分！！！！！！,花生同学ii,5.0
46,深圳,前一个钟无聊到爆 中间一个钟讲故事 后边半个钟精彩打斗 最后半个钟讲故事 失望,夜梦游sunny,1.5
47,淮安,很失望没意思,碧波粼粼,3.0
48,郑州,不剧透了，完美，最后一战,fBk341238036,5.0
49,齐齐哈尔,简直是太让我想哭了,Bad169206768,4.5
50,汉阴,吹爆好吧！！！！！,Tsm727022032,5.0
51,广州,得连刷一波iMax圆梦,Lgj805452232,5.0
52,武汉,无敌！无敌无敌！,DWb169738984,5.0
53,顺德,没什么好说的。,小学生oh,5.0
54,广州,两位血肉之躯，堪比神明,铭聪🇨🇳,5.0
55,合肥,几次的全场鼓掌，已经说明了真的真的对得起期待。一个英雄时代的落幕！,lindakk,5.0
56,泸州,很好看！毕竟作为一个漫威迷，总结篇还是给个1”分，以后估计不会再有了。,浩哥帅过陈奕迅,5.0
57,如东,史诗巨作。。,dQj413041704,5.0
58,西安,系列最无聊的一部,刘Awesome,3.0
59,广汉,我的世界再也没有钢铁侠,安好,5.0
60,温州,好看无尿点。,偸杺厷孖,4.5
61,杭州,钢铁侠死了     复联3化为灰烬的人回来了,じょう あ なん jyouanan,5.0
62,绵阳,真么高分一部分因为情感一部分因为爆燃的场面，无法用言语形容了！,zx1262794590,5.0
63,邵阳,真的以你开始也以你结束。谢幕了。,那又怎样我又不是皮卡丘,5.0
64,杭州,惊喜，精彩，惊艳绝伦，只能说一句**，喜感太多了。,宋song丶,5.0
65,成都,非常震撼 很感人！,Kim,5.0
66,汕头,垃圾。复仇者回忆录,家沐,0.5
67,长沙,难过 最爱的妮妮丢下女儿走了,seven丷520,5.0
68,杭州,妇联的兄弟们出来的那一刻我哭了。期待漫威宇宙第二阶段的到来！,XIAOJI丶,5.0
69,大庆,属实狠强了这波,,5.0
70,南昌,amazing！,zengninini,5.0
71,诸暨,惊奇队长有点失望，没发挥大作用，钢铁侠以后没有了吗,水晶鱼964,4.0
72,郑州,我的钢铁侠😭 ,黎白南,4.5
73,广州,赞赞赞，很燃很炸,琦总,5.0
74,贵港,希望还有下一部,陈志泰,5.0
75,济南,**，好看是好看，还我***,The Martians,5.0
76,石家庄,亿万分之一的胜利！,海贼王v路飞,5.0
77,广州,哎哟妈呀  上厕所先,T、K,5.0
78,深圳,灭霸不是最终boss,GdG594309482,5.0
79,从化,真的看哭了，哇,Cap,5.0
80,南京,别等了，回去吧，没有彩蛋的,吴兵869,5.0
81,咸阳,接受不了钢铁侠死了、黑寡妇死了,TgM499302932,3.5
82,广州,respect钢铁侠 ,d,5.0
83,厦门,剧情全是凑的！建议便宜了去看,vipZhoulei1314,0.5
84,南昌,死人了，有点伤感，,霸头,5.0
85,霸州,剧情超级精彩,孤独的根号三13931606106津芳,5.0
86,郑州,完美只是可以 钢铁侠美队寡姐看不到了,中二君2151,5.0
87,泰安,漫威迷首映超赚,Enb104537279,4.5
88,佛山,死的真壮烈。,马达,5.0
89,东营,完美  挺好看,唯一、懂你的我,5.0
90,长沙,完美的作品！,zrr986945456,5.0
91,温州,妇联4全场最佳，打响手指的钢铁侠（美队：我锤子耍的 溜！）,京武先生,5.0
92,仁寿,期待的太高，但总得来说还是可以 ，正常9分,Smart皓,4.5
93,运城,中影圣谛影城的巨幕厅音响效果很棒，感觉是运城目前最好的巨幕厅，体验感自我感觉最好，前台服务周到，最主要离家很近，今天就是来看灭霸的，嘿嘿😁,wnc485028495,5.0
94,淮安,真的太燃了。,剪不断烟花1,5.0
95,九江,以复联为结尾，再见，我的青春！,沈灀,5.0
96,临沂,可以不错值得一看,GachineGun丶一九四二,5.0
97,重庆,I'm iron man  i love u three thousands times,我想说在座的各位都是垃圾,5.0
98,深州市,非常的好看，非常的震撼！满分,奶罩甩甩灬,5.0
99,武汉,超级好看 还结合了前面几部的剧情！,甜520sweet,5.0
100,南宁,好看看得不得了,符苡茗笙,4.5
101,福州,一生无悔入漫威 期待下一个十年 3小时真不够看！！！！,PNG845089474,5.0
102,顺德,IN THE END,Holiko,4.5
103,涟源市,垃圾电影，拍的什么玩意儿啊！,街角买单,0.5
104,泉州,两个美队打起来了,孫,5.0
105,东莞,接受不了最爱的美队老了😭😭😭,kobe0924,5.0
106,即墨,情怀，真心不错,小宝,5.0
107,新蔡,还没看🤐🤐🤐🤐🤐,具大的尹朵斗俊,5.0
108,泰州,听到锤哥说的那句话，“我就知道”当时心里那个激情澎湃啊，太精彩了，,Udi199396010,5.0
109,高州,有点乱，没有惊喜。,袁燕锋,1.5
110,杭州,太好看了！绝了！,老吴,5.0
111,郑州,怎么可以这样,wap幻,5.0
112,淮北,very good,蔡子圣,5.0
113,德州,结局还算挺好，整体满意,Jya166431102,5.0
114,中山,期望太高，未完场走了。差点睡觉了？,冷莫神君,2.5
115,南昌,炸了炸了炸了,X,5.0
116,合肥,"复联四好看是挺好看的
就是一个人看就感觉😂 
⊙∀⊙！就不太好---哦豁",迷,5.0
117,黄石,再见钢铁侠，美国队长,MCm725268707,5.0
118,广州,钢铁侠最后牺牲了。,沙漠的西瓜1,5.0
119,高安,灭霸死了啊难受死了,何、很怪i,5.0
120,济南,牛逼啊啊啊啊,S生生世世,5.0
121,绍兴,好看的好看的,谢奇好棒,5.0
122,广州, 没有遗憾才是最大的遗憾,然,3.5
123,桂林,不错不错不错,安逸卡塞,5.0
124,厦门,电影院真好睡,E&M 时尚女装环环,0.5
125,廊坊,如果去掉一些无聊的jump scare和搞笑桥段，把电影时长压缩到两个半小时左右节奏会更优秀。,Wilhelmkidd,4.0
126,益阳,"不好看。都看了2个小时一点意思都没有直接回家了

",장미,3.0
127,太原,我是灭霸，再有几个小时我就死了，现在心里慌的一批。,djc851775614,0.0
128,涪陵,非常好呀！！！,一路伴你,5.0
129,台山,好看好看好看,Hime_TanNai,5.0
130,定州,美国队长死了新的纪元开始了钢铁侠退役了,ivg270940117,5.0
131,合肥,不点赞都是蔡徐坤,天青色无言语,5.0
132,渭南,我只操心还有5没有！？,贾曦航,5.0
133,佛山,差评，完全不知道在拍什么,良倾！车联网推广🚗 13432686425,0.5
134,宁波,我，就是钢铁侠,单色Dancer舞蹈,5.0
135,浏阳,"大家好我是灭霸
再过几个小时我就要死了
他们临死之前都要喝奶茶、借路费
我不一样
我只想听大家再叫我一声霸霸",Alx_李四海,5.0
136,中牟,结束了！还算完美结局,zhang2175,5.0
137,温州,10年漫威真棒,rnx15305770995,5.0
138,中山,钢铁侠真死了？？,白泽01,5.0
139,重庆,后悔了后悔了,快刀青衣？？？,2.5
140,重庆,看首映的把你们的嘴缝好,070,5.0
141,临泉县,大家好我是灭霸，今晚就要死了，我现在慌得一批，有没有好心人给我转账5000块，想买一套海蓝之谜死之前想给我的褶子脸护个肤，让我精致的死去,Vc三店ShaLon  一凡,5.0
142,顺德,很一般  感觉强行把灭霸写弱  特效也很一般  剧情又臭又长  和复联3比起来差远了,簞蒓,0.5
143,哈尔滨,我的青春 走了,你要剁手的想神,5.0
144,常州,各位大佬，请不要剧透,我是头吃货,5.0
145,深圳,买的27号，好怕被剧透,ONo713230590,5.0
146,青岛,还没看，但我知道我一定会给10分的。,LyNyJeR,5.0
147,镇江,十年之约，不负青春,法拉利路口看了,5.0
148,乌鲁木齐,漫威十年，始于钢铁侠，终于钢铁侠。,oMc21367433,5.0
149,唐山,好看，太好看了！,桑塔纳250,5.0
150,桐乡,泪点不是一次  ,A小伙子,5.0
151,济南,感觉绿巨人，钢铁侠，没有攻击性了，这个比较失望，其他都不错！彩蛋好像没有了,小人物,4.0
152,东莞,特技炫酷，以前未处理的疑问基本处理完,泛滥不堪的年华,4.0
153,温州,我拒绝三千遍。,OJBK,5.0
154,淮北,这规范化打工的,Q板,5.0
155,昆山,太好看了，超棒十分。,RyU895327427,5.0
156,洛阳,真的是剧情和人物处理刺激到爆炸三个小时真的没去厕所 ,Ⅹ,5.0
157,沈阳,沈阳k11零点首映原价转票一张,美人兒啊,0.0
158,乌鲁木齐,结尾大战太好看了,elzat14,5.0
159,深圳,超级烂，看过烂的，没看过这么烂的，看了一个小时不知道看的什么东西，垃圾垃圾,kMj592093312,0.5
160,兰州,十年结束了 吹爆美队,Zvq670259261,5.0
161,淄博,结局挺好的，,Ndu910599277,5.0
162,东莞,看了一个小时都不知道在放些啥，看的都睡着了，不要期望太高 ,Angel,0.5
163,邹城,成功的把我看睡着了,卑微小李在线讨饭,4.0
164,上海,好看完美精彩,nicotina,5.0
165,攀枝花,高考可以重来，复联只有一次！,Dinosaur,5.0
166,霸州,不好看超无聊的一次电影,꧁༺夢盈༻꧂,0.5
167,深圳,好看到爆炸。,晚安微笑,5.0
168,聊城,妮妮死了？😭😭😭😭,叫我刘小黑,5.0
169,天津,钢铁侠死了，太伤心了看完以后,孩阿他爹,5.0
170,上海,为什么没有海王  不开心,Carrie 🇲🇳,5.0
171,成都,好看的 推荐看,缘梦鑫,5.0
172,深圳,蛮好看的！！！,就要无名,5.0
173,偃师,能卖二张相同的票白开车过来了，必须差评,大猪蹄子1235,0.5
174,杭州,有Bug  卡魔拉可以复活  穿越到未来不死 为啥寡姐不可以  ,街角,4.0
175,济南,好想好想好想要钢铁侠同款闺女 好可爱,BCK759157839,5.0
176,广州,回忆杀...不再漫威,尚格🔴.十六號🦍,5.0
177,广州,结局真好，可是还有很多惋惜的地方。。。,自由落寞怎么区分,5.0
178,惠阳,可怜的灭霸哈哈哈,是谁独自哭泣,5.0
179,郑州,为了看首映，我明天上课要困死了🌚 🌝 ,＾shmily＾,4.5
180,绍兴,太不好看了，我和前排姑娘都睡了一觉，低俗片在放什么都不知道，骗中国人的钱吗？还是大黄蜂，海王好看，特别的失望！,钻石girl520,0.5
181,广州,为什么说不能和对象去看复仇4,.,1.0
182,银川,居然没有我最想看的神奇博士:P不看了,懒画眉,4.0
183,中山,好看的不得了啊,aBx891855730,5.0
184,昆明,嗯，说不出口,丶排长,5.0
185,江门,才卖200，太便宜了吧，不卖个1万起步对得起土豪腰包？,A 广佛黑名单房贷  租金贷30万起批,0.5
186,深圳,再见了，复仇者！,Bnxd徐凤年,5.0
187,漳州,好看！不剧透。,斯蒂芬·谦,5.0
188,曲靖,震撼大片，期待,XG、小薛,5.0
189,德清,没有想象中饿好,刘朋飞19900903,3.0
190,广安,真的是太棒了,11🍃,5.0
191,安平,伴随着钢铁侠的退出，结束了。,极简世界,4.0
192,宁乡,看不懂........科幻片真头疼,娟哥好可爱,1.0
193,深圳,很好，灭霸终于,a北城南墙,5.0
194,江门,想哭，我的iron man,七姑娘900,5.0
195,东莞,请问是马上开始吗？,A左右沙发-黄学文《南客》,5.0
196,射洪,好看啊，好看那，虽然还没看……,wzq563246139,5.0
197,广州,期待期待！！！,rcb995519521,5.0
198,潍坊,后面超燃，推荐去看相当棒，,回村的诱惑灬,5.0
199,佛山,好看啊 真好看 还要刷第二遍,HkD494792558,5.0
200,西安,其实我还没看 只是感觉,、Lyon,5.0
201,重庆,好想喊个暂停我想尿尿  不想错过一帧阿 ,7,5.0
202,昆山,一塌糊涂 没有逻辑思维,bNQ103636634,0.5
203,衡阳,多给个结尾呀，好看( •̀∀•́ ),稻草人4654,4.5
204,南宁,此生无悔入漫威,望你不忘你,5.0
205,天津,寡姐没了！钢铁侠没了！泪目,林先森🔚,5.0
206,深圳,我一个单身的惹谁了，特地挑个凌晨，角落位置，那些情侣有病啊，中间空出那么多位置不选，非在我周围，看个锤子,nQR835178184,1.0
207,襄阳,明天去看 先给个高分,USX307381450,5.0
208,柳州,整部剧长3个小时，各位亲就从第三个小时看，然后看半个小时就可以走了，其他的都不重要。,星ATT,0.5
209,包头,大家好我是美国队长，我要去打灭霸了，我现在慌的一批，决战之前想喝杯奶茶补充体能，请微信转我200块钱买奶茶。别问我为什么人家都要20我要200，因为钢铁侠他们也要喝,小海阿瓦,5.0
210,广州,"我爱我托尼，
泪目，
真的很难受
",Her·Majesty👑,5.0
211,枣阳,看电影没评论过，差评,哥只是传说,1.5
212,厦门,赞👍！！！！,cqqqqqqqqqj,5.0
213,聊城,大片确实有大片的效果,GSL599231246,5.0
214,桐乡,震撼，我亲爱的妮妮,渐远？,5.0
215,遂宁,超级英雄终篇，打卡,为战而活,4.0
216,中山,最喜欢的角色就这样离开了,沉迷搬砖无法自拔,5.0
217,常州,钢铁侠死了，可惜可惜,影丶烨,5.0
218,顺德,只能说电影院的问题 6号厅屏幕好差 视觉看上去感觉好累,dier18576532108,5.0
219,北京,不舍不舍，万分不舍！,nOu522978723,5.0
220,汕头,非常好看就是钢铁侠死不好,stu385883911,5.0
221,佛山,还不错的，就是打架的时候刺激。,曹传俊🍀,4.0
222,上海,钢铁侠的落幕  一个时代的终结,Allen  Zhang🍃,5.0
223,郑州,可能到最后我最后悔的事就是没看首映,LLLMR_,5.0
224,恩施,差评，不好看,空心,1.0
225,梅河口,怎么说呢  2点40就结束了基本上  哎不剧透了  我的漫威迷挺好的值得看一看  就这样,COAN248,5.0
226,宜宾,终节以后就是平静，,taj956557257,5.0
227,天津,非常不错我很喜欢,A 时光少年依旧蓝#,5.0
228,长沙,寡姐没了，灭霸死了,宁乡薛之谦,5.0
229,惠阳,没想象中好看,eKP370535429,3.0
230,成都,震撼看哭了。再无钢铁侠了,小胖子,5.0
231,上海,美国队长 挺可惜的 结局就像青春 怎么可能是完整的,伤心小折腾,5.0
232,重庆,很好看很好看,💋,5.0
233,天台,怎么说这部电影呢，开头还不错，还算看的下去前面两个小时可以打个8分，后半部分大制作二十分钟还不错，足够精彩，后面的四十分钟让我有一种太过情怀的感觉，以至于后面十五分钟我都没有看了，切记，看之前少喝水，否则最后几分钟真的坚持不下去，,念熙ing,3.0
234,西安,没啥说的，我就是来刷分的🍀 ,💁 熬夜冠军Roger,5.0
235,深圳,满分不需要理由,vKQ250247679,5.0
236,东莞,我要去看啦啦啦,GuO郭丶少爷🎩🎃,5.0
237,东莞,系列最好的一部,HouseBoy,5.0
238,武汉,对美队是真得好，秀了，也体验过人生了。可怜的tony，自己一个人扛下来了所有，心疼。,jack丿23,5.0
239,溧阳,灭霸居然被蚁人搬走一颗宝山，然后就稀里糊涂被打败了？？？这个剧情设定太弱了,Bingoooo9,4.0
240,芜湖,再也不看漫威了,实在是懒得想名字,5.0
241,临沧,有没有彩蛋呀,CC是金刚不是芭比,5.0
242,宁波,超级好看耶！,lna1986,5.0
243,成都,刚刚看完，惊奇队长打了个酱油,yjf318710278,5.0
244,淮北,很是期待这部复联4,闫宋凯爸爸,4.0
245,天水,万万没想到，是这样的结局，不剧透了，有两个人死了！,CLOTLzxx,5.0
246,武汉,乐色…………,mYq115130543,0.5
247,廉江,垃圾，骗钱的东西，退钱,我不是好人,0.5
248,大竹,完美收官  😀,MVf537078176,5.0
249,重庆,great....,AlexanderMcQ_,5.0
250,龙岩,挺特别的，和女朋友一起看，熬夜,zjx66589,5.0
251,济源,感慨万分 没法说啊这,帅威阿,5.0
252,上海,太好看了！！！为什么只能打10分，给100分都不够！！充满了惊喜，你们自己看就知道了，先不剧透了,麦马🐔,5.0
253,深圳,熬夜值了！！！！,Tia554181148,4.5
254,临漳,啧啧怎么说.不开心,ZHAOKAI.,5.0
255,新密,挺好 全部复活了 最后遗憾的是队长死了,玲玲521...,5.0
256,灯塔,漫威很良心了,WangSen,5.0
257,佛山,特效还行，剧情太拖。睡了大半场,kayee2222,3.0
258,扬州,辣鸡电影再也不看了,bTY928049113,0.5
259,南京,好看的一比 吹爆美队,他的猫很傲娇,5.0
260,长沙,不用多说，必须满分,JXM268406701,5.0
261,宜昌,我能说什么呢 太让人民失望了 垃圾,Vbi491120580,0.5
262,上海,漫威粉丝，五星好评,烟雨楼丶,5.0
263,合肥,整个电影院看了半小时热不行。无语,qmy343974560,5.0
264,成都,感动  精彩  ,特马斯,5.0
265,中山,不错不错不错,wie995244022,5.0
266,南昌,美队抡雷神之锤太帅了,霸气侧漏,5.0
267,东莞,超级烂片，强忍着看了前面两个小时，终于忍不住要走人，没看过那么烂的片，***的那么贵,红宝堂红木，张生,0.5
268,成都,难看 难看 难看,a👌o,0.5
269,常州,好好好好好好好  美国大片就是美国大片,未来、战士,5.0
270,遵化,又臭又长，为了拍电影而硬拼凑的剧情，是所有复联里最差劲的一部，带着情怀勉强看完。,cxdlly,3.0
271,深圳,有失必有得，我们的钢铁侠,FhY124505120,5.0
272,儋州,我还没看呢 但是在我心中就是完美！,K6849,5.0
273,嵊州,很好很不错qwq,喵言喵语猫不理,5.0
274,西安,最燃的，最回忆的。,okQ535455869,5.0
275,遂宁,期望太高 就这样,iVE224344317,2.5
276,广州,"全场都在等彩蛋 到底有没有 
美国队长你个糟老头子坏的很！",🐾Jackie郭美男,5.0
277,中山,"美国片还是讲特效吧。伦剧情中国比你好多了
3小时。居然开始走剧情路了？",_qqzh81433767422,0.5
278,郑州,"剧情满分
满足期待零分",肆丶小调,2.5
279,永康,I AM IRON MAN,微醺1993,5.0
280,天津,此生无悔入漫威,Maple枫Leaf,5.0
281,长春,复联，我们的超级英雄。是要下架了吗？大写的心痛！,球球,5.0
282,唐山,太好看了，特效太炫了，剧情跌宕起伏，既有搞笑也有感人，全程真无尿点(づ ●─● )づ,Elite,5.0
283,广州,比海王差远了,梦里是谁,1.5
284,南昌,此时此刻，我们在影院傻等彩蛋,卍,5.0
285,广州,我的洛基呢？我记得他跑了，哈哈,zqw,5.0
286,东莞,1般般，很闷的电影，看了一半出来了,zyb852096,1.5
287,高州,谢幕一役，必须完美！！！！,肖然心动,5.0
288,绵竹,虐心，永恒的钢铁侠再也回不来了,淡淡稻花,5.0
289,衡阳,好看到爆炸！！！！！,五灵威力缠身,5.0
290,三亚,钢铁侠消失了 难过,鑫磊小同学,5.0
291,绍兴,太疯狂了，电影史上的奇迹。复4对漫威迷来说是个圆满的结果。一步步的看着漫威的电影，老美的电影还是胜人一筹。整整10年，漫威用22部电影陪伴了我们。,UDq229153933,5.0
292,合肥,满满的笑点，满满的回忆，这是一部史诗级的电影，是一部会超越阿凡达的世界票房冠军🏆,演绎G人生,5.0
293,怀仁市,3个小时，真值啊！哈哈哈！为了看4，又把123看了一遍！,华夏荣耀,5.0
294,广州,本来定好票说来的，结果还有半个小时就开场给放飞机了，放就算了，还不说我还是自己问她来了没有，结果说不来了。后来把票送给别人了，然后回家睡觉了。对着电影有阴影。。。,aaA531932843,3.5
295,顺德,灭霸死了吗？,柏尼电子锯「佘潇」13074279871,5.0
296,合肥,已看了了了了,fAV716887683,5.0
297,宿迁,满意 很好 以后不会再看漫威了。ok就这样,Melody,5.0
298,清远,希望我看完后，不用改！漫威迷们，冲啊！,LISAHOPE,5.0
299,连云港,初代英雄的完美落幕～看到泪奔,苹果脸小妞,5.0
300,开州区,怎么说呢，不能改签是什么鬼*,不该,5.0
301,天津,不好看、剧情不行,天津新潮标牌文具18822100505,0.5
302,盐城,这个满星是给灭霸的，因为5月1日是灭霸的头七,啾啾啾,5.0
303,湖州,铁男和寡姐牺牲了。,Lancer,5.0
304,大连,憋尿之战，来挑战,a  o  w,4.5
305,海宁,太啰嗦不好看,ZOZ524895106,0.0
306,绵竹,好看好看好看,雨殇晨寒枫,5.0
307,成都,太难看了，三个小时的电影，只有十分钟的打斗场面。太失望了😞 ,宿命。,0.5
308,合肥,"剧透***啊

",🔵🔵🔵🔵🔵,5.0
309,昆山,唉，钢铁侠死了，美队老了,曜世星辰,4.5
310,南京,真的太好看了，嗯，特别精彩，小小的剧透一下，灭霸败了,fMX73717017,5.0
311,上海,哎还行吧 唯一的遗憾钢铁侠黑寡妇牺牲了,pFa424141394,4.0
312,西安,非常棒  很好看,A奶瓶650,5.0
313,成都,超级爱漫威😊 😊 😊 ,王志成(志霞厨房设备)13540128882,5.0
314,淮安,喊美女睡觉的专用时间点,要吃肉的小李,4.0
315,佛山,超级值得！！,野猪猪猪猪,5.0
316,娄底,零点看首映竟然不是英文原版！💔💔  😪 😪欺骗观众，伤了漫威铁粉的心💔 💔 👊 👊  ,赏金猎手,0.5
317,南阳,内容不错(*๓´╰╯`๓)♡,QWv215616005,4.5
318,上海,这也太好看了吧,iBt12768499,5.0
319,宁德,复联5没有我出场是镇不住了！除我没有更大的boss！,Xiechengjie21,5.0
320,佛山,集结号一般的回忆！,Cocolala,4.5
321,富顺,太感动了 不过寡姐不是要拍新电影么？怎么回来……,FnP437909448,5.0
322,珠海,10年收官，一路同行,c湯馬仕,5.0
323,池州,前面的尿点太多了，好看是挺好看的,九华山导游周,4.5
324,东兴,漫威十年，谢谢有你。,孤独源自悲伤,5.0
325,石家庄,对不起没等到最后。请问有彩蛋吗,AAAAAA格调造型,4.5
326,唐山,这个结局我喜欢！！过程巨tm好看！！！,JiB693333012,5.0
327,鞍山,扎心了。。。。。,咯啦怕咯啦咯,5.0
328,电白,好看。。。。。。。,rHb964236673,5.0
329,新乡,好看的不行了,Opr668620747,2.0
330,杭州,挺好看的，美式幽默，就是电影院里居然有人看哭了，可能是还不够煽动我？,也就那样吧,5.0
331,上海,看演员表我居然推测对了太酷了吧!,Lion3647,5.0
332,江门,我会想你的。,陈🌱,4.5
333,江门,我的青春散场。,大杰哥,5.0
334,深圳,听说灭霸已经死了，大Boss出来了，秒了灭霸，惊呆众人,明心100,5.0
335,淮安,实话说还行吧，给个中肯评价,我是老猫哦,4.0
336,上海,"不错
【如梭慢递】WX小程序，暗恋就用匿名功能",曟靊亹鼕,5.0
337,深圳,非常冗长拖沓，看的昏昏欲睡,Mr. Bean,0.5
338,广州,觉得整个电影院都是****在叫的顶我，忍了一个晚上,晨曦之月光,5.0
339,深圳,精彩，终局之战,vXJ147935437,5.0
340,柳州,十年无悔入漫威,巫qiu,5.0
341,上海,求求大佬爸爸们别剧透,oOP891001151,5.0
342,淮南,垃圾，没有3D，字幕不清，一个小时了，前戏看了三遍，还在等待。一级棒,A尤趣,0.5
343,温州,再见钢铁侠，美国队长,在下着了迷,5.0
344,福州,不枉费熬夜看首映,小陈清,5.0
345,永州,史上最难看的电影，连一分都不想给，*骗子，骗钱的,a良良💦15874608949,0.5
346,温州,3小时无尿点，太赞了,空白909,5.0
347,晋江市,就很帅不愧是钢铁侠,L,5.0
348,澄迈县,我最爱的钢铁侠！,学着踏实而务实.,5.0
349,广州,完结我的青春，感动,如也,5.0
350,莆田,敲级无敌期待!!!,喜塔腊式尔康,5.0
351,乌鲁木齐,不算好看，也不算难看吧,EPr502136608,3.5
352,晋中,爱漫威！我的青春,迈迈,5.0
353,广州,回到过去，逆转未来！😭😭😭妮妮,Alsos,5.0
354,西安,以凡人之躯，比肩神明,无厘头店小二,5.0
355,乐山,马上进场了，同样的影迷朋友点赞,zxR799134943,5.0
356,南京,英雄终会落幕，故事也一定会结束,吴亦几,5.0
357,上海,复联终结篇必须满分,杰克丹尼尔,5.0
358,乌鲁木齐,太烂了，12:05的电影一直不能正常播放，说的需要推迟一个小时。我们就是来看首映的这样算个什么？烂地方大家不要来看,mlM915726578,0.5
359,句容,相当完美，值得一看，,ATLAS_HERO,5.0
360,渭南,nice  qwq,那谁12138,5.0
361,广州,前2小时有点拖沓，最后决战还是不错。,tal674559712,3.0
362,丽水,只要是自己期待的电影不管好不好看都给好评,太阳很想吃糖,5.0
363,无锡,好看好看好看,ERecur,5.0
364,东莞,雷神这是在牺牲他的身材逗我们笑啊,kxO776263545,4.0
365,涟水,"还是电影院看的带劲
激情不缺乏搞笑",@👻 W👻,5.0
366,承德,止不住的眼泪,说学逗唱207,5.0
367,安吉,女神竟然死了.....,财神-朱,5.0
368,石家庄,明晚见我亲爱的绿巨人大哥,Okami,5.0
369,太原,要来了....,ā bing,5.0
370,仙游县,1.2.3都没看过，第4能看得懂么😂😂,卍御品艺雕,5.0
371,杭州,不知道为什么，我就是觉得这类电影都不喜欢看,YIC581886851,1.0
372,北京,特别强烈的视觉冲击 很不错的一部影片 更多的是感动与激情 感谢复仇者联盟4,黄小媛wy,5.0
373,无为,真好看，最后洛基复活给灭霸补了最后一刀,风止雲霁.,5.0
374,平潭,屏幕没有全屏，字都看不到，真的垃圾,一千年,0.5
375,六安,真的，感动感谢斯坦李为我们带来的这么精彩的作品。,日天酱,5.0
376,南京,"青春的谢幕
",Tankey,5.0
377,常州,太好看了 赞,Obu435268247,5.0
378,南宁,前面一个多小时都不知道在讲什么，看得要睡着了，直接走人了,彭宇翔,2.5
379,银川,憋尿。。。。。。。。。。。。。,👹,4.0
380,射阳,不是那么完美,芥末酱、,5.0
381,成都,结局挺好的。虽然少了两个。挺满意了~,桃酱酱酱酱,5.0
382,新余,好像不是所期待的那么刺激,N_念。,3.0
383,北京,漫威 牛 逼 漫威 牛 逼,刘奥奥奥,5.0
384,濮阳,懵逼了😂😂😂,欲修扶苏,5.0
385,新余,期待无比，终局之战,简云霞,5.0
386,南通,不好看，首映还卖疯，看的想睡觉，没意思,UoY720178145,1.0
387,安吉,"看之前……
一堆外国英雄全牺牲我也不在乎
看之后……
都**的给我哭……",一别两宽各自欢喜,5.0
388,上海,10分吧，但是这个电影感觉毁了，本想能过百亿的，这个剧情全球难过妇联3二十多亿美元。难怪官方说不是4而是3下！！！哎。,SKC652465492,5.0
389,义乌,非常期待，值得一看,dRG15268600028,5.0
390,武义,太累眼睛 👁️刺眼 看了10分钟,佩琦 ！🌹💕🎊🎊,2.5
391,东阳,电影没什么好看的，全程感觉都在自责,UNW785145038,1.0
392,苏州,钢铁侠死了！,刘士豪999,5.0
393,重庆,"其实不知道有多少人，正默默的看着手机，翻看着评论，而这一秒，你也刚好看到我的评论。
陌生人，你好，祝你2019健康、快乐、发财。
我们看的不是剧情，是伴随我们多年的青春和情怀！",16323157rui,5.0
394,西安,挺好看的，我已经看了好几遍了,xuv745998493,5.0
395,常州,再牛逼也超越不了阿凡达，阿凡达，应该很难超越,莫莫西路矣,0.0
396,鄱阳,感动😭最后一部了,zDW431255331,5.0
397,上海,无感。记叙文，流水账,我的脾气超级好,2.0
398,南阳,都说看完电影电影院发女朋友。。。也不知道真假。好期待,南阳SM俱乐部,5.0
399,射阳,"凡人之躯 堪比神明 
致敬钢铁侠！",我就蹭蹭不进去丶,5.0
400,临海,完美！必须看，不剧透，老漫威迷绝对值得拥有，,LdO144267147,5.0
401,昆明,托尼斯塔克有一个温暖的心,eam115911891,5.0
402,北京,太帅了啊啊啊啊,Jarry674,5.0
403,大连,真心忍不住想爆粗口！129一张票！两天IMAX都没有位置！凌晨三点都是满的！一个个都不睡觉的吗？熬夜看不怕猝死啊……！求票……,Y.姝妤,3.0
404,广州,不要剧透呀！！！,bRM296591311,5.0
405,胶州,我感觉没有第三部好看咋办,ATY723585189,0.5
406,无锡,三个小时有点长,uuL765713750,5.0
407,成都,节奏太慢，睡着了！！！9分给钢铁侠和寡姐～1分致敬我的青春(˶‾᷄ ⁻̫ ‾᷅˵),Mr.Davis,5.0
408,长春,此生无悔入漫威，来世再做响指灰！,一叶知秋。,5.0
409,深圳,打卡 检测认证找我,REb601646576,5.0
410,高陵,还没有看的请点赞,往北走℡,5.0
411,成都,精彩至极！！,伟仔是老虎,5.0
412,郑州,感谢你，漫威十周年,崔成,5.0
413,青岛,没有奇异博士,PHo512377177,3.0
414,珠海,完美，真的很好,君莫笑,5.0
415,武汉,陪伴十几年的漫威第一阶段结束了，感觉自己也老了。很精彩，很难被超越，再见了，人生的十年…,陈欢489,5.0
416,深圳,mvp∶钢铁侠,LMi147892843,5.0
417,顺德,只能说是卖了一次情怀，不是很理想，整体对战的那一场真的high了，但是感觉不好。,郑贺超 欧洲原装进口瓷砖,3.0
418,海城,好看好看好看,嗯嗯嗯嗯,5.0
419,上海,很多人在 好好看,David,5.0
420,常州,不是读书人，全程woc+wok+nb，真的全程无尿点。别去猜剧情根本猜不到,XPI996218192,5.0
421,海口,有一点感伤！！！！！！,jQL719814229,4.5
422,南通,求剧透，求剧透,Uhk242119906,5.0
423,重庆,"故事，特效，情怀都有了
十年磨一剑
二刷准备",Jooooker,5.0
424,北京,国家不是强制调整价格了吗，你家怎么还这样,舞儿,0.0
425,呼和浩特,完美完美完美,萱霸霸呦i,5.0
426,长春,三个小时  全无看点，感觉像言情片，唉 首映看的**,Dle103698805,1.0
427,慈溪,垃圾电影，浪费钱，,IsB999002225,1.0
428,吉安,当黑豹现身时超感动,傲娇-小胡,4.5
429,遵义,永远爱漫威，复联超级英雄们，加油！！,沈小熹熹,5.0
430,清远,一个时代的落幕，不算很完美，但足够了。,原来我是个沙雕QAQ,5.0
431,深圳,nice 赞,稚丶,5.0
432,芜湖,电影很好看，可是这个天气，这么热，电影院又这么多人，连个冷气也不开，所有的人热的要死,Mandeko,0.0
433,武汉,不咋滴，一个多小时前垫太长了,rZZ263857466,0.5
434,杭州,星爵还敢参加4？😂,DtB534,5.0
435,长沙,小哥哥小姐姐们，请你们看了不要剧透喔,SHINE 哈哈,5.0
436,郑州,很一般 别抱太大希望 不如前三部,RKK262968873,3.0
437,上海,原来3的结尾  奇异博士愿意拿原石去换钢铁侠 当时不理解为什么  现在理解了  原来千万分之一的胜利都来自钢铁侠  致敬  [心碎][心碎],Miss~ 大娇娇  ,5.0
438,六安,很震撼比复联三更强大,sfl281245015,5.0
439,深圳,大家好我是奇异博士，再过几个小时我就要去打灭霸了，我现在慌的一批，决战之前想喝杯奶茶补充体能，请微信转我200块钱买奶茶。别问我为什么人家都要20我要200，因为钢铁侠他们也要喝。,Li,5.0
440,寿县,串联了大部分漫威电影，感觉缺憾就是惊奇队长简直无敌。,对方正在输入...,4.5
441,上海,唯一能吊打灭霸的只有绯红女巫！,林煜皓,5.0
442,汕头,感动到流泪....,喝酸奶的诺仔,5.0
443,泰州,抵用券为什么用不了,大晨晨晨晨,0.0
444,怒江,我爱死了哈哈哈哈,nhm756129345,5.0
445,广州,超烂，我还没拿票，就已经完成了订单，这是什么情况？,_weixin638171793,0.5
446,柳州,把第一次首映献给了一生中最爱的漫威。,wolverine,5.0
447,常州,贼好看英雄必胜,vkP789461938,5.0
448,日照,我们中方表示不服，悟空已做好准备！什么时候可以出战呢！,A,5.0
449,上海,"最温情复联，永远的C位，托尼最后那句 I am iron man, 瞬间泪目！",多舛的摩西,5.0
450,厦门,我好难受啊。。。。虽然真的很好看。但是我好难受啊。,精分爷爷,5.0
451,眉山,太难看了，看的首映，总时长将近三小时，铺垫就用了两个小时零五十五分钟，惊奇队长出现了两分钟，打斗一两分钟，结束，这**也太扯了吧？,大猪蹄子,0.5
452,东莞,明天等我！！！,余生请多指教ღ,5.0
453,台州,美国大片果然不一样啊，,向日葵单,5.0
454,桐乡,六颗陨石 三支队伍 一次机会 爱了,nice,4.5
455,乌鲁木齐,特别好看666,夏导88,5.0
456,濮阳,无语了，真是老太太的裹脚布，又臭又长啊！,半生归来不懂人生,0.5
457,哈密,复仇者 集结,大昕燃,5.0
458,平潭,狗血。。看得想睡觉。垃圾到极点,123,0.5
459,深圳,其实我们一直看的只是奇异博士所看的可能性里,qxt905964376,5.0
460,深圳,谢谢妮妮带给我们这么好的作品。,泰妍哟,5.0
461,绍兴,为什么老爷子头像是灰的，他没有离开我们,H,5.0
462,湛江,硬眼做梦？钢铁侠自述，神奇女侠救他们回地球？然后他们去找灭霸复仇，发现原石已毁，故雷神杀掉灭霸。5年后，蚁人突然出现，他们想穿越时空，但是钢铁侠不愿意，很偶然的，钢铁侠发现了能够时空穿越的办法，所以全部的英雄又重新出发，分组行动，去到他们所负责的地方，如他们所愿，收集齐了原石，所有人都复活。令人意想不到的是灭霸也重新复活，大家艰难抵抗，消灭灭霸，牺牲钢铁侠。美国队长变老，浩克瘸了一只手，雷神变肥佬，娜？死掉,梁华振2597,5.0
463,中山,妮妮和桃总。。,伟吉,5.0
464,三亚,我想知道，电影后头有彩蛋吗？,OZu12022519,0.0
465,深圳,价格那么贵 先给个差评先,观看者2019,0.5
466,黄冈,好看，拍的特别好，特效很好，好好好好好好啊我也要看什么时候去学校的时候就可以了吧，我们群的人了吧！。？，。。。你不是在哪里？你在干嘛呢我现在都没有看到你的嘛不是一个人去啊你怎么可以这么高速免费版吗丁啉就是就是个打不在一起玩吗我是新手，,怀源茶荟,5.0
467,南宁,大家好我是美国队长，现在开始我就要去打灭霸了，我现在慌的一批，决战之前想喝杯奶茶补充体能，请微信转我200块钱买奶茶。别问我为什么人家都要20我要200，因为钢铁侠他们也要喝。,kIb642777523,4.5
468,郑州,我后面妹子哭的一塌糊涂。,我心向阳_,4.5
469,中山,坐等某影片票房上热搜,李家谦138,5.0
470,肇庆,太棒了10分电影,KKl324014925,5.0
471,北京,着实好看呐，激动人心,顾志荣,5.0
472,临沂,说心里话，期待了好几天，首映不睡觉就来看了，简直太让人失望了，真的很难看，都不想接着往下看,大橙子的先生,0.5
473,成都,唯一扣的两分，给我爱的两个人,舞小夕o,4.0
474,长乐,备朋友圈刷屏了……终局裁决！而我是第一次看！呵呵……,Q缘来一家,5.0
475,威海,圆满了 11年啊,EnchantedHUE,5.0
476,吉安,超级难看，最差劲的大片，被骗了,罗成,0.5
477,武汉,很精彩，不愧对为收官之作，但是，漫威，***,Arkham915,5.0
478,宁波,"可以说把我几年来所有的奇思妙想全圆了。
Thank you,Marvel.",XrO362159776,5.0
479,上海,太好看了吧啊,W.彐.,5.0
480,焦作,可无聊，名不符实,哈王子,1.0
481,江门,广东江门逸豪大地店，看到蚁人准备和老鼠商议就卡死，还重新播了三次，还是卡死黑屏。首映的体验不是一般的**……差评,TFx166431150,0.5
482,景德镇,内容精彩，生动形象,い落寞,5.0
483,郑州,致敬我永远的钢铁侠,孔可盈是淑女,5.0
484,固始县,非常好非常好,yhE694014404,5.0
485,临潼,想看啊希望不要被剧透,_qq4td1442748453,5.0
486,北京,灭霸啊！妇联很生气😡后果很严重,许三爷,5.0
487,广州,精彩绝伦，非常好看,JOJO,5.0
488,合肥,我觉得还可以,晴天zpq,5.0
489,宁远县,前面一个小时不知道在看什么。精神不好的包你睡着后面两个小时看完在评论！没看这部电影的我劝你们前面两个小时完全可以睡觉！！！后面一个小时正在看，看完再告诉大家！好了我看完了三个小时估计就是十分钟的打斗场面！！其他时间完全可以睡觉！！谢谢大家！,岁月,0.5
490,丰城,太拖沓了，3个小时完全是拖出来的，我们4个才看了一个半小时就回家了，复仇者们出除了说话就说话，一定激情都没有，反正后面怎么样我不知道，前面是垃圾的一塌糊涂，好多人都是中途就走了,HsX761503607,2.0
491,西安,和复联三不是一个类型的吧，这是老一代英雄的落幕,Natural,5.0
492,威海,大家好我是钢铁侠，再过几个小时我就要去打灭霸了，我现慌的一批，决战之前想喝杯奶茶补充体能，请微信转我200块钱买奶茶。别问我为什么人家都要20我要200，因为美国队长他们也要喝。,三木简森迟丶,3.0
493,佛山,"太好看了！！！
",x,5.0
494,常州,挺不错的，，，,TUJ548906736,5.0
495,中牟,什么时候开始预售,布丁不加醋,4.0
496,靖江,十年青春，完美谢幕，我的铁人！！！！,BGe559843419,5.0
497,武汉,个人感觉就这样吧,王磊1190,4.0
498,合肥,终局之战终于到来了。漫威陪伴我的成长已经8年了，到现在看得也是情怀了（当然，所有的一切都非常好）！感谢AVENGERS，他们都已离去，但很高兴，可以看到他们体面悲壮的最后一役！good goodbye，cap！一日漫威，终生漫威！,加拉哈德阁下,5.0
499,邢台,致敬钢铁侠🙌 ,A🎥 YOUNG SAIL STUDIO,5.0
500,柳州,必将载入史册,江道,5.0
501,厦门,太好看了，感觉三小时都不够看,方少433,5.0
502,邵东,不行垃圾猥琐,hJN671985944,1.0
503,重庆,青春无悔，之前再好奇剧透分析，也搞不过编剧,sai891224,5.0
504,武汉,我们这259一张,GK5丶,5.0
505,芜湖,只有一句话送给各位：请各位看完的英雄们像史传奇那样，看过了1400万遍后，依然不剧透！,living.,5.0
506,濮阳,非常好，一死一老,木雨言856,5.0
507,无锡,我大概要哭一个礼拜,Vwg949270665,5.0
508,呼和浩特,满分超值……………,采蘑菇的筱汐,5.0
509,驻马店,差评 电影也就那回事（我不是复联迷 可能觉得难看） 主要是环境 我真是服 整个电影场 满员 不开冷风 大家都热不行 我旁边的小伙拿着东西扇风 我是真服 我就是想给差评 更想投诉 没一点职业操守,Super娣～,0.0
510,宜良县,一辈子别来这里看电影真的  服务态度差不说  效果真的差,The whole people are not good,0.5
511,杭州,辣鸡 居然这么多人要看 ，除了卡梅隆这样的人导的还算大片 ，最近几年所谓的欧美大片特别是3D虚拟场景的多数没什么意思老套剧情就是来收割票钱的，还不如百鸟朝凤 驴得水 摔跤吧爸爸这种实地场景带点有意义剧情的片子看看对得起自己花的钱和时间！,要不要夹子,0.5
512,成都,没说的！绝对值得！,sen0226,5.0
513,长沙,初代 再见了,Totoro,5.0
514,佛山,"剧情比复3还要差，哎！剧情：集结所有角色穿越时空回到过去再跟灭霸再战一场，然后就赢了。
如果拍复5是不是再穿越一次，再原封不动的再战一次。",Rdsp、宇,0.5
515,黔南,看是好看，就是买多了一张，不能退,Crazy9915,5.0
516,上海,比预计中 稍微查了一丢丢,Cti335359661,4.5
517,太原,黑屏三次 差评没商量！,Smk883034923,0.5
518,江门,完美！！！！,北林,5.0
519,拉萨,不错，挺好看的，可惜美队和钢铁侠！,一心相伴0510,5.0
520,商丘,结束了，一切都结束了！再见！复仇者联盟,sokoem松松,5.0
521,佛山,先来10分。,梨涡浅笑,5.0
522,北京,还有一个小时，灭霸还能活多久,xiu～pia,5.0
523,西安,洛基复活了，美队死了，钢铁侠死了,喝啊利路亚,5.0
524,深圳,十年之战，无憾！,Qxi389694026,5.0
525,靖江,不惜一切代价！,mdb649385964,5.0
526,大同,看完再评，哈哈,小可爱们,5.0
527,保定,保定金熊首映居然停电了,Leafage_HH,0.5
528,广州,震撼，画面太美,Ayk14966464,4.5
529,银川,原本计划去看首映，无奈有事耽搁～只能明日再去。即使如此也要十星。,以诚相待--Yu先生.,5.0
530,长沙,我一点都不好看,A,0.5
531,赣州,完美的结局。,木梓66,5.0
532,上海,我爱你，3000遍💗,kubo酱,4.0
533,福州,肥肠ok！！,Assaultt,5.0
534,中山,不好看、很一般,Zzz,0.5
535,东莞,非常好看!-!!,wgl761280,5.0
536,合肥,带好纸巾，哭的时候声音小点,zxr767093610,5.0
537,泉州,什么垃圾电影，难怪会先在中国先上映，美国老***的不是人，就知道来骗中国人的钱，,把萝卜交出来,0.5
538,三亚,太啰嗦不好看,lyf13379986626,3.5
539,广州,整体效果还不错与上一部衔接的比较好但结局有点潦草的感觉，七年了总算完了。,一米七的老王,3.5
540,重庆,金逸，首映没得什么声音，有什么好说的呢，调了10多分钟了,fkg482472078,0.5
541,深圳,我还没去看，评论坐个沙发！,fEX543686633,5.0
542,保定,是谁杀了我 而我又杀了谁？,木兮,5.0
543,十堰,不剧透，很完美的结局,OliverGH,5.0
544,天津,沉痛哀悼宇宙计划生育部部长灭霸同志逝世10分钟。。。,尼古拉斯布拉德史密斯,5.0
545,南昌,怎一哇字了得。,卖饼的猫,5.0
546,深圳,坐等结局中...,川上富江！～,5.0
547,深圳,不失望，也算是给这10年一个交代了。,ZauJane,5.0
548,广州,值回票价，大家为复联冲鸭！疯狂打call,Jocelynnn_27,5.0
549,石家庄,"尽管还没看.这毕竟是漫威11年经典之作.
漫威大法好
此生无悔入漫威！！！",Accompany.,5.0
550,郑州,我死！！！！！,龍文章。,5.0
551,呼和浩特,你给个差评！真的好无语,zIE67161211,2.0
552,南昌,三个小时的电影首映看不了很难受！,顾忌,5.0
553,邯郸,喜欢漫威已经十年了，从钢铁侠开始,cpc1001445388338,5.0
554,哈尔滨,原来3的结尾。奇异博士宁愿拿时间原石去换钢铁侠。我们都不理解为什么。可现在我们都明白了。原来千万分之一的胜率。出自钢铁侠。致敬吧。,,5.0
555,成都,🌝  比陈东会挖坑会填坑,A 合心小何,5.0
556,南京,好看好看！！,上元陌,5.0
557,红河,可以不错很好,SDn482723801,5.0
558,杭州,超好看的，喜欢,鹿屿.,5.0
559,上海,我是不会剧透的,kidbiz,0.0
560,定州,膀胱炸裂，我的膀胱啊，！！！！,vYy704008780,5.0
561,深圳,说不上来什么感觉，因为结尾似好非好,Eyn78161643,4.5
562,银川,太垃圾了，最垃圾的一部！,🤣梵🤣冈🤣,0.5
563,呼和浩特,完美的终结篇,Russ灬,5.0
564,芜湖,满分！初代复仇者完美谢幕！全程爆燃！毫无尿点！,langkevinsun,5.0
565,承德,还没看。诶真是激动,饿死鬼_。,5.0
566,凉山,期待已久，终于上映啦,A+MIX小杨哥-จุ๊บ 💕,5.0
567,福州,绝对值！太好看了,Juniel、,5.0
568,嘉兴,"Bye Tony, Bye Cap.",ZFlint,5.0
569,郑州,大胆预测下，灭霸不会死，只是被送到另一个时空😂😂,有材必有用,0.0
570,南京,太好看了啊，好虐，真的是完美 谢幕了,DylanLee,5.0
571,阜阳,好看  震撼,ibh393421299,5.0
572,成都,哇靠哇靠哇靠！,一二千三四五,5.0
573,广州,漫威你做會人吧,X,5.0
574,佛山,好看好看666,LJJ1.0完整版,4.5
575,重庆,非常完美的10年收官，温馨提示：没看的朋友中间有一段你会自然的鼓掌。,楊子先生的吃货号,5.0
576,荥阳,为什么晚点二十分钟。**。什么影院！！！！,哆啦没有梦想,3.5
577,青岛,刚开完。值得看一下。美国的超级英雄。全到齐了。好像没有超人。其他都到了。不错也算是圆满的结局吧。,牛哥,5.0
578,重庆,不错，就是不知道送葬的那个小男孩是谁,你是我爸也是我爷,5.0
579,哈尔滨,嘎嘎滴 已经看完了,Dear曹爸爸,5.0
580,贵阳,非常完美 还会多次复看,予你Hickey,5.0
581,万宁,很好看！很激动！很感动！太震撼了，画面感很强，特别是IMAX，剧情有点让人心碎，有很多惊喜，我不想剧透，大家看了就会看到惊喜了，每个部分都表现得很好，觉得复仇者联盟4真的是一部大电影，关于灭霸，其实我并不喜欢灭霸的部分，主要是这个角色毁灭性太高了，但是他的结局有点让人意外，当然本身演员演得很好啦！很多变数，让人感觉很多人的合约都到期了吗？是不是原著漫画剧情也是一样的呢？具体是哪些角色产生变数当做是我给大家一个悬念，很意外，有很多大家意想不到的剧情发展，3个小时很够看，然后关于大家对一些角色的复活也很让人意外，还有我最后想留给大家一个悬念，那就是幻视！还有就是到底有没有黑暗英雄的登场部分呢？,Monicaaaaa,5.0
582,三明,明晚就要去看了，先打个分应援一下，哈哈哈！,REY757385100,5.0
583,天津,超级垃圾絮叨电影,最怕深情过后是离开,0.5
584,广州,我的天！！！,wev196250029,5.0
585,郑州,总体还不错 值回票价,徐傲寒大帅,4.0
586,河源,"妇联4剧透
灭霸不是最终boss 是另一个人

随着灭霸被打倒 然后看到无限宝石合体了 复仇者们仿佛看到一个人影慢慢从光圈走出来 随着鸡你太美的bgm 这个大boss说出了令所有复仇者们都恐惧的台词:全民制作人们大家好，我是练习时长两年半的个人练习生蔡徐坤，喜欢唱 跳 rap 篮球",小二,5.0
587,东莞,很好看，钢铁侠美对的谢幕,vTE147224075,5.0
588,丹阳,所以，之前所谓的惊奇对长吊打灭霸的变成了钢铁侠？,top14,4.0
589,淮安,演员表上有星爵   毁灭者  格鲁特   说明可以复活?  尬舞天团归来  奈斯,好想好想  让我们荡起双桨.,5.0
590,廊坊,王宝强你在想什么？还有就是刘德华你干嘛呢？都别给我来这一套,风华韩洋,2.5
591,贵阳,"妇联4剧透
灭霸不是最终boss 是另一个人

随着灭霸被打倒 然后看到无限宝石合体了 复仇者们仿佛看到一个人影慢慢从光圈走出来 随着鸡你太美的bgm 这个大boss说出了令所有复仇者们都恐惧的台词:全民制作人们大家好，我是练习时长两年半的个人练习生蔡徐坤，喜欢唱 跳 rap 篮球场",_weixin379561938,5.0
592,东莞,全程剧情，太失望了,sYC138738765,0.5
593,广州,兄弟姐妹们，我睡不着，谁能告诉我开头好看吗？,咸蛋捞面,0.0
594,武汉,剧情太慢，看的人很困，内容没有上一部精彩，有点牵强，失败之作,美丽团购者,0.5
595,广州,最帅是雷神💋,XpV787885089,4.5
596,芜湖,灭霸明天要白给了,王润东,5.0
597,重庆,以后不用再花钱看复仇者啦，开心！节约,Crg371678057,5.0
598,昆明,好看~好看~好看~,果果,5.0
599,邢台,好期待，漫威电影一剧不落,白髮漁樵,5.0
600,丹阳,拍的完全不在状态，扎心了,Fjq12412684,2.0
601,虞城,一般，跟我想的不一样,tdB518612335,3.0
602,南昌,棒好看好看好看,Duj63723823,5.0
603,连云港,看了一半没法在看下去.也能播放,zUt889274937,0.5
604,海口,垃圾电影，就是时间长，一点都不好看。顶上去,A誓じò ぴé唁,0.5
605,广州,陪你看三个小时的电影你可别三分钟就完事了啊,潮人会健身-丽丽,5.0
606,重庆,好几把贵，你们疯了迈？,freeandshare,0.5
607,桂林,我还没看，但是我要评分,你别叫我烦、,5.0
608,长乐,很好看 已经看过了,王大锤,5.0
609,西安,情怀。五星！,fqt275278509,5.0
610,昆明,前面一直在介绍怎么挽回伙伴，激情打斗好像就20分钟吧，看到钢铁侠牺牲自己就走了！！,禁断之秋,4.0
611,济宁,为什么我们这一个三线小城市万达IMAX这么贵，起价255 首映340一张，是不是过了点？,Impressedlz,5.0
612,宜昌,前段节奏稍慢,hCW15122051994,4.5
613,吴江,看到最后 有人死了 很伤心啊 哎  最后最后。。。。。。剧情没的说 该交代的交代了 后面打斗场面多  希望漫威越走越好啊 蜘蛛侠也来了惊喜 惊奇大妈 最后变短发了还蛮帅的 😄,大喵喵子,5.0
614,杭州,难过，难忘！,liuhaoyi0213,5.0
615,重庆,完美！！！！！！！,TaZ385512628,5.0
616,咸阳,就....卡魔拉是个bug,郭师傅,5.0
617,广州,感谢陪伴这么多年..🙏,X暴力乔治,5.0
618,洛阳,泪目，钢铁侠，美队，黑寡妇，幻世。再见10年,灬小黄人灬,5.0
619,顺德,哈哈哈挺好看的,寂落,5.0
620,邵东,今天必看！！！！同志们。上👆,A^晶菊日化℡15675923777,5.0
621,佛山,辣鸡电影，**的要死,🐘,0.5
622,遵义,Good and Good,iVA221672531,5.0
623,北京,回来了，超燃！赞,鹿晗_7号少年_,4.5
624,太原,垃圾山西剧院。空调不开，服务员***一样，态度恶劣，反映中途故障，不给退票，让顾客自己跑别的厅趁着看，真是影响心情，投诉山西剧院，拒绝去山西剧院看电影,惜福仙仔007,0.5
625,丹阳,熬了俩小时，扛不住了，实在不怎么好看！,pearl👑,2.5
626,广州,吹响集结号大战灭霸大军的那一刻，我被感动了…,赖小胖嘟嘟,5.0
627,佛山,前面两小时可以跳过，最后半小时可以跳过。,Winton,4.0
628,佛山,灭霸要被洗白,蓝莓超人,5.0
629,西安,我是灭霸，还有20分钟我就死，我现在慌的一批,NCk672322295,5.0
630,舟山,zone233,zone,5.0
631,霸州,不要剧透👌👌👌,既往,5.0
632,宜宾,呜呜呜  真的,zYd918433908,5.0
633,广州,感谢漫威，感谢复仇者！很棒,SYe952961351,5.0
634,珠海,看哭了几次！不说了！不剧透！,jnN159462604,5.0
635,东莞,辣鸡影院还能死机,吃货先生，，,5.0
636,银川,你们什么时候看呀,红枫叶,5.0
637,潜江,太烂了啊，堪不忍睹,wTp897731679,0.5
638,顺德,差评，3排4号，凳子烂了,一拳超人,0.5
639,杭州,特效一般，剧情不行，低于预期,哥要吞天,2.0
640,德清,太好看了，是最好看的一部漫威，感情和特效完美结合，把许多故事都理清了，打斗环节特别燃。,减七,5.0
641,杭州,还好没去看，电影票省下了，下线网站下载看吧,GEM654,1.0
642,武汉,笑死我了！！,不会飞的姜戈,5.0
643,昆明,爱死复联，么么哒,wUD719687649,5.0
644,重庆,满分！！！！！！,吾乃T君,5.0
645,广州,"看这部电影前需要做的21部电影功课（按顺序排列）：
《钢铁侠1》→《无敌浩克》→《钢铁侠2》→《雷神1》→《美国队长1》→《复仇者联盟1》→《钢铁侠3》→《雷神2》→《美国队长2》→《银河护卫队1》→《复仇者联盟2》→《蚁人1》→《美国队长3》→《奇异博士》→《银河护卫队2》→《蜘蛛侠》→《雷神3》→《黑豹》→《复仇者联盟3》→《蚁人2》→《惊奇队长》",无名狸花,5.0
646,沈阳,结局感人  再见美队再见钢铁侠  你们给我们漫威粉丝带来的美好回忆！,🎄,5.0
647,张家口,等了那么久，但要为灭霸默哀三分钟,八歧大蛇,5.0
648,宁德,点进去选座位，然后全部是快手订了是什么情况？,、,2.5
649,南阳,超烂呀别看了,gm15713771597,0.5
650,沈阳,去年看复3的人已经不在了。,你的眉宇.,5.0
651,攀枝花,剧情一往既如的又臭又长,_qqhfd1395484282,4.0
652,秦皇岛,八号厅8排有要票的吗 临时有事去不了很心累了,布丁x土豆,5.0
653,郑州,看了和预想的差太多了，很一般,Kky525702798,4.0
654,娄底,漫威英雄人物的集结简直燃炸了！雷神的母亲说，多吃点素的！我想总没错！,lne249344009,5.0
655,成都,看的首场真的很不错，电影院基本上爆满,Jason荼蘼,5.0
656,高州,全程都很好看。这一集主要是说，要救回之前消失一半的人。现代人回到过去，找回原石，来改变一切。,悟,5.0
657,集美,没意思。不好看,海荣15960248880,0.5
658,东方,为什么我预售支付的时候说成功了 然后也有电影票了 后面一下子给我整懵逼了 什么都不说 等要上映了 就立马给我取消  然后退款给我,阿波,0.5
659,徐州,中山堂电影院真的烂,樱桃大丸子430,5.0
660,上海,复4上映了，估计票房又会创新高了，国产片票房要倒霉了，打不过外国的大片，舍还是复4，悬啊！,往事随风,4.5
661,湘潭,不看不行啊 我的天,丁毅鹏(ノ°ο°)ノ,5.0
662,沈阳,过了今晚就是灭霸的死期,rJS889495149,5.0
663,成都,电影中途紫屏黑屏 处理来的也慢 最可耻的是处理好不能从故障开始的时候放 电影有一部分根本没看到 简直无语 体验极差 态度** 无话可说 服了,Yancy啊,0.5
664,宜宾,无以言表 我哭死了,cUH279667205,5.0
665,高州,感觉电影套路像买菜一样一年几部,besos,5.0
666,深圳,明天凌晨美队就挂了,pAe948981416,0.0
667,菏泽,确实特别的好看😊,田TIAN,5.0
668,成都,***难看，一开始就啰嗦了一个小时了，看得我没耐心了,滿院落業🍂莫怪風®,0.5
669,昆明,失望透顶，烂片,A-泽,0.5
670,太原,多带纸巾😭漫威女孩受不了,秋名山车神,5.0
671,河源,电影院是这么的垃圾 电影好看 **？？？凳子烂的？？,seelookfor,5.0
672,苏州,好看吗好看吗，快剧透一下,U+,5.0
673,马鞍山,完美结局！非常好！,zxs201001010451,5.0
674,海宁,穿越 回忆杀 集结 决战 落幕 ，搞笑加泪点，铁人与寡姐gg，美队老了退休，雷神搞笑担当,UyE437102784,5.0
675,盐城,看了两个小时了，简直太垃圾。从头到尾对白直接回去睡觉太失望了。,PND932078579,0.0
676,广州,我谁和一样抢先看,王伍林🇻,4.5
677,无锡,没有牺牲哪里来的团圆 只是有人替我们负重前行,忍,5.0
678,西安,太好看了太好看了,wang0218,5.0
679,天津,明天去看，哦耶耶耶,you are the world,5.0
680,柳州,朋友圈刷屏都说很难看，哈哈，省钱啦……,ouyuan962464,0.0
681,泉州,准备通宵看！,panlong2000,5.0
682,重庆,不多说 真的,HowardWan,5.0
683,龙岩,感觉时长拉的太久了,哈哈,2.5
684,大丰,太震撼了！！！真正史诗级别！！！高潮部分激动到浑身颤抖！！！！！,black_star101,5.0
685,武汉,回顾情感片。,IPZ633354495,0.5
686,武汉,"Tony 每天爱你三千遍
2008-2019",哈尼不吃鱼,5.0
687,桂林,请问看电影需要带身份证吗？,aeD642015470,5.0
688,宝鸡,结局真的不太理想……,:-D     静,3.5
689,杭州,牛逼！牛逼！牛逼！,翕翕,5.0
690,隆昌市,超时超时超时。12点的场，12点8分了都还没开场,淡淡地疼,0.0
691,万宁,很不错鸭！看完就直接回基地！,芜湖大狗头,5.0
692,南宁,本来今天晚上去看的，昨晚没睡好得等明天了,时间5746,5.0
693,顺德,场面空洞，逻辑混乱，叙事杂乱无章，浪费时间和钱！,君子行健Kamal,0.5
694,任丘,"灭霸开场不到15分钟就被砍头了. 他用无限手套摧毁了宝石, 然后身体非常虚弱. 被雷神杀了. 然后时间跳跃到5年后. 一个老鼠误触了量子领域遥控, 让蚁人从量子领域里出来. 蚁人告知了穿越的可能, 众人通过测试发现了可行性,然后开始穿越收集无限宝石. 分成了3队, 雷神和火箭去阿斯加德拿现实宝石, 美队,钢铁侠,浩克, 蚁人去2012年拿空间宝石(似乎宝石没拿到洛基带着宝石跑了, 钢铁侠和美队穿越到了更久以前去拿宝石, 钢铁侠他爹还活着的那个时候), 心灵宝石, 时间宝石, 鹰眼和黑寡妇去拿灵魂宝石,战争机器和星云敲晕了银河护卫队1里的星爵拿到了力量宝石. 宝石收集到之后由浩克带上手套把化成灰",✨怦✨然💘动,5.0
695,嘉善,真是一分都不想给,a723569716,0.5
696,深圳,中国人钱太好赚了，票居然卖这么高，,_qqczv1367918147,0.5
697,肇庆,简直奈斯。复联牛逼,Jgs474407859,5.0
698,临沂,我鼓起勇气，关闭评论，睡觉💤,R泡芙小姐,5.0
699,太原,日，作为铁粉的我，感觉没必要硬凑时间，又臭又长,煮酒丶醉红颜,0.5
700,哈尔滨,一部奠定漫威宇宙的影片,罂花树下的灿烂,5.0
701,长沙,肯定完美的结局！,云嘟嘟,5.0
702,铜梁,可以的加油！,尽悲欢.,5.0
703,苏州,女孩子千万别跟男生去看 看完都凌晨三点多了 他不带你开房我跟你姓,jVg782624878,5.0
704,仪征,一个字，牛逼,qrr332328018,5.0
705,郑州,看的首映值得一看,CyBeL,5.0
706,玉溪,看个毛，现在为止放映时间都超15分钟以上了。给是不给看，不给看么关门,cYv865499282,0.5
707,哈尔滨,看了感觉没什么好演的了,🌸黑色幽兰🌸,2.5
708,广州,给100分，真的激动人心，彩蛋不断。是个好结局。,ZUENG少,5.0
709,本溪,十年的布局终于看懂了,无锋191,5.0
710,海门,电影都没放完一群刷低分的搞什么呢?还有电影院差打低分怪电影的铁憨憨?👴佛了,阿比盖尔.威廉姆斯,5.0
711,江阴,值得一看！！！,Pretend°3583,5.0
712,重庆,谁剧透弄死谁,lrf680098684,5.0
713,濮阳,太好看了！好,忘忧草,5.0
714,上海,I’m iron man 太悲了,Mickey,5.0
715,松原,钢铁侠好惨啊,海航gg,5.0
716,杭州,十年磨一剑！,瞌睡先生,5.0
717,桂林,已经不知道用什么语言来描述，但是感谢斯坦李爷爷您为我们描述了一个多彩的宇宙,GpL628915889,5.0
718,郑州,先打满分，我定的是夜里3点半的票，现在2点多，我估计看复联4首映的都还没看完了吧，3个小时，坐等你们的评论，水都不敢喝我，恐怕正看了想上厕所哈哈,糖宝儿929,5.0
719,武陟,好看，结局伤感,『winnie』,5.0
720,南京,打完灭霸，钢铁侠他们就像狼叔一样退休了，后面就是星爷，树人打星爷爸爸和其他的成员，就是流浪者。,不将就！一味做自己。,5.0
721,龙岩,不错挺好看的，谁有鼻炎的我有鼻炎产品效果非常好，希望能帮助大家,诚信赢天下,5.0
722,随州,马上看，期待,fine,5.0
723,芜湖,垃圾的一比，一点也不好看,qYU464257708,1.5
724,上海,瞌睡。。。。。,WENWENDING222,1.5
725,河源,没有看都打五星先，下次不用评分,帅哥💋,5.0
726,临沂,这还没上映呢 就已经快二个亿了,平头哥,5.0
727,吉林,整部影片前两小时在回忆 轮回 ！之后战斗十分钟 ！最后半小时追悼会 ！做个沙发吧！,高九九₁₃₆ ₈₉₈₉ ₈₈₈₆,2.5
728,贵阳,开心的是大家都活了，不开心的是钢铁侠死了！,Bule…wp,5.0
729,清远,妈蛋 什么乱七八糟电影 还来**的半夜凌晨来看这个垃圾 到现在5个人都没有看懂 已经提前走了1个 还花了我200多块钱钱 什么电影也引进国内,OlI366859820,0.5
730,福州,正在看，惊奇回来了,今天0591,5.0
731,和田,谁告诉我洛基会不会归雷神的表现怎么样？？,༺Ꭿོ࿆ℬ࿆ℜ࿆༻,5.0
732,长治,漫威就是漫威,巴巴鸭梨大,5.0
733,石狮,我还没看过呢 嘻嘻,冈田胖鑫,5.0
734,滁州,管他好看不好看，给个10分再讲！,刷你头拐子,5.0
735,深圳,追了十年，不管他来着哪里，它给我带来了很多美好的幻想，这是一个完美的系列,爱吃饭的小学生,5.0
736,襄阳,片子还没看，只想吐槽，SB影院，不提供夹片。,名字全叫狗起了,5.0
737,昆山,一时激动一时爽。票买成25号凌晨场 看完的缝住嘴,O安子,5.0
738,南昌,最低199看毛？,YYK682820855,0.0
739,苏州,死的是他：I am Iron Man,31V,4.5
740,潍坊,听说Tony 要下？是吗？,ohh,5.0
741,济南,准备好了，真好！,王跃,5.0
742,南京,有木有南京的朋友要4月28号看复联4的？？我买错票了，有兴趣可以找我，有2张。。15点左右在德基广场的,Mia San Mia,5.0
743,邯郸,真烂，前奏太没意思了,Ypm765376373,1.0
744,洛阳,哈，就这票价，院线没徳,mydi999,1.0
745,江阴,不用剧透，最后坏人肯定死翘翘的，好人肯定会胜利！总结完毕！,卞洪强【上善堂】,5.0
746,兰州,完美……不说别的……就是nb就对了……钢铁侠还是我男神 贼帅～,kwg271647700,5.0
747,开平,文戏多了点，其他还好,Raul_w,4.5
748,合肥,距离复联首映还有三个小时二十九分钟,Apocalyps,5.0
749,临潼,十分不解释啊,微尘zsy,5.0
750,广州,挺好看的，但是我没看不懂,斗鱼房间号718450,5.0
751,柳州,"就一句话，真的太震惊了。
虽然我懂看不怎么懂，但是有人旁边解说，还算看得懂。",卓越起来吧！,4.5
752,江门,第一季到这一季～,ㅤ,5.0
753,吴江,三個小時一定會想尿尿的，所以記得買杯飲料進去喝，然後再尿到飲料杯裡，快來讚美我的聰明才智！,Fji698641658,5.0
754,广州,epic,OneFish,5.0
755,阿城区,提前给个10分,b数自在人心,5.0
756,绵阳,"从演员的演技评价：惊艳、演技精湛、人物塑造完美、对人物的心理把握到位、突破性演出
从剧情评价：扣人心弦、紧张刺激、悬疑迭起、让人感动、发人深思、
从制作效果评价：画面唯美、色彩鲜明、制作水准精良、剪辑快速、
从电影的整体效果：大片、票房口碑双丰收、里程碑的意义",我一点都不冷,4.5
757,淮安,还没看呢，先好评！,半斤八两,5.0
758,肥西县,第一次看电影看睡着,AAAAA杰杰,3.5
759,珠海,前三部还是觉得第一部好看幽默感十足，第三部之所以票房能超过第一部我只能说是电影市场的好转！希望第四部有所超越而不是宣传炒作圈钱！！！,💥阿棉💥,5.0
760,衡阳,"太拖沓了，60分钟退场了。。。
回家睡觉。。。
",许累,2.5
761,天津,你们准备好了吗 马上就要开始了,dongyuezi,5.0
762,吕梁,像极了爱情。,星,5.0
763,大连,没去看 应该 很好看吧。,闫holly,5.0
764,北京,麻烦问一下大家知道这个语言 原版英文有什么区别嘛 哪个是有中文字幕的哇,帝辰,5.0
765,永康,非常差的一次电影体验,杜晓宇641,0.5
766,大丰,很差很差劲，看了一会中途退场。,bra189241207,0.5
767,衡阳,钢铁侠挂了......,Smp824453225,5.0
768,汕头,一般般，磨磨唧唧,开起拖拉机载媳妇,2.5
769,如东,无聊无聊很无聊,豌豆想要吃饭,0.5
770,南昌,巨无聊，剧情进展太慢了,广羽三人　,0.5
771,新昌,"虽然没看，但我给个好评
别问我为什么，只因为心情好",蜕变,5.0
772,昆明,哈哈哈，我第一个评分！,Kumiho骁,5.0
773,合肥,第一次深夜来看电影，困死了，但感觉还是很好看的,nnH175756634,5.0
774,深圳,大家好，我是灭霸，其实我并不会被他们几个杀死，他们杀死我的只是我的假身，我的真身其实还在地球，因为没找到飞船，所以还留在了瓦坎达，哪位好心人能打1000钱给我让我有资金找飞船，等我找到之后飞回去灭了他们几个，给你一个星球让你当王，到时候你们想折现也可以。,mFd767018584,5.0
775,湘阴,为了怕剧透，还是选择零点的票。希望别让我失望，,心狼,4.5
776,温州,反正就是特别期待，现在在电影院，觉得很不错,半块橡皮L,5.0
777,合肥,超燃，超酷，超想哭。。。。,许杨涛王八蛋,5.0
778,深圳,很刺激很紧张。,姜圳,5.0
779,宜春,"我看到一半睡着了，就是没看懂
",摩莉花园17770591996,1.0
780,西安,西安新城区胡家庙万和城电影院，00:15分的7排票一张！特价50出！只有一张！电影院交易！,木槿溪,4.5
781,绍兴,"超级超级超级超级超级超级
牛逼牛逼牛逼牛逼牛逼牛逼
**的**的**的**的
太好看太好看太好看太好看",wyg001995,5.0
782,北京,麻烦问一下大家知道这个语言 原版英文有什么区别嘛 哪个是有中文字幕的哇,帝辰,5.0
783,重庆,电影好不好看不晓得，反正00:05分开场，看了一部默剧，没得声音，大半个小时过去了，我朋友都给我剧透完了，我还没开始看，,叽哩哇啦噼里啪,0.0
784,浏阳,我是灭霸我也这么干，还来犯我，再打一个响指先,不容忽逝,5.0
785,常熟,首映看了二十分钟黑屏。电影院告诉我机器坏了？？？？？？00:44。到家了。洗澡碎觉明天在看。,D,5.0
786,大连,怎么没有绿巨人了，效果就差不少,“缘”来是你、“友”你真好,2.5
787,长春,我真的我啥也不说了 作为漫威的狂热粉 今天属实恶心到了 电影我没权利评价 因为我没看完 我就想说坐我旁边拿个**刷子在那刷文玩的人 ***让我长见识了 咋那么恶心呢 唰唰唰挺老大个动静 从电影开场半个小时我连屁都没放 我寻思整一会就得了 没逼完没逼了的整 我说帅哥你能不能不整了 声音太大了 你问我啥动静 真行 我**不看了不就是几十块钱 我**不看首映了行不 ***大半夜恶心死  比**踩屎了还恶心,万人瞩目小啊刚,1.0
788,湘潭,好看呀好看鸭,eqq583387224,5.0
789,商丘,这么爽快，膀胱之战,清风扶醉月Q,5.0
790,玉林,座椅不舒服...,DJF240175431,1.0
791,北京,托尼斯塔克，一战封神！,嘴强课代表托蒂,5.0
792,睢宁,复仇者联盟太好看了！,Gbi522715752,5.0
793,汤阴,最好让大白出场，然后打败灭霸，拯救全人类！,大白,5.0
794,杭州,垃圾电影 永远的垃圾,aod955693592,0.5
795,南充,追了美队这么多年，看见美队要离开了。流泪啊,沃德＆基尔应,5.0
796,上海,老套的穿越时空的剧情。杂乱无章的叙事拼凑的乱七八糟。毫无意义的三个小时完全就是浪费生命。一部彻头彻尾的失败之作 好不如奥创。,WFZ264164951,0.5
797,启东,一点也不好看，看首映都能睡着了,Scj840215,0.5
798,佛山,真的精彩，真的刺激,Pleasure丶快乐,5.0
799,吉林,城市和城市不一样？票价也不一样呗？IMax票价163什么鬼？,A.    佛系大白兔²⁰¹⁹,5.0
800,嘉兴,很好看，也很有幽默感,执念,5.0
801,昆山,"大家好，我是灭霸！
今晚我就要死，而且不知道要死多少次！
我现在慌的一米！哈哈哈哈哈哈[奸笑]",洋葱,3.0
802,户县,还没看但是绝对好看直接给十分,qIX191024024,5.0
803,东莞,先评个10分再说,smmer夏天,5.0
804,仁怀,今晚零点复仇者联盟4首映 如果有人约你 千万别去 因为电影播完差不多凌晨三点了 那人肯定不怀好意 如果真的想看 就找个信得过的人 例如我[微笑]。,吴静,5.0
805,深圳,"妇联4剧透
灭霸不是最终boss 是另一个人
随着灭霸被打倒 然后看到无限宝石合体了 复仇者们仿佛看到一个人影慢慢从光圈走出来 随着熟悉的的bgm 这个大boss说出了令所有复仇者们都恐惧的台词：

全民制作人们大家好，我是练习时长两年半的个人练习生蔡徐坤，喜欢唱 跳 rap 篮球 music",👻,5.0
806,石家庄,辣鸡死了   拖拖拉拉   两个小时   ,嗯,0.5
807,杭州,看电影不如来看评论，不管好看不好看我觉得都不值得大半夜的不睡觉去看 等到周末睡的美美去看多好 我就不信半夜去的人能从头看到未  你们这些夜行者等着二刷吧 我睡了 明早起来在来看评论 哈哈😄😀 😀 ,信仰,5.0
808,乐清,沙发。。。。。,雷诺,5.0
809,四平,期待😍 😍 ,SKY,5.0
810,长葛,差评，没看完就睡着了……然后看一半走了,橘子215166883,0.5
811,平湖,买最贵的票，看最无聊的片，放了1小时过去了，一个打的镜头都没有，中途一堆人看不下去退场出去了，剧情全程看他们闲聊，看他们吃各种饭，大半夜的看你们吃饭聊天？合适吗？叫复仇联盟这个名字合适吗？往后一看，一个个睡姿千奇百怪，旁边座位的男的，狂打哈欠，哈欠就哈欠，还**口臭，我快受不了了。隔夜饭都要吐了，烂到不能再烂的片了～回家回家，看毛线。,💋杨华明💤,0.5
812,廊坊,我是真服了  王宝强了 演的这是什么 别给我来这套 灭霸是蔡徐坤 气死我了 服了,女朋友的逼,4.0
813,博白县,很奈斯很奈斯,TaC506458322,5.0
814,湛江,😌😌😌看之前先打10分，所以没人会有意见吧？嘻嘻(*∩_∩*),VEmtion,5.0
815,凤台,没错，前面的小姐姐。我也一直在看你。,kz你的1222,5.0
816,常州,夜，没有白熬啊,十一lly,5.0
817,晋中,首映 电影票 贵死,gow553527086,5.0
818,青岛,电影还没看但是买不到爆米花,Ni,2.5
819,沈阳,大家伙，好看吗？,无所谓2333,0.0
820,银川,不好看！！！,S丶hy,5.0
821,灌云,前面太大无趣的铺垫，简直太烂，复联的败笔！,一九七二年的秋天,0.5
822,西安,我喜欢看啊，期待啦,葛星521,5.0
823,青岛,我没啥情怀，送给票价的,五千零一,0.5
824,乌鲁木齐,今天晚上不见不散！,雀巢淡奶油儿,5.0
825,上海,其实不看我也猜得出，因为也许大概一定是早已终局了💧要么5月5日再去看一看❓,Santa Clara LLM 唐静燕,2.5
826,鹤山,大家好我是灭霸  还有不到12个小时我就没了 在这之前想喝一杯奶茶 谁能发我100 不要问我为什么别人是20我是100 因为我要喝一桶 我是一个讲究的灭霸 谁转我100 我分他四个无限宝石, ,5.0
827,广州,**这票价…打劫。,龙龘2016,0.5
828,济南,谁知道，洛基复活没有复活,康维芳,0.0
829,九江,我看过复仇者联盟123，都不错，我想4也不错。看了预告片，也不错,天空飘来的云,5.0
830,临泉县,画面无感，剧情拖拉，垃圾致极！困的不行，这么多人空调也不开，阜阳临泉蓝钻电影院，距离倒闭又近了一步！,从众,0.5
831,乌鲁木齐,怎么没有超人呢,寒冰刺纹身,0.0
832,北京,出通州月亮河两张24号00:05的50两,熊脾气🐻,5.0
833,文昌,我觉得影评比正片好看,qzuser2215,5.0
834,新乡,哭了 难受 唉,我叫郭洪超请跟我念一遍,5.0
835,临邑,没有中国人果断不看！,ljZ849027912,4.0
836,汕尾,超级想看，很欺待,丰华石业【电话】136-4245-6666,5.0
837,,"只要是你，我都会为你打满分！挚爱美国队长#永远的领袖：史蒂夫•罗杰斯



",SCH120249607,5.0
838,阳江,复仇者联盟四我最期待的电影,心心,5.0
839,保定,great!,静水微澜,5.0
840,重庆,绝对不会去看！！妈哟！！中国人整中国人最在行！！！130的票价！！！,STG51151624,0.0
841,拉萨,How it’s come out Justice ,Sonrique,5.0
842,吕梁,不错，很好看,zhang13470,5.0
843,深圳,太贵了，1分,FuN605428962,0.0
844,成都,如果真的是穿越回到过去，怎么解决时间悖论问题？,m2ts,0.0
845,郑州,这票价，打劫的吗😂,哪个谁谁知不道,3.0
846,广州,未看先评，期待分，看完再补，嘻嘻,AAA_小白💋,5.0
847,广州,"托尼回到了地球，铁人与美队的矛盾化解
惊奇队长加人复仇者联盟
复仇者和惊奇队长到灭霸住的星球复仇，失败逃脱
灭霸觉得威胁仍然存在所以继续猎杀和宝石有关的英雄
蚁人出现，告知复仇者有时间漩涡存在
班纳已经掌握了和浩克意识融为一体的方法
复仇者通过时间漩涡回到过去收集宝石，死掉的角色会出场
最终决战在地球，灭霸突破奇异博士咒语，复仇者仍然不敌
美队牺牲了自己毁灭手套和宝石
死去的复仇者们复活后与灭霸展开对决，失去手套的灭霸被消灭
结尾是美队的葬礼，托尼宣布退休，雷神和银护一起离开地球
彩蛋是蚁人和奇异博士探讨多元宇宙与量子领域的关系，博士提到里面可能存在新的敌人，",中国平安_怡寶,5.0
848,上海,这种垃圾电影还有人看？,徐增光,0.0
849,合肥,为什么没有人站出来说，这个没有科学依据，如流浪地球,DKh319366681,0.0
850,上饶,很好看，不错！,柯子春,5.0
851,武汉,未来城电影院最垃圾的电影院没有之一,Tian,5.0
852,本溪,理论上灭霸没有错，他这么做也是为了地球好，有牺牲才会有所得为了大格局，大牺牲在所难免，所以复仇四不好拍，都复活了那么复仇三就是一个笑话，就等于说灭霸错了，可实际灭霸没有错，，，但是不复活没法拍，影迷绝对不同意，结局也不完美，总得大团圆一下，最悲痛的结局就是都复活了，结局又都死了，最好都死绝了，复仇者联盟彻底结束，如果有以后那就是新鲜血液新的复仇者联盟新的故事，老故事彻底翻篇，因为美队钢铁侠都到期了也没有想继续续约的打算，别的演员人翻拍没意思，不如真正的结束，所以虽然这个片子还没看我的评价是八分，会去看，看完我依然不会给十分，因为特效肯定值十分，但是情节无法求新，硬求的新颖也是无病呻吟,獨奏@曲蕜傷,4.0
853,丹阳,垃圾的不行，美队死了5555,vZn567485750,0.5
854,靖江,票买贵了。。。。,scoocl陌尘。,5.0
855,珠海,shapi电影浪费时间,heathens,0.5
856,绍兴,我是紫薯精灭霸，想想在过几小时就要被消灭了，现在心里面慌的一B，各种网友有什么好的提议,Lug15257583116,4.0
857,南充,很棒，电影不错，可惜最后反派死了(手动滑稽),学不会伪装,5.0
858,上饶,漫威出品，必属精品,思。139,5.0
859,商洛,这种电影已经没啥意义了，各种之前电影人物大杂烩，没啥创新了吗？,长風破浪丶,0.0
860,中山,"把妇联4看完了，美队死了。
美队最后是凡人之躯带上无限手套扛不住被压死的。把钢铁侠救回来之后，去量子领悟逆转未来，最后决战美队牺牲，灭霸被惊奇队长觉醒干掉，然后最终BOSS出现。最后因为修改时间线，除去初代复仇者，所有人都没有了无限战争的记忆了，修改时间线的代价就是所有初代复仇者被人遗忘，挺感人的。",L..,5.0
861,桂林,关于复仇者联盟全部英雄基本都看过了，好看！,老那649,5.0
862,莆田,求看首映的，千万别剧透！！！！！！,傻biubiu~,5.0
863,北京,🐂🍺好看(●◡●)ﾉ,我有丑脸我不怕🙃,5.0
864,呼和浩特,为何演职员表没有奇异博士？,踩大象的zyf,5.0
865,临汾,看一半出来，不是吐槽剧，吐槽电影院，超级热，服了,_qqtk81375948913,5.0
866,丰县,漫威不该值得满分吗？,是姓陈,5.0
867,宁波,我们还想看呀,WaG938361250,5.0
868,杭州,有没有要看24号下午6.10分拱墅区万达广场的，有两张票，4排的，临时有事去不了,rcH347568831,0.0
869,徐州,很好看我是漫威的粉丝,Meituan19870415,5.0
870,南部县,"我怎么看过漫威系列 我可以看这个电影么？
",梦嫌呓语,5.0
871,淮南,明天看真期待,Ysd981461055,5.0
872,成都,我一想到还有不到几个小时 我就可以见证复联最后的结局 灭霸到底被消灭了吗 复联三中唯一一次赢的机会 赢了吗  我还是很想念我的洛基 三小时的终极之战到底会是什么样子的 我会不会觉得三小时像几分钟一样短就没了,XueVi_張,4.0
873,咸宁,准备一起约咯,阿权,5.0
874,濮阳,太TM好看了,不讨欢喜.,5.0
875,赣州,"真难看别去
C位票给我谢谢",bHz916967631,0.5
876,广州,超期待复联4的，感觉三个小时的话应该会有很多细节描写吧？难得有一部时长三小时的电影，希望看到冬兵和幻视还有其他超级英雄都复活(´-ωก`)。希望复联4是个好结局，每个人都能完完整整的活着。话说大家都几点出发去影院嘞？今晚可是零点开映,YOYO,5.0
877,中山,我是来看群殴灭霸,往后·余生,5.0
878,长春,非常好看。希望大家都给十分。,DPr231976143,5.0
879,温州,我的托尼 一路走好😭😭 这或许是美队最好的结局。,AsuraACG,5.0
880,成都,占楼 免得沉没,蔡菜采睬,5.0
881,徐州,一直想看，还没来的及去看,盈碟上舞,3.5
882,福州,太贵   票价虚高   我不会头脑发热  超出预算,涅槃,1.0
883,沧州,门票太贵了，看不起，1分吧,不愿意透露姓名的刘某人,0.5
884,青岛,必须十分，就冲这十一年有漫威陪伴的青春,三甫,5.0
885,张家口,十年漫威，期待！,吃小哟喵,5.0
886,太原,期待期待期待,xdQ957312207,5.0
887,昆明,"大家好我是灭霸
再过几个小时我就要死了
他们临死之前都要喝奶茶或者要红包
我不一样
我只想听大家再叫我一声霸霸",MEC661405843,4.5
888,南京,说好的幸福呢,CAOXIN,1.5
889,昆明,垃圾电影  能不能有点剧情,奥巴马女婿377,0.5
890,福清,"啊啊啊啊啊啊啊，好激动今晚就可以看了。作为漫威的忠实粉丝，小时候偶然看到蜘蛛侠一直追到现在。啊啊啊啊啊啊啊，今晚就终局了
",Mr Chen,5.0
891,北京,没看呢，先给个10分,见华,5.0
892,赤峰,我夜观天象，绿巨人会带上无线手套，美队会回程跟美队互相伤害，最经典的一句会是on your left，美队会不会拿起喵喵锤呢，山达尔人会不会站起来呢，吞星会不会出现呢，绿巨人会不会带上眼镜呢，他们会不会回到复联1去更改时间线呢，这都是问题啊,最初北街,5.0
893,成都,灭霸:还有五个多小时我就要凉凉了，谁给我200块买张卧铺跑路，我就把无尽手套送给他。,丶       海边的曼彻斯特,5.0
894,天津,很完美，一点要看,rXN927360239,5.0
895,南京,谁问，哨兵什么时候上来 平a一切！,gXQ941051664,5.0
896,长兴,一般般、价格偏贵,ི盼仔🍼🍼,0.5
897,深圳,准备和我一起，一会熬夜奔到影院看的，快赞我😍 ,积极向上的kely艳霞,5.0
898,仙游县,超级期待，复联太好看了,轻浅,5.0
899,江津,有一个演员的名字真的6，叫哈皮,Dreams°凉兮,5.0
900,北京,还不错，挺值得看的,大昕粉,5.0
901,长沙,去年跟她看完3期待今年的4，今年三月和平分手约定还是一起完成一起看4的约定。然后就没有然后了，心里有点空荡荡的，也许过了今晚我会释怀一些。加油，复仇者们！我一个人来了！,路漫,5.0
902,邯郸,本宝宝表示不想看，怕毁经典。,六六六小仙,0.5
903,大理,应该会有意想不到的剧情……😄,点苍,4.5
904,郑州,太棒了，太棒了，太棒了，真厉害，,zXg401505569,5.0
905,六安,期待！！！打一分的我只能说你是机器人，非人！,绝望over..,5.0
906,包头,今晚凌晨与灭霸的最终决战即将打响，大家都做好去观看的准备了吧，今晚灭霸与全部英雄的最终对决正式拉开序幕期待您的观影。,plr175692252,5.0
907,上饶,漫威出品，必属精品,墨染琉璃心,5.0
908,西安,电影我给五星，但我不会去看。不让看就明说，一张电影票炒到200是你傻还是我傻？有钱人无视，等你们剧透。,辰龙嘻嘻,5.0
909,宁波,"这么贵，瞬间不想去看了
",。,0.5
910,广州,大家好，我是灭霸，我还有几个小时就要死了，临死前我想喝一杯红茶玛奇朵加冰淇淋，有没有大哥请我喝一杯，我临死前肯定把无限手套给你。,毛雨龙,0.0
911,晋江市,200块一张的票看得也值，问题是我们同性五个人，看得我心里流血啊,暖暖1916,4.5
912,深圳,打完灭霸还有最大boss了,努力吧：奋斗,4.5
913,东莞,等了那么久了，终于上映了，不为别的 首先10分。,Lxt,5.0
914,哈尔滨,[钢铁侠][美国队长][浩克][雷神][黑寡妇][鹰眼][惊奇队长][奥克耶][蚁人][灭霸][蜘蛛侠][洛基][奇异博士][冬兵][无限手套][螳螂妹][格鲁特][星爵][幻视][猩红女巫][黑豹],🌞,5.0
915,南京,虽然还没看，我感觉还挺好看的,ぁ尐懒猫お,5.0
916,太原,零点首映，终于等到结局了。,渡ོ余生ꦿ℘,5.0
917,廉江,这系列电影都很无聊，,猪来也也,0.0
918,西安,很怀念  也很期待,大风遇到了雨。,5.0
919,中山,这次还有彩蛋吗,大伯       .,5.0
920,青岛,不太喜欢电影的风格！,娟1064800554,4.5
921,成都,还不错吧，依旧热血,萧公子,5.0
922,泉州,我感觉没啥悬念阿 惊奇队长的技能犹如超人  犹如正义联盟 多少个英雄都打不过反派的 超人却能无压力碾压的一个英雄存在,love_kid88,5.0
923,武汉,真的是非常辣鸡，浪费我的钱,EmR656333225,0.5
924,温州,去电影院窗口买票居然比APP便宜，办会员才35,bRN509244191,5.0
925,西安,别管这个了，希望好心人看到，请到江苏省泰州市海陵区凤凰街道永兴路盛和花园对面菜市场靠右边往上直走的公共厕所第二个坑给我送点纸，谢谢，我腿麻了。,灰太狼的奋斗,5.0
926,武汉,"妇联4剧透










灭霸不是最终boss 是另一个随着灭霸被打倒 然后看到无限宝石合体了 复仇者们仿佛看到一个人影慢慢从光圈走出来 随着鸡你太美的bgm 这个大boss说出了令所有复仇者们都恐惧的台词:全民制作人们大家好，我是练习时长两年半的个人练习生蔡徐坤，喜欢唱 跳 rap 篮球 music",hyt933834131,5.0
927,西安,灭霸在哪里，,能行,5.0
928,南京,好看，大片的感觉,TbH621803883,5.0
929,昆明,票价是原价。好坑,星之所在saber,0.0
930,北京,很好非常好，,“淡忘”,5.0
931,宜宾,我现在剧透了，班纳博士和绿巨人达成共识，和其余的复仇者穿越到纽约大战收集宝石，两个美队互打，后面绿巨人带上了手套。其余就不多说了🌚🌚,昊昱,5.0
932,南京,有本事来剧透,猫也美甲-曹景惟,5.0
933,太原,非常好看，嗯好好看,心伤找谁,5.0
934,广州,不说了，直接十分,Children.HYUN,5.0
935,张家口,约美女免费看电影，有约着直接回复，，，，,bj36d李晨,5.0
936,盘锦,期待中的等待！,从头再来吧111,5.0
937,无锡,演员表是不是漏了大长腿神奇女侠,betty960,5.0
938,郑州,挺好看的，从头哭到尾，,Qsj987572833,5.0
939,惠东,十年一战，期待,对方正在输入...,5.0
940,齐齐哈尔,真贵。真贵，真贵,韩锦志，,0.5
941,濮阳,笑呵呵好好好,xll430,5.0
942,重庆,太好看了，看得我很激动，热血沸腾呢！,我是任大帅哥,5.0
943,晋城,漫威粉，期待最终一战！,凡,5.0
944,赣州,还没看。哈哈哈哈。星期六看。学生党没办法吖。期待~,阿羡_,4.5
945,广元,最后一次看漫威英雄集结了！希望值得一看😀 ,T信念,5.0
946,兰州,别傻了，网上早有枪版的了。只不过非中文。结局是所有超级英雄在一起，也没有打得过灭霸，惊奇队长被虐成狗，但是电影的结局肯定是灭霸死了，但是也搭上了一个超级英雄。没错就是圣母美国队长。对长以凡人之躯和灭霸五五开，结果被灭霸用力量宝石击败，死之前对灭霸说，你现在的样子真像蔡徐坤。灭霸听后倒退数步，喃喃自语说:不不，不可能。随后灭霸羞愧吐血而亡。复仇者再一次拯救了宇宙。,EzK284066247,5.0
947,秦皇岛,我想问一下退票是怎么退的,X薛薛薛薛薛薛,0.0
948,长春,今晚味千拉面自加热大骨熬汤拉面与您一起观影,后来,4.5
949,北京,"原价出 4.24 复仇者联盟4首映票。原价！（因为我怕买不到抢多了
北京 
英皇集团中心店LD厅皇帝座f排
珠影耳东传奇（蓝港）激光4k巨幕 17排",难道不饿就不吃吗,5.0
950,晋中,想看，想念那个戴手套打响指的男人,大宝12138,5.0
951,潍坊,万达影城lmax的票价是不是有点过分了，这么贵205元。打劫啊(」゜ロ゜)」,藏马i,4.0
952,舒城,垃圾片不好看侮辱电影,lfC417886937,0.5
953,太原,最热！最嗨！一定不要错过！,标哥,5.0
954,长春,结尾有彩蛋吗,玖笙,5.0
955,广州,哇 也太好看了吧 钢铁侠把那个东西还给了美队，最后快结尾的时候美队居然选择……，也许吧，那里才是真正属于他的地方。,夕_夕成玦,0.0
956,昆明,票买多了一张哭了,花满城906,4.5
957,重庆,非常不错的电影，值得一看,燕子渺渺,4.5
958,双城,买到预售票的，疯狂赞我，苏喂～苏喂～,,5.0
959,广州,烂片，卖情怀，不值得,bill,0.5
960,莆田,我想问一下原版3D有没有中文字幕,mjI951480053,0.0
961,广安,肯定好看，不用说,狂笑天下,5.0
962,呼和浩特,看不起，不看了😂😂,HHHHNB,5.0
963,武汉,个人觉得里面少了一个角色就是（平头哥） 有没有赞同的！,王权333,5.0
964,北碚,有些司马玩意儿恶意差评，支持的亲们看完打十分啊，免得分被那些司马玩意儿刷低了,Kryptonian,5.0
965,深圳,"抵制哄抬电影价格



",Wmx617233933,0.5
966,株洲,期待zsbd,Nostalgic,5.0
967,广州,买不了票👏,我是Garshin,1.0
968,西安,挺酷的，继续上一部的传奇，好看~,给你比小心,4.0
969,丰城,😭😭😭美国又来圈钱了。可是不得不让他圈。什么时候国家也多出几部。可以圈钱的电影。,沧海桑田,4.5
970,信阳,想看古一法师回归，,心中有爱,5.0
971,杭州,"蜘蛛侠在复联三里面死了，这次看了一下演员表有蜘蛛侠不知道会不会出现  特别期待复联四  
",浩然,5.0
972,西宁,fire go,凉待姜花开半夏,5.0
973,乌鲁木齐,很期待特效不错,After all,4.5
974,广州,漫威正常粉你很棒，漫威**跟风粉你亲🐎死了,Choke.919,0.5
975,秦皇岛,就冲有古天乐就10分，不解释。,hMl794799169,5.0
976,沈阳,奇异博士呢？,于小鱼,0.5
977,深圳,检验肾功能的时刻到了！,cello,5.0
978,衡阳,我是妹子有人今晚跟我看吗 ,A.          Elvira爱妃🦋🦊,4.5
979,如皋,打败灭霸钢铁侠是可能很关键！第三部时，其它超级英雄生命危险的时候甚至连奇异博士自己快死的时候都没有交出宝石！在钢铁侠快被灭霸杀了的时候！奇异博士说：“绕他一命我交出宝石゛！肯定是奇异博士看到的千分之一的可能钢铁侠是关键！……灭霸：“明天我就要凉凉了，现在我慌的一批”,吴老头,5.0
980,长沙,看了下演员表，竟然没有小蜘蛛？？？！！！,谭CW,0.0
981,瑞安,谁在瑞安塘下金墓影城的，一起约看首映啊,qND438842089,0.0
982,蒙自市,"如果多玛姆知道时间宝石没了，那么这可能就不是妇联4，而是多玛姆的复仇1。
多玛姆对时间宝石处于半无效，多玛姆能感受到时间流逝，而来谈判那位能无限死，这就导致多玛姆觉得烦躁，这蚂蚁怎么都踩不死，才撤离的。
多玛姆估计没一个角色能打，除非有神庭帮忙",olV633839801,5.0
983,佛山,好好看好好看,👽J👀H😒6😄X💪,5.0
984,奉化,千万不要期望越大失望越大,余欣欣0903,0.0
985,阳江,太好了，我等了大半年了！,yik378997644,5.0
986,广州,贼**好看啊啊啊啊啊啊啊,无法显示名字,5.0
987,张家界,啊，真好看，真的好看，我看过了,02,5.0
988,长沙,超级期待，无论如何都要最先去看！,孙爱平,5.0
989,沭阳,3个小时，怎么憋尿啊……求解,哈哈电影世界,0.5
990,沈阳,跟期待一样！,宋金竹,5.0
991,长沙,"最近学会了买特价电影票，
嫌电影票贵的可以找我啦！
低价代下，帮你们省爆米花钱
询价不要钱，欢迎询价噢！wx：kupaoou
支持全国，每张可以省5-30元～",NQJ351041486,5.0
992,北京,粉丝 必须捧场,保庚跆拳道💛lxy,5.0
993,深圳,是不是终极之战完了以后就没有复仇者联盟了？,dearkoko,4.5
994,海安,太完美 美得叫人后悔,hu1212121,5.0
995,上海,我只想知道4最后还有没有有没有彩蛋，麻烦各位大佬看完的回应一下🌝,jaeven,5.0
996,厦门,看不起，看不起影院吃相堪比狗,pbC448477577,4.0
997,绍兴,我有抢先版，看得我睡着了，最后散场了，还是旁边的人叫醒我,仅有的男神,1.0
998,盐城,我的洛基呢？？？,你的鱼尾纹,5.0
999,肇庆,还没看，但是好期待，这票房，只要影片不失望，可能又是一个奇迹,zy565174585,5.0
1000,成都,呜呜呜呜呜 无条件,『不要说话』,5.0
1001,日照,一帮**粉，这种没有任何养分的纯商业电影，竟然有这么多簇拥者，足以说明这个社会的浮躁，价值观的扭曲！,OwX375296098,0.5
1002,武汉,很好看，不错强推,Project骇,5.0
1003,佛山,今晚灭霸就要死了,塘伞,5.0
1004,重庆,超级好看，完美,wvy499740113,4.5
