,author,reply,source,title
0,commoccoom,167,https://www.v2ex.com/t/528903#reply167,"è¯·æ•™ä¸€ä¸ªé—®é¢˜ï¼Œç”Ÿæˆ 10 ä¸ªéšæœºæ•° [0,100] ä¸”æœ€ç»ˆ 10 ä¸ªéšæœºæ•°ä¹‹å’Œä¸º 100 ï¼Œ ç”¨ Python å¦‚ä½•å®ç°"
1,old18,114,https://www.v2ex.com/t/546305#reply114,"å„ä½å¤§ä½¬, è‡ªå·±ç‹¬ç«‹å¼€å‘ä¸€ä¸ªç½‘ç«™,å‰ç«¯è¯¥å’‹æ"
2,chinesehuazhou,103,https://www.v2ex.com/t/557286#reply103,len(x) å‡»è´¥ x.len()ï¼Œä»å†…ç½®å‡½æ•°çœ‹ Python çš„è®¾è®¡æ€æƒ³ï¼ˆå†…æœ‰å…¬å·å®£ä¼ ï¼Œä¸å–œå‹¿è¿›ï¼‰
3,darrow,95,https://www.v2ex.com/t/514891#reply95,å­¦ç¼–ç¨‹è¯­è¨€å’Œå­¦è‹±è¯­å“ªä¸ªä¼˜å…ˆçº§æ›´é«˜
4,chinesehuazhou,73,https://www.v2ex.com/t/550164#reply73,åˆ«å¼€å¿ƒå¤ªæ—©ï¼Œ Python å®˜æ–¹æ–‡æ¡£çš„ç¿»è¯‘å·®è¿œäº†
5,frogex,70,https://www.v2ex.com/t/527879#reply70,æ·˜å®åçˆ¬æ±‚è§£
6,Ewig,66,https://www.v2ex.com/t/520588#reply66,å¾®ä¿¡ä¸´æ—¶è¿æ¥è½¬æ°¸ä¹…è¿æ¥
7,crazyjin,63,https://www.v2ex.com/t/545144#reply63,Django vs Flask vs Tornado
8,cf472436288,53,https://www.v2ex.com/t/529170#reply53,éƒ½è¯´è£å‘˜å¤šï¼Œä¸ºä»€ä¹ˆæ²¡æœ‰çœ‹åˆ° Python ï¼Ÿ
9,YuuuZeee,53,https://www.v2ex.com/t/494477#reply53,ä¸ºå•¥æ„Ÿè§‰ç”¨ Celery çš„å¤§å…¬å¸æ¯”è¾ƒå°‘
10,taoing,53,https://www.v2ex.com/t/530869#reply53,"åŠå¹´å‰å­¦ Python æ—¶ç”¨ django å¼€å‘çš„ä»¿çŸ¥ä¹ç½‘ç«™, å„ä½å¤§ä½¬ç»™ç‚¹æ„è§, è¯·è½»å–·"
11,YaYamilk,50,https://www.v2ex.com/t/548314#reply50,Python èŒæ–°ï¼Œæ±‚ä¸€ä¸ªå¤§ä½¬
12,yuanrenxue,50,https://www.v2ex.com/t/513926#reply50,èŠç‚¹ä¿—çš„ï¼Œ Python çˆ¬è™«æŒ£é’±çš„é“é“
13,greatchenny,49,https://www.v2ex.com/t/515652#reply49,æ±‚ Python å¸ˆå‚…ï¼Œæœ‰å¿ï¼Œæ­å·æœ¬åœ°
14,akmonde,48,https://www.v2ex.com/t/559926#reply48,Python é¡¹ç›®ç§»æ¤åˆ°å…¶ä»–æœºå™¨ï¼Œè¦æ±‚å…¨ Linux ç³»ç»Ÿé€‚é…
15,heart4lor,46,https://www.v2ex.com/t/511741#reply46,è¯·æ•™ Python ç”¨ä»€ä¹ˆæ¡†æ¶å†™ API æ¯”è¾ƒå¥½
16,ntuwang,46,https://www.v2ex.com/t/540713#reply46,è¿ç»´å¼€å‘éœ€è¦æŒæ¡å‰ç«¯æ¡†æ¶å—ï¼Ÿ
17,anonymoustian,41,https://www.v2ex.com/t/552701#reply41,Python å¦‚ä½•æå–éç»“æ„åŒ–æ•°æ®
18,mon3,41,https://www.v2ex.com/t/521184#reply41,çˆ¬è™«ï¼Œ mysql å”¯ä¸€ç´¢å¼• é‡å¤æ•°æ® ID ä¼šè‡ªå¢ã€‚è¯·é—®æ€ä¹ˆè§£å†³ï¼Ÿ
19,zhangxinxin,39,https://www.v2ex.com/t/561773#reply39,å…¬å¸è®©çˆ¬ä¼æŸ¥æŸ¥ä¸€åƒä¸‡æ¡æ•°æ®
20,yuanrenxue,38,https://www.v2ex.com/t/515406#reply38,åˆæ¥ä¸ªçˆ¬è™«å°åæ–¹:ä¿®æ”¹ referer ç»•å¼€è®¿é—®æ§åˆ¶
21,king1101,35,https://www.v2ex.com/t/510623#reply35,ä¸Šä¸‹æ–‡ï¼ˆcontextï¼‰åº”è¯¥æ€ä¹ˆç†è§£ï¼Œæœ‰äººè¯´æ˜¯ç¯å¢ƒï¼Œä½†æ€»è§‰å¾—æœ‰ç‚¹æ¨¡ç³Š
22,caibou,34,https://www.v2ex.com/t/488406#reply34,æœ‰äººåšè¿‡æ¨¡æ‹Ÿæ·˜å®ç™»å½•å—ï¼Ÿ
23,Marsss,34,https://www.v2ex.com/t/545783#reply34,æ˜¯æ—¶å€™å’Œ py2 è¯´å†è§äº†ã€‚ã€‚ã€‚
24,darkTianTian,34,https://www.v2ex.com/t/545291#reply34,çº¦ä¸åˆ°é¢è¯•ï¼Œåªå¥½æ½œå¿ƒé’»ç ”ç®—æ³•ã€‚
25,lvhuiqi,33,https://www.v2ex.com/t/519570#reply33,æƒ³ä¸“æ”» Python é¢å‘å¯¹è±¡æ–¹é¢çš„ï¼Œæœ‰ä»€ä¹ˆå¥½çš„æ¨è
26,jarry118,32,https://www.v2ex.com/t/522125#reply32,æ­£åˆ™è¡¨è¾¾å¼åŒ¹é…æ•°å€¼ç±»å‹å­—ç¬¦ä¸²
27,snoopy1024,31,https://www.v2ex.com/t/509000#reply31,ç”¨ Python å¤„ç†è¿™ç§éªŒè¯ç æœ‰æ²¡å¥½çš„ç‚¹å­ï¼Ÿ
28,ve369587,30,https://www.v2ex.com/t/509652#reply30,é€šè¿‡ ip è®¿é—®é˜¿é‡Œäº‘æ­å»º web ç½‘é¡µï¼Œæç¤ºï¼šæ— æ³•è®¿é—®æ­¤ç½‘ç«™ï¼ˆ Python +djangoï¼‰
29,piglei,29,https://www.v2ex.com/t/559242#reply29,Python å·¥åŒ ï¼šç¼–å†™åœ°é“å¾ªç¯çš„ä¸¤ä¸ªå»ºè®®
30,whatalittleboy,29,https://www.v2ex.com/t/546802#reply29,Python æ•™ç¨‹ï¼Œæ±‚æ¨èï¼æ–‡æ¡£ä¼˜å…ˆ
31,pytth,29,https://www.v2ex.com/t/547011#reply29,Python åœ¨æµè§ˆå™¨å¦‚ä½•æ‰§è¡Œï¼Ÿ
32,thautwarm,29,https://www.v2ex.com/t/552774#reply29,"""æˆ‘è¿˜æƒ³æ›´ç®€å•çš„ç”»ç‚¹å›¾"""
33,danzzzz,28,https://www.v2ex.com/t/546111#reply28,ä¸ºä»€ä¹ˆè¿ flask æœ€ç®€å•çš„ä¸€ä¸ª hello world çš„é¡µé¢éƒ½ä¼šè¿”å› 404ï¼Ÿ
34,XIVN1987,28,https://www.v2ex.com/t/522647#reply28,å‘ç°ä¸€ç§æ–°çš„è½¯ä»¶å®‰è£…æ–¹å¼ï¼š pip
35,piaochen,27,https://www.v2ex.com/t/558616#reply27,å…³äº Python çš„ len å‡½æ•°
36,gansteed,27,https://www.v2ex.com/t/557982#reply27,æ­äº†ä¸€ä¸ª Python ä¸­æ–‡ç¤¾åŒºï¼Œæ¬¢è¿å¤§å®¶ä¸€èµ·
37,caneman,27,https://www.v2ex.com/t/561121#reply27,Scrapy æ•ˆç‡ç“¶é¢ˆ
38,Vegetable,26,https://www.v2ex.com/t/545879#reply26,Python é‡Œä½ ä»¬ä¼šæŠŠ if å†™æˆå•è¡Œå—(`if cond:doit()`)?
39,okface,26,https://www.v2ex.com/t/530873#reply26,æŠ“å–æ·˜å®çš„å•†å“ä¿¡æ¯éœ€è¦å¤§é‡çš„æ·˜å®è´¦å·å—ï¼Ÿ
40,Ewig,26,https://www.v2ex.com/t/529842#reply26,æ‹‰å‹¾ç½‘æœ€è¿‘æ¢åçˆ¬äº†ï¼Ÿ
41,zblc4c4,26,https://www.v2ex.com/t/541826#reply26,Python åˆå­¦è€…æ±‚åŠ©
42,lanqing,26,https://www.v2ex.com/t/510022#reply26,"åˆå­¦ django,django é»˜è®¤èƒ½å¦å¹¶å‘?"
43,fan2006,25,https://www.v2ex.com/t/521010#reply25,è¿™ä¸ªäº§å“å›¾ç‰‡æ€ä¹ˆçˆ¬ä¸‹æ¥ï¼Ÿ
44,glumess,25,https://www.v2ex.com/t/561193#reply25,å›¾åºŠè¿ç§»è®°
45,baojiweicn2,25,https://www.v2ex.com/t/532458#reply25,æœ‰å¤§ä½¬è¿‡å¹´åœ¨å®¶æƒ³å¹²ç‚¹ç§æ´»çš„å—
46,meteor2013,24,https://www.v2ex.com/t/537462#reply24,æ±‚åœ¨ Mac ä¸Šå¹²å¹²å‡€å‡€æ¸…é™¤å…¶ä»–å¤šä½™ç‰ˆæœ¬ Python çš„åŠæ³•
47,xiexingjia,24,https://www.v2ex.com/t/548080#reply24,å†™äº†ä¸€ä¸ª Let's Encrypt çš„ wildcard è¯ä¹¦å°å·¥å…·
48,WayToGo,24,https://www.v2ex.com/t/532233#reply24,for/elseã€ while/else å’Œ try/else å¤§å®¶ç”¨çš„å¤šå—ï¼Ÿ
49,smallgoogle,24,https://www.v2ex.com/t/506255#reply24,è°ˆè°ˆç½‘æ˜“äº‘çš„åçˆ¬æœºåˆ¶
50,kingfighters,24,https://www.v2ex.com/t/510617#reply24,å‰åç«¯åˆ†ç¦»æ¶æ„çš„ä¸Šä¼ æ–‡ä»¶é—®é¢˜
51,lanqing,23,https://www.v2ex.com/t/520528#reply23,phpPOST æ•°æ®åˆ° Python
52,thechosenone,23,https://www.v2ex.com/t/536958#reply23,æœ‹å‹é¢è¯•é‡åˆ°çš„ä¸€ä¸ªé¢˜ï¼Œè‡ªå·±ä¹Ÿæ²¡å¥½çš„è§£å†³æ–¹æ³•
53,wyc9296,23,https://www.v2ex.com/t/552730#reply23,Python å†™çš„è„šæœ¬åˆ†äº«ç»™å…¶ä»–äººï¼Œç”¨ docker è¿˜æ˜¯ pyinstaller è¿˜æ˜¯ virtualenvï¼Ÿ
54,Vegetable,22,https://www.v2ex.com/t/553346#reply22,host/key1/value1/key2/value2/key3/value3 è¿™ç§ä¼ å‚æ–¹å¼ä½ ä»¬è§è¿‡å—
55,mythmgn,21,https://www.v2ex.com/t/540917#reply21,"[åº“æ¨è] ç™¾åº¦å¼€æºçš„ Python åŸºç¡€åº“ Cup 2.0.3 å‘å¸ƒ, æ¨èç»™å¤§å®¶"
56,zhoudaiyu,21,https://www.v2ex.com/t/522414#reply21,é—®ä¸ªé—®é¢˜ï¼Œå…³äº Celery çš„ worker å’Œ beat
57,codelover2016,20,https://www.v2ex.com/t/529992#reply20,Python æœ‰ä»€ä¹ˆæ— è„‘ OCR åº“èƒ½ææ‚ä¸‹é¢è¿™ç§å›¾ç‰‡ä¹ˆï¼Ÿ
58,Vegetable,20,https://www.v2ex.com/t/537265#reply20,ä»Šå¤©ä¸å°å¿ƒè¸©äº†å¯å˜ç±»å‹çš„å‘
59,xiaoheijw,20,https://www.v2ex.com/t/540276#reply20,Python é¢è¯•é¢˜åˆ†äº«
60,lanqing,20,https://www.v2ex.com/t/514664#reply20,å…³äº nginx+uWSGI+django æ¶æ„ æ•°æ®ä¼ è¾“çš„é—®é¢˜
61,wc110302,19,https://www.v2ex.com/t/483369#reply19,å…³äºä¸€ä¸ª selenium è¢«åçˆ¬è™«è¯†åˆ«çš„é—®é¢˜
62,sergiojune,18,https://www.v2ex.com/t/546232#reply18,è¯·æ±‚ç½‘é¡µæ—¶ï¼Œæ€ä¹ˆç»™æˆ‘è¿”å›äº†ä¸€æ®µ JavaScript ä»£ç (cookie çˆ¬è™«)
63,easternslope,18,https://www.v2ex.com/t/530328#reply18,å†™äº†ä¸ª Python è„šæœ¬ï¼Œç›‘å¬é™„è¿‘ç½‘ç»œ Wi-Fi è®¾å¤‡ï¼Œé€šè¿‡é‚®ä»¶å’Œå¾®ä¿¡è¿›è¡Œæ¶ˆæ¯æ¨é€
64,zscself,18,https://www.v2ex.com/t/545716#reply18,Python3 å¦‚ä½•åšåˆ°æ“ä½œä¸€æ¬¡è¿­ä»£ä¸¤æ¬¡
65,VictorFrank1,18,https://www.v2ex.com/t/553312#reply18,ä¸ºä»€ä¹ˆçˆ¬è™«çš„æ—¶å€™åˆ‡æ¢åˆ°æ‰‹æœºç‰ˆ web é¡µé¢ï¼Œæ•°æ®æ¯”è¾ƒå®¹æ˜“æŠ“åˆ°å‘¢ï¼Ÿ
66,lsj8924,18,https://www.v2ex.com/t/511405#reply18,å¦‚ä½•æŠŠ Python çš„ Console çª—å£å†…åµŒåˆ°æˆ‘è‡ªå·±å†™çš„ MFC ç¨‹åºçª—å£é‡Œè¾¹ï¼Ÿ
67,kentxxq,18,https://www.v2ex.com/t/510074#reply18,å…³äº docker æ‰“åŒ… Python ç¯å¢ƒçš„é—®é¢˜
68,secsilm,17,https://www.v2ex.com/t/548788#reply17,flask è·å–å®¢æˆ·ç«¯ IP
69,AILOVEU,17,https://www.v2ex.com/t/561728#reply17,[ Python ]é€’å½’éå†æ–‡ä»¶å¤¹ï¼Œä½¿ç”¨ç”Ÿæˆå™¨è¿”å›æ¯ä¸ªæ–‡ä»¶å_md ç‰ˆæœ¬
70,kaiccc,17,https://www.v2ex.com/t/556321#reply17,Django å¯åŠ¨æ—¶å¦‚ä½•å¯åŠ¨ä¸€ä¸ªæ–°çº¿ç¨‹
71,tinydebian,17,https://www.v2ex.com/t/545934#reply17,æœ‰äººæ„¿æ„æœ‰å¿å¸®åŠ© Python çš„é¡¹ç›®å—ï¼Ÿ
72,twor,17,https://www.v2ex.com/t/532518#reply17,"[['chang'], ['du'], ['zhang', 'chang']] å¦‚ä½•æ‹¼æˆ â€œchangduchangchangduzhangâ€å‘¢"
73,nicking,17,https://www.v2ex.com/t/547903#reply17,èŒæ–°æ±‚æ•™-çˆ¬å–é©¬èœ‚çªæ•°æ®
74,sunriz,17,https://www.v2ex.com/t/532407#reply17,æ–°äººå¯¹æŠ€æœ¯æ–¹å‘é€‰æ‹©æœ‰ç‚¹è¿·èŒ«ï¼Œæ±‚å„ä½å‰è¾ˆæŒ‡ç‚¹
75,JAVAER,17,https://www.v2ex.com/t/561301#reply17,Python æ€æ ·å»é‡ï¼Ÿå·²ç»ç”¨äº† redisï¼Œç”µè„‘æ’‘ä¸ä½
76,RicardoY,17,https://www.v2ex.com/t/546314#reply17,flask åº”è¯¥åœ¨__init__.py é‡Œåˆå§‹åŒ–æ•°æ®åº“è¿æ¥å—ï¼Ÿ
77,dantangfan,17,https://www.v2ex.com/t/532599#reply17,Python ä»£ç è°ƒè¯•å·¥å…·ï¼š pylane
78,ntuwang,17,https://www.v2ex.com/t/518304#reply17,è¯·æ•™å¤§ç¥ä»¬
79,melonux,17,https://www.v2ex.com/t/541862#reply17,å¦‚ä½•æœ‰æ•ˆçš„å­˜å‚¨å¤§æ‰¹é‡å°æ–‡ä»¶ï¼Œå¹¶æ”¯æŒæœªæ¥æ‰¹é‡çš„è¯»å–è¿™äº›æ–‡ä»¶å†…å®¹ï¼Ÿ
80,cf472436288,16,https://www.v2ex.com/t/518629#reply16,2018 å¹´å³å°†è¿‡å»ï¼Œ 2019 å¹´ä½œä¸º Python å¼€å‘è€…ï¼Œä½ æœ‰æ‰“ç®—æ¥å¹¿å·å‘å±•å—ï¼Ÿ
81,oldbird,16,https://www.v2ex.com/t/541828#reply16,c#çª—ä½“ä¸­ç”¨ cmd æ–¹å¼æ‰§è¡Œ Python æ–‡ä»¶ï¼Œå¦‚ä½•åœ¨æ–‡æœ¬æ¡†ä¸­è¾“å‡º py æ–‡ä»¶é‡Œçš„ print å€¼
82,wangking,16,https://www.v2ex.com/t/510581#reply16,ä¸æ‡‚å°±è¦é—®ç³»åˆ—ï¼š mac ä¸‹å¦‚ä½•ä½¿ç”¨ pycharm åœ¨è™šæ‹Ÿç¯å¢ƒä¸‹ä½¿ç”¨ 3.5 ç‰ˆæœ¬çš„ Python
83,tomleung1996,14,https://www.v2ex.com/t/533481#reply14,ç”¨ VSCode å¼€å‘ Scrapy å·¥ç¨‹çš„åŒ…è·¯å¾„é—®é¢˜
84,seoguess,14,https://www.v2ex.com/t/558615#reply14,Python çˆ¬è™«å¤šçº¿ç¨‹é—®é¢˜å’¨è¯¢
85,fox0001,14,https://www.v2ex.com/t/542382#reply14,Python3.5 å¯ä»¥æ”¯æŒ TLSv1.3 å—ï¼Ÿ
86,lisisi,14,https://www.v2ex.com/t/537452#reply14,javascript ä¸­åˆ°å¤„éƒ½æ˜¯å›è°ƒ callbackï¼Œ Python å¾ˆå°‘ç”¨åˆ°ï¼Œæ˜¯ä¸ºä»€ä¹ˆï¼Ÿ
87,Sey0,14,https://www.v2ex.com/t/518885#reply14,éç§‘ç­åº”è¯¥æ€ä¹ˆå­¦æ•°æ®åˆ†æ
88,imaning,14,https://www.v2ex.com/t/545634#reply14,ç°åœ¨è¿˜æœ‰æ–¹æ³•æ¨¡æ‹Ÿå¾®ä¿¡æµè§ˆå™¨æŠ“å–é¡µé¢ä¹ˆï¼Ÿ
89,sjmcefc2,14,https://www.v2ex.com/t/547854#reply14,è¯·æ•™å¦‚ä½•æ‰«æ create table è¯­å¥ç”Ÿæˆ insert è¯­å¥å‘¢ï¼Ÿ
90,iamsunxin,14,https://www.v2ex.com/t/545703#reply14,è¯·æ•™ç­é‡Œçš„å¤§å©¶ä»¬ï¼Œ Windows å¹³å°ä¸‹å¦‚ä½•è·å–æ­£åœ¨è¿è¡Œçš„ Python è„šæœ¬å
91,shawlib,14,https://www.v2ex.com/t/520420#reply14,django æ—¥å¿—é—®é¢˜
92,imgse,13,https://www.v2ex.com/t/542468#reply13,å¤§å®¶å¸®çœ‹çœ‹é—®é¢˜åœ¨å“ª
93,smallgoogle,13,https://www.v2ex.com/t/518799#reply13,Python å¤šè¿›ç¨‹ï¼Œå¤šçº¿ç¨‹å¦‚ä½•åˆ†é…ï¼Ÿ
94,zcsnbb,13,https://www.v2ex.com/t/546937#reply13,ä½¿ç”¨ flask å’Œ gunicorn
95,Ceasar,13,https://www.v2ex.com/t/556117#reply13,å¯»ä¸€ä½å¼•è·¯äºº
96,Livid,13,https://www.v2ex.com/t/551690#reply13,ä¸€ä¸ªç”¨ Python å®ç°çš„å…‰çº¿è¿½è¸ªæ¸²æŸ“
97,python30,13,https://www.v2ex.com/t/547813#reply13,django+ mysql ä»¥å‰ç”¨ tar -zcvf xxx.tar.gz æ‰“åŒ…å¤‡ä»½çš„ mysql æ•°æ®åº“ã€‚ç°åœ¨æ¢åˆ°åˆ«çš„æœåŠ¡å™¨éƒ½æ— æ³•ä½¿ç”¨äº†
98,18870715400,13,https://www.v2ex.com/t/561414#reply13,æœ‰å›¾åƒè¯†åˆ«çš„å¤§ä½¬ä¹ˆ
99,1800x,13,https://www.v2ex.com/t/552994#reply13,pip install åç§°å¸¦ä¸‹åˆ’çº¿å’Œç ´æŠ˜å·çš„åŒ…çš„é—®é¢˜
100,zyc233,13,https://www.v2ex.com/t/515587#reply13,Python for å¾ªç¯
101,jianzhao123,13,https://www.v2ex.com/t/546598#reply13,Python ç™¾åº¦ç™¾ç§‘çˆ¬è™«ç»“æœä¹±ç é—®é¢˜
102,akura,13,https://www.v2ex.com/t/479959#reply13,pycharm è¿™ä¸ªæŠ¥é”™æ˜¯ä»€ä¹ˆåŸå› ï¼Œæ€ä¹ˆè§£å†³
103,CriseLYJ,12,https://www.v2ex.com/t/541855#reply12,"æ”¶é›†äº†ä¸€äº›å„å¤§ç½‘ç«™ Python çš„ç™»é™†æ–¹å¼,å¸Œæœ›å¯¹å­¦ä¹  Python çš„å°ç™½ï¼Œå’Œæƒ³å†™çˆ¬è™«çš„ä½ ä»¬æœ‰æ‰€å¸®åŠ©,,æœ¬é¡¹ç›®ç”¨äºç ”ç©¶å’Œåˆ†äº«å„å¤§ç½‘ç«™çš„æ¨¡æ‹Ÿç™»é™†æ–¹å¼"
104,DAPTX4869,12,https://www.v2ex.com/t/519479#reply12,Python paramiko æ€ä¹ˆè¾“å…¥äº¤äº’å¼çš„å¯†ç ?
105,Sey0,12,https://www.v2ex.com/t/548098#reply12,Python ä¼ å…¥å‚æ•°ä¸ºå­—ç¬¦ä¸²ï¼Œèµ‹å€¼ä»¥åè‡ªåŠ¨è½¬ä¸º tupleï¼Ÿæœ‰å¤§å“¥é‡åˆ°è¿‡è¿™å¥‡æ€ªçš„é—®é¢˜å—
106,brucewuio,12,https://www.v2ex.com/t/547510#reply12,æœ‰ä»€ä¹ˆ Py ä¹¦æ¨ä»‹
107,AdamLee,12,https://www.v2ex.com/t/555793#reply12,æƒ³è¦çˆ¬å¤–é¢çš„ç½‘ç«™ï¼Œå¤§ä½¬ä»¬æ˜¯ç”¨ä»€ä¹ˆåšä»£ç†æ± çš„å‘¢
108,kidlfy,12,https://www.v2ex.com/t/555725#reply12,è¯·æ•™ä¸€ä¸ª mongodb æ’å…¥æ“ä½œ
109,leisurelylicht,12,https://www.v2ex.com/t/520524#reply12,django + celery åšå®šæ—¶ä»»åŠ¡
110,youthfire,11,https://www.v2ex.com/t/531490#reply11,pip / pip3 å®‰è£…å’Œæ›´æ–°ç¨‹åºéƒ½ç‰¹åˆ«æ…¢
111,warcraft1236,11,https://www.v2ex.com/t/537361#reply11,åˆ¤æ–­ Dict æ˜¯å¦æ˜¯ç©ºï¼Œæˆ‘è¿™æ ·å†™æ˜¯ä¸å¯¹çš„å—ï¼Ÿ
112,yuting0501,11,https://www.v2ex.com/t/557318#reply11,Flask + Nginx + Docker-compose é‡åˆ° 502 Bad Gateway é—®é¢˜
113,janhu9527,11,https://www.v2ex.com/t/532860#reply11,C++å†™çš„å¤šçº¿ç¨‹ AlphaZero äº”å­æ£‹
114,52gwz,11,https://www.v2ex.com/t/558376#reply11,MacOs ä¸‹ vscode è°ƒè¯•è¿è¡Œæ²¡ååº”
115,wsgzao,11,https://www.v2ex.com/t/542178#reply11,Python çˆ¬è™«æ¡†æ¶ Scrapy å…¥é—¨ä¸å®è·µä¹‹çˆ¬å–è±†ç“£ç”µå½± Top250 æ¦œå•
116,Huelse,11,https://www.v2ex.com/t/561448#reply11,ä¸€ä¸ªç®€å•çš„ python3 datetime é—®é¢˜
117,foxyier,11,https://www.v2ex.com/t/547464#reply11,[æ±‚åŠ©]docker å®‰è£… tensorflow çš„æ—¶å€™æç¤ºæ‰¾ä¸åˆ°åŒ¹é…çš„ç‰ˆæœ¬
118,ooleslie,11,https://www.v2ex.com/t/530431#reply11,Python ä¸­çš„æ•°æ®æ˜ å°„æ˜¯ä»€ä¹ˆè§„åˆ™ï¼Ÿ
119,tikazyq,11,https://www.v2ex.com/t/541890#reply11,åˆ†å¸ƒå¼é€šç”¨çˆ¬è™«ç®¡ç†å¹³å° Crawlab
120,ucun,11,https://www.v2ex.com/t/541768#reply11,å†™äº†ä¸€ä¸ªå¯†ç ç®¡ç†çš„å°è„šæœ¬
121,zoroojack,11,https://www.v2ex.com/t/536792#reply11,æ–°æ‰‹æ±‚åŠ©ï¼š Python åœ¨å®šä¹‰ç±»ä¸­çš„__init__æ–¹æ³•æ—¶ï¼Œä¸èƒ½è°ƒç”¨ç±»ä¸­çš„æ–¹æ³•å—ï¼Ÿ
122,jihuoguo,11,https://www.v2ex.com/t/522276#reply11,djangoï¼Œèƒ½æåƒ tomcat é‚£æ ·ï¼Œåœ¨ windows ä¸Šå¼€æœºå¯åŠ¨æœåŠ¡å—
123,mostkia,10,https://www.v2ex.com/t/559510#reply10,RAM ç›˜åœ¨å…¨å¤©é«˜é€Ÿåˆ é™¤å­˜å…¥å†…å®¹æ—¶ï¼Œä¼šæœ‰éšæ‚£å—ï¼Ÿ
124,youthfire,10,https://www.v2ex.com/t/541320#reply10,Python å®šä¹‰å‡½æ•°ä¸­ä¸¤åˆ—ä¸åŒé•¿åº¦çš„åˆ—è¡¨ä¸ºå‚æ•°å¤±è´¥
125,SeaRecluse,10,https://www.v2ex.com/t/548179#reply10,Python * è¿ç®—ä¼šæ¯” np.matmul æ•ˆç‡é«˜å—ï¼Ÿ
126,pppguest3962,10,https://www.v2ex.com/t/522796#reply10,Python ç¯å¢ƒå¯æœ‰ç°æˆçš„åº“/è½®å­/å·¥å…·ï¼Œä¸‹è½½ç½‘é¡µ+ç½‘é¡µä¸Šçš„å›¾ç‰‡åˆ°æœ¬åœ°ï¼Ÿå°±åƒ IE çš„å¦å­˜ä¸ºã€‚ã€‚ã€‚
127,aoscici2000,10,https://www.v2ex.com/t/530526#reply10,Python ä¸­å…³äº async/await çš„ç–‘é—®
128,fenghuang,10,https://www.v2ex.com/t/547916#reply10,åº”å±Šè½¬è¡Œå¤§æ•°æ®
129,Oane,10,https://www.v2ex.com/t/540866#reply10,å¤©çŒ«çˆ¬è™«å°ç¦ ä¸€ä¸ªéƒ½ä¸ç»™æˆ‘
130,liudaqi,10,https://www.v2ex.com/t/512017#reply10,ç”¨ while+time.sleep()åšå®šæ—¶ä»»åŠ¡ï¼Œå’Œ contrab å¯åŠ¨å®šæ—¶ä»»åŠ¡ï¼Œä½¿ç”¨ä¸Šæœ‰ä»€ä¹ˆå·®åˆ«å—ï¼Ÿ
131,aoscici2000,10,https://www.v2ex.com/t/553254#reply10,Python ä¸­æ€ä¹ˆä½¿ç”¨ async å†™ä¸€ä¸ªåç¨‹å‡½æ•°
132,louhang,10,https://www.v2ex.com/t/511335#reply10,é«˜å¾·åœ°å›¾/æ·˜å®ï¼Œé˜¿é‡Œçš„éªŒè¯ç ç”¨ selenium æ•ˆæœä¸æ˜¯å¾ˆå¥½å‘€ï¼Ÿ
133,xq1309583,10,https://www.v2ex.com/t/559017#reply10,åŸºäºæ¨¡ç³Šæµ‹è¯•çš„ XSS æ¼æ´æ£€æµ‹æœ‰äººä¼šå—ï¼Ÿ
134,melonux,10,https://www.v2ex.com/t/542095#reply10,è¯·é—® Python ä¸‹æœ‰ä»€ä¹ˆæ¯”è¾ƒå¸¸ç”¨çš„ json-rpc å®ç°ï¼Ÿ
135,chengxiao,10,https://www.v2ex.com/t/511524#reply10,ç”¨ç”¨ uwsgi æ¥éƒ¨ç½² django é¡¹ç›®ç”¨--http å’Œ--socket çš„ä¸åŒå¤„åœ¨å“ª?
136,iamdaguduizhang,10,https://www.v2ex.com/t/545857#reply10,è¯¶ï¼Œ Windows + Appium èƒ½å¦æ“ä½œ Ios çœŸæœºå‘¢ã€ï¼Ÿ
137,harpy,10,https://www.v2ex.com/t/558143#reply10,PyCharm çš„ license é—®é¢˜
138,axwz88,10,https://www.v2ex.com/t/530422#reply10,å„ä½å¤§ä½¬å¯ä»¥å¸®å¿™ç¿»è¯‘ä¸€æ®µ 20 è¡Œçš„ Python ä»£ç å—ï¼Ÿ
139,python30,10,https://www.v2ex.com/t/518524#reply10,è‡ªå·²å†™äº†ä¸ª django axaj çš„å‡½æ•°ã€‚ä¸çŸ¥é“å“ªé‡Œæœ‰é—®é¢˜æ€»æ˜¯ä¸èƒ½æ‰§è¡ŒæˆåŠŸï¼Ÿ
140,leisurelylicht,10,https://www.v2ex.com/t/530338#reply10,django_filter æ€ä¹ˆç”¨ choice çš„å€¼è¿›è¡Œè¿‡æ»¤
141,MoModel,10,https://www.v2ex.com/t/520699#reply10,é‚€è¯·å„ä½å¤§ç¥æ¥æµ‹è¯•ä½“éªŒæ”¯æŒ Python çš„äººå·¥æ™ºèƒ½åœ¨çº¿å»ºæ¨¡å¹³å°ï¼š momodel.cn
142,Hopetree,10,https://www.v2ex.com/t/550365#reply10,å…³äº unittest çš„ç”¨ä¾‹æ’åºé—®é¢˜çš„å›°æ‰°
143,fan2006,10,https://www.v2ex.com/t/521846#reply10,å¸®æˆ‘çœ‹ä¸‹è¿™ä¸ªæ­£åˆ™è¡¨è¾¾å¼
144,onlyice,9,https://www.v2ex.com/t/559301#reply9,"ä¸€ç¯‡æ–‡ç« çœ‹æ‡‚ Python iterable, iterator å’Œ generator"
145,boatfu,9,https://www.v2ex.com/t/551248#reply9,çˆ¬è™«é‡åˆ°çš„é—®é¢˜
146,Oane,9,https://www.v2ex.com/t/533313#reply9,åˆæ¬¡æ¥è§¦çˆ¬è™« é—®ç‚¹é—®é¢˜
147,daijinming,9,https://www.v2ex.com/t/541300#reply9,Python æ–°æ‰‹æ±‚æ•™ å‚æ•° **config æ€ä¹ˆè§£é‡Š
148,fghjghf,9,https://www.v2ex.com/t/559108#reply9,Python epollin çš„ä¸€äº›é—®é¢˜ã€‚
149,hoobyy,9,https://www.v2ex.com/t/537776#reply9,æœ‰ç”¨è¿‡ starlette è¿™ä¸ªæ¡†æ¶èƒ½è°ˆä¸‹æ„Ÿå—çš„å—
150,KevinBu,9,https://www.v2ex.com/t/519064#reply9,å„ä½å¤§ä½¬ï¼Œè¯·æ•™ä¸€ä¸‹éªŒè¯ç å»é™¤å¹²æ‰°çº¿å’ŒçŸ«æ­£çš„é—®é¢˜ï¼Œæœ‰å›¾äº†ğŸ˜­
151,mocxe2vwww,9,https://www.v2ex.com/t/516313#reply9,restful api è¯¥æ€ä¹ˆå–èˆï¼Ÿ
152,334862132,9,https://www.v2ex.com/t/550712#reply9,Python çš„è£…é¥°å™¨èƒ½ä¸èƒ½å†™åˆ°ç±»é‡Œé¢
153,welkinzh,9,https://www.v2ex.com/t/550636#reply9,å…³äº django ä¸­ä½¿ç”¨ asyncio çš„ä¸€ä¸ªç–‘é—®
154,tan90du,9,https://www.v2ex.com/t/540574#reply9,211 æ¸£ç¡• fpga é€šä¿¡æ–¹å‘ï¼Œæ¯•ä¸šæƒ³æ‰¾ Python ç¼–ç¨‹ç›¸å…³å·¥ä½œï¼Œé€‰æ‹©æ–¹å‘å¾ˆè¿·èŒ«
155,liukeai7777,9,https://www.v2ex.com/t/511013#reply9,è¯·æ•™å„ä½ v å‹ï¼Œç”¨ tornado åšäº†ä¸€ä¸ªæœåŠ¡ï¼Œæƒ³æŠŠæ¥å£è¿”å›çš„æ•°æ®ï¼ˆè¿”å›çš„éƒ½æ˜¯ json dumps çš„å­—å…¸å’Œåˆ—è¡¨ï¼‰ç”¨å‰ç«¯ç®€å•å±•ç¤ºï¼Œç”¨ä»€ä¹ˆæ¡†æ¶å¯ä»¥å¿«é€Ÿæ­å»ºã€‚
156,jackjyhl,9,https://www.v2ex.com/t/537186#reply9,åä¸‡ç«æ€¥çš„æ•°æ®é‡‡é›†é¡¹ç›®ï¼Œçˆ¬è™«ä»£ç†æµ‹è¯•å¯¹æ¯”
157,Oane,9,https://www.v2ex.com/t/540725#reply9,Python json æ ¼å¼åŒ– ç»“æœä¸º null
158,danzzzz,9,https://www.v2ex.com/t/545541#reply9,å¾ˆéš¾ç†è§£è¿™é“<<å‰‘æŒ‡ offer>>é‡Œé¢çš„é¢˜çš„è¿™ä¸€æ®µä»£ç ï¼Œæƒ³è¯·æ•™ä¸€ä¸‹å¤§å®¶ã€‚
159,spotfg,9,https://www.v2ex.com/t/546339#reply9,æ–—è½¬æ˜Ÿç§»ä¹‹ js å‚æ•°ç¬¬ä¸€ç¯‡ï¼šæŸ yi
160,yinggcy,9,https://www.v2ex.com/t/552343#reply9,å¦‚ä½• ä¿®æ”¹æˆ–æ·»åŠ  å›¾ç‰‡å±æ€§é‡Œçš„ è¯´æ˜é‡Œçš„ä¿¡æ¯?
161,sidegem,9,https://www.v2ex.com/t/552743#reply9,æœ‰ä¸ª Python é—®é¢˜æƒ³è¯·æ•™ä¸€ä¸‹
162,yellowtail,9,https://www.v2ex.com/t/509418#reply9,å°ç™½å†™çˆ¬è™«çˆ¬ b ç«™ç›´æ’­å¼¹å¹• F12 åæ‰¾ä¸åˆ° msgï¼Œæ±‚åŠ©ã€‚ã€‚
163,qwefdrt,8,https://www.v2ex.com/t/519329#reply8,Python ç”¨ with open ... write å†™æ—¥å¿—æœ‰ä»€ä¹ˆå¼Šç«¯ï¼Ÿå’Œ logging æ¯”ï¼Ÿ
164,iPhonePKAndroid,8,https://www.v2ex.com/t/515579#reply8,Python å¦‚ä½•å¯¹ä¸€ç»„å­—ç¬¦ä¸²æŒ‰ç…§ä¸åŒä½ç½®ç”Ÿæˆ
165,fanhaipeng0403,8,https://www.v2ex.com/t/519151#reply8,sqlalchemy çš„ insert or update
166,c4f36e5766583218,8,https://www.v2ex.com/t/556527#reply8,Python å¸è½½æ¨¡å— without pip
167,GoGoPowerRanger,8,https://www.v2ex.com/t/537698#reply8,æœ‰æ²¡æœ‰ä»€ä¹ˆ Python åº“æˆ– è„šæœ¬å¯ä»¥æŠŠ ä»£ç é‡Œçš„å‡½æ•° ç±» å˜é‡å…¨éƒ½æå–å‡ºæ¥
168,warcraft1236,8,https://www.v2ex.com/t/532912#reply8,Scrapy çš„ RetryMiddleware ä¸ç”Ÿæ•ˆï¼Œæ±‚æ•™
169,yuting0501,8,https://www.v2ex.com/t/561618#reply8,è¯·æ•™ä¸€ä¸‹ flask+sqlalchemy+mysql è¿æ¥é”™è¯¯é—®é¢˜
170,KevinBu,8,https://www.v2ex.com/t/519059#reply8,å„ä½å¤§ä½¬ï¼Œè¯·æ•™ä¸€ä¸‹éªŒè¯ç å»é™¤å¹²æ‰°çº¿å’ŒçŸ«æ­£çš„é—®é¢˜
171,shimingzhoudf,8,https://www.v2ex.com/t/546835#reply8,Python é•¿è¿æ¥ è½¬æ¥æœåŠ¡å™¨
172,Kcelone,8,https://www.v2ex.com/t/519024#reply8,Python å¼€å‘ç½‘ç«™ï¼Œå¯¹æ•°æ®åº“è¿æ¥çš„ç®¡ç†åŠæ³•
173,chinesehuazhou,8,https://www.v2ex.com/t/522582#reply8,Python è¿›é˜¶ï¼šè¿­ä»£å™¨ä¸è¿­ä»£å™¨åˆ‡ç‰‡ï¼ˆé¢„è­¦ï¼šå†…æœ‰å…¬ä¼—å·å®£ä¼ ï¼Œä¸å–œå‹¿è¿›ï¼‰
174,huyinjie,8,https://www.v2ex.com/t/515684#reply8,å¦‚ä½•è·å–å¤§ä¼—ç‚¹è¯„å•†é“ºçš„ä½ç½®ä¿¡æ¯
175,oldbird,8,https://www.v2ex.com/t/550615#reply8,å…³äº python2 åœ¨ä¸åŒæ‰§è¡Œå·¥å…·ä¸‹çš„ä¸­æ–‡ä¹±ç é—®é¢˜
176,Safair,8,https://www.v2ex.com/t/537455#reply8,"å¤§äºŒè‡ªå­¦ Python ,äºŒæœ¬å­¦æ ¡èµ„æºæ¯”è¾ƒå°‘,è¯·é—®å„ä½å‰è¾ˆå¤§ç¥ç°åœ¨æˆ‘å¯ä»¥æ€ä¹ˆæé«˜?"
177,chinesehuazhou,8,https://www.v2ex.com/t/545444#reply8,Python è¿›é˜¶ï¼šå¦‚ä½•å°†å­—ç¬¦ä¸²å¸¸é‡è½¬åŒ–ä¸ºå˜é‡ï¼Ÿï¼ˆå†…æœ‰å…¬ä¼—å·å®£ä¼ ï¼Œä¸å–œå‹¿è¿›ï¼‰
178,jin6220,8,https://www.v2ex.com/t/510918#reply8,åœ¨æµè§ˆå™¨åŠ¨æ€åˆ·æ–°çš„æ•°æ®ä¸ºä»€ä¹ˆä¸ä¼šè¢«æœåŠ¡å™¨ç¦æ­¢æ‰ï¼Œè€Œæ‰¾å‡ºç½‘å€åœ¨ Python é‡Œè¯·æ±‚æ—©æ™šè¢«ç¦ï¼Ÿ
179,334862132,8,https://www.v2ex.com/t/511198#reply8,"django2.0 å‡ºç°äº†çµå¼‚äº‹ä»¶,æ±‚å¤§ç¥æŒ‡ç‚¹"
180,shanghj,7,https://www.v2ex.com/t/542973#reply7,"Python ä¸­ list[1],list[2]=list[2],list[1]çš„å®ç°åŸç†"
181,king1101,7,https://www.v2ex.com/t/519174#reply7,ä¸€ä¸ªç¼–ç é—®é¢˜ã€‚ã€‚ã€‚
182,Andy00,7,https://www.v2ex.com/t/556628#reply7,Python è¯­æ³•é—®é¢˜ï¼Œå®ä¾‹åŒ–äº†ä¸€ä¸ªå¯¹è±¡åç›´æ¥æŠŠè¿™ä¸ªå¯¹è±¡å½“ä½œä¸€ä¸ªå‡½æ•°è°ƒç”¨ï¼Œè¿™æ˜¯ä»€ä¹ˆè¯­æ³•ï¼Ÿç®—æ˜¯å‡½æ•°å¼ç¼–ç¨‹å—ï¼Ÿ
183,Hopetree,7,https://www.v2ex.com/t/512379#reply7,ä½¿ç”¨ç¯å¢ƒå˜é‡è®¾ç½®å‚æ•°ï¼Œç„¶ååœ¨ Python ä¸­è¯»å–çš„æ—¶å€™å‘ç°é—®é¢˜ï¼šç¯å¢ƒå˜é‡é‡Œé¢è®¾ç½®çš„å€¼éƒ½æ˜¯å­—ç¬¦ä¸²å½¢å¼çš„ï¼Œè€Œæå–ä¹‹åæƒ³è¦å¾—åˆ°çš„åº”è¯¥æ˜¯å¸ƒå°”å€¼ï¼Œè¿™ä¸ªæ€ä¹ˆè§£å†³ï¼Ÿ
184,nightstart,7,https://www.v2ex.com/t/546790#reply7,Python aiomysql æˆ‘é‡åˆ°çš„å¼‚å¸¸æƒ…å†µ
185,1024dada,7,https://www.v2ex.com/t/518939#reply7,çˆ¬è™«å…¥é—¨æ•™ç¨‹â€” jupyter ä¸ requests çš„åˆæ­¥ä½¿ç”¨
186,smallgoogle,7,https://www.v2ex.com/t/511781#reply7,å¤šæ‹¨çˆ¬è™«è‡ªåŠ¨åˆ‡æ¢ IP çš„ä¾‹å­
187,15874103329,7,https://www.v2ex.com/t/511105#reply7,[æ–°äººæ±‚æ•™] æ— æ³•åˆ›å»º pipenv è™šæ‹Ÿç¯å¢ƒ
188,CriseLYJ,7,https://www.v2ex.com/t/541064#reply7,åˆ©ç”¨ flask å°† opencv å®æ—¶è§†é¢‘æµè¾“å‡ºåˆ°æµè§ˆå™¨--è§£å†³æ€§èƒ½é—®é¢˜
189,flyycn,7,https://www.v2ex.com/t/557507#reply7,celery è‡ªåŠ¨åœæ­¢è¿è¡Œæ€ä¹ˆè§£å†³
190,foxyier,7,https://www.v2ex.com/t/530570#reply7,éªŒè¯ç è¯†åˆ«æ±‚åŠ©
191,woshichuanqilz,7,https://www.v2ex.com/t/532743#reply7,tesseract çš„æ•°å­—è¯†åˆ«çš„é—®é¢˜
192,sr0miao,7,https://www.v2ex.com/t/511683#reply7,å¤§ä½¬ä»¬ï¼Œä½ ä»¬çŸ¥é“æœ‰ä»€ä¹ˆåŠæ³•èƒ½é€šè¿‡ ip æŸ¥è¯¢åˆ°ç°æœ‰åŸŸåæˆ–æ›¾ç»ç»‘å®šçš„åŸŸåä¹ˆï¼Ÿç½‘ä¸Šé‚£äº›åå‘æŸ¥è¯¢çš„ç½‘ç«™æ˜¯æ€ä¹ˆåšåˆ°çš„å•Šï¼Ÿ
193,15874103329,7,https://www.v2ex.com/t/518676#reply7,"[æ–°äººæ±‚åŠ©] å¦‚ä½•ç”¨æ­£åˆ™æå–å‡º gallery: JSON.parse ä¸­çš„å†…å®¹ï¼Œä¸è¦å¤´éƒ¨çš„ï¼ˆå’Œå°¾éƒ¨çš„ï¼‰ï¼Œ
å°±æ˜¯æŠŠ json.loads æ‹¿å‡ºæ¥"
194,Livid,7,https://www.v2ex.com/t/520637#reply7,Python é‡Œé™¤äº† multiprocessingï¼Œè¿˜æœ‰ä»€ä¹ˆæ¯”è¾ƒå¥½ç”¨çš„å¤šçº¿ç¨‹åº“å—ï¼Ÿ
195,xing393939,7,https://www.v2ex.com/t/550566#reply7,è¯·æ•™ç”¨ uwsgi listen queue æ»¡äº†å°±æ— å“åº”çš„é—®é¢˜
196,SuperMaskv,7,https://www.v2ex.com/t/545461#reply7,Python æŠ“å–è±†ç“£è¯»ä¹¦ä¹¦ç±è¯¦ç»†å†…å®¹é‡åˆ°çš„å­—ç¬¦ä¸²å¤„ç†é—®é¢˜
197,leewlab,7,https://www.v2ex.com/t/557768#reply7,PySpider å¦‚ä½•å»é‡ï¼Ÿ
198,piqizhu,6,https://www.v2ex.com/t/558742#reply6,Python é¢å‘å¯¹è±¡-ç»§æ‰¿å’Œå¤šæ€
199,Nick2VIPUser,6,https://www.v2ex.com/t/556206#reply6,è¯·é—®æœ‰ Python åç«¯äº¤æµç¾¤ï¼ˆå¾®ä¿¡ï¼‰å˜›ï¼Ÿå¦‚æœæ²¡æœ‰çš„è¯ï¼Œæˆ‘æ‹‰ä¸€ä¸ªé¸­~
200,hanfengzxh,6,https://www.v2ex.com/t/546060#reply6,è¯·é—® Python æœ‰ä»€ä¹ˆä»£ç ç”Ÿæˆå™¨ä¹ˆ
201,techone,6,https://www.v2ex.com/t/530541#reply6,PyCasbin: æ”¯æŒ ACLã€RBACã€ABAC å¤šç§æ¨¡å‹çš„ Python æƒé™ç®¡ç†æ¡†æ¶
202,warcraft1236,6,https://www.v2ex.com/t/533405#reply6,Scrapy æ€ä¹ˆèƒ½ä¸»åŠ¨å…³é—­å‘¢ï¼Ÿ
203,sergiojune,6,https://www.v2ex.com/t/537556#reply6,çŸ¥ä¹æœ€æ–°ç‰ˆæ¨¡æ‹Ÿç™»é™†è¯¦è§£ï¼Œå°ç™½ä¹Ÿèƒ½æ‡‚
204,DongDongXie,6,https://www.v2ex.com/t/511665#reply6,Python é‡Œé¢ np.savetxt()å’Œ pickle æœ¬åœ°åŒ–æ—¶ï¼Œä¸¤ä¸ªæ€§èƒ½å¯¹æ¯”æ€ä¹ˆæ ·
205,Exp,6,https://www.v2ex.com/t/558032#reply6,æœ‰äººçŸ¥é“ PyQt5 çš„æ–‡æ¡£å»å“ªé‡Œæ‰¾å—ï¼Ÿ
206,911speedstar,6,https://www.v2ex.com/t/550605#reply6,ä»£ç†æ± ä½œç”¨å¤§å¦ˆ
207,Wallace007,6,https://www.v2ex.com/t/561583#reply6,è¯·é—®å¦‚ä½•å°†æ–‡ç« å’Œé‡Œé¢çš„å›¾ç‰‡ä¸€èµ·å±•ç¤ºå‡ºæ¥å‘¢
208,XxxxD,6,https://www.v2ex.com/t/541050#reply6,Python å¤šçº¿ç¨‹çˆ¬å–å¾®åšï¼Œå†™å…¥ Mongodb æ•°é‡å¯¹ä¸ä¸Š
209,huisezhiyin,6,https://www.v2ex.com/t/520795#reply6,å†™äº†ä¸ªéå¸¸å°ç™½å’ŒåŸºç¡€çš„ django-rest-framework æ•™ç¨‹
210,xiaozaiziwyt,6,https://www.v2ex.com/t/546772#reply6,çˆ¬è™«æ—¶ç”¨ chromedriver æ¨¡æ‹Ÿä¸€ç›´æç¤º cannot connect to chrome at 127.0.0.1:9222
211,xiangbudaomingzi,6,https://www.v2ex.com/t/556080#reply6,å¾®ä¿¡è‡ªåŠ¨å¡«å†™æŠ¥åè¡¨
212,ran2001hk,6,https://www.v2ex.com/t/511083#reply6,å®¶å’Œä»£å†™è”ç›Ÿæ€éº¼æ¨£ï¼Ÿ
213,j0hnj,6,https://www.v2ex.com/t/540758#reply6,å‘ç°ä¸€ä¸ªæ–°çš„ Python ä¾èµ–ç®¡ç†å·¥å…·ï¼
214,k4kklong,6,https://www.v2ex.com/t/558131#reply6,åœ¨å…¶ä»–è¯­è¨€ç¤¾åŒºé‡Œæœ‰æ²¡æœ‰åƒ django çš„ drf è¿™æ ·çš„å£°æ˜å¼çš„ REST æ¡†æ¶ã€‚
215,liudaqi,6,https://www.v2ex.com/t/550476#reply6,import json å’Œ from flask import json ä¸¤ç§æ–¹å¼å¼•å…¥çš„ json æœ‰ä»€ä¹ˆåŒºåˆ«å—ï¼Ÿ
216,Qzier,6,https://www.v2ex.com/t/538020#reply6,å…³äºæ±‚æœ€çŸ­è·¯å¾„çš„ Dijkstra ç®—æ³•ï¼Œæœ‰ä¸€ç‚¹å›°æƒ‘
217,JohnChiu,6,https://www.v2ex.com/t/561239#reply6,Python æœ‰è½¬æ¢éŸ³é¢‘é‡‡æ ·ç‡çš„åº“å—ï¼Ÿ
218,chaleaochexist,6,https://www.v2ex.com/t/546394#reply6,django é¡¹ç›®æœ‰å…³çš„é…ç½®é¡¹å¯ä»¥æ”¾åˆ° settings é‡Œé¢.ä½†æ˜¯è¿˜æœ‰å¾ˆå¤š config.ini ä¹‹ç±»çš„æ–‡æœ¬åšé…ç½® ä¸ºå•¥?
219,Huelse,6,https://www.v2ex.com/t/545292#reply6,pyenv install ä¸‹è½½ç¼“æ…¢
220,zeroze,5,https://www.v2ex.com/t/559734#reply5,æ˜¯å¦å¯ä»¥ç”¨ Python æ§åˆ¶ Android ä¸Šçš„å¾®ä¿¡ï¼Œå®Œæˆç»™è‡ªå·±å‘æ¶ˆæ¯ä¹‹ç±»çš„åŠŸèƒ½
221,shimingzhoudf,5,https://www.v2ex.com/t/559573#reply5,ubuntu docker
222,cxa,5,https://www.v2ex.com/t/510660#reply5,Python çš„æŠ€å·§å’Œæ–¹æ³•ä½ äº†è§£å¤šå°‘ï¼Ÿ
223,dibis,5,https://www.v2ex.com/t/511214#reply5,"ä¸æ‡‚å°±è¦é—®:pyenv è®¾ç½® py ç‰ˆæœ¬,ç„¶å pip å®‰è£… BeautifulSoup4 ä¸è®¤"
224,wakan190,5,https://www.v2ex.com/t/561648#reply5,å¦‚ä½•æŠŠ AutoProxy ç±»å‹è½¬æ¢æˆ list
225,ArtCell,5,https://www.v2ex.com/t/530846#reply5,requests åº“çˆ¬å–ç½‘é¡µæ—¶é‡åˆ° jQuery çš„ val å‡½æ•°è®¾ç½®çš„ Input æ ‡ç­¾ï¼Œæ— æ³•è·å– input å€¼
226,helijia21,5,https://www.v2ex.com/t/561690#reply5,å­—å…¸åˆå¹¶é—®é¢˜è¯·æ•™
227,cyy564,5,https://www.v2ex.com/t/519069#reply5,å„ä½å¤§ä½¬è¯·æ•™ä¸€ä¸‹ï¼Œå…³äºçˆ¬è™«çš„è¿‡æ»¤é—®é¢˜
228,xxx777,5,https://www.v2ex.com/t/547703#reply5,Python åç«¯æ±‚æ”¶ç•™ã€æ±‚æ¨èï¼Œåæ ‡åŒ—äº¬ã€‚
229,mingyun,5,https://www.v2ex.com/t/528648#reply5,å¦‚ä½•ç”¨ Python è§£åŒ—å¤§æ‹›ç”Ÿé¢˜
230,megachweng,5,https://www.v2ex.com/t/542245#reply5,è¯·é—® QTableWidget ä¸­ï¼Œå¦‚ä½•æ¯è¡Œ QRadioButton è®¾ç½®ä¸ºäº’æ–¥
231,chuanqirenwu,5,https://www.v2ex.com/t/511036#reply5,åœ¨çˆ¬å–å¾®åšè¯„è®ºæ—¶è¿”å›è®¤è¯å¤±è´¥çš„é¡µé¢ï¼Œè¯¥æ€ä¹ˆè§£å†³ï¼Ÿ
232,kevin1234,5,https://www.v2ex.com/t/515607#reply5,æ±‚å¤§ç¥å¸®å¿™æŠŠè¿™ä¸ª Python å‡½æ•°åŠŸèƒ½ ç”¨ js å®ç°ä¸‹
233,334862132,5,https://www.v2ex.com/t/546679#reply5,Python çš„æ¨¡å‹è¿æ¥é—®é¢˜
234,warcraft1236,5,https://www.v2ex.com/t/530031#reply5,Mac ç³»ç»Ÿä¸‹ï¼Œ Scrapy è‡ªåŠ¨èµ°ç³»ç»Ÿä»£ç†ï¼Ÿ
235,KevinBu,5,https://www.v2ex.com/t/518486#reply5,å¦‚ä½•è·å– AD åŸŸä¸­æ‰€æœ‰çš„ OUï¼Ÿ
236,kabuqino,5,https://www.v2ex.com/t/522097#reply5,éœ€è¦æŠ€æœ¯åˆä¼™äºº
237,mocxe2vwww,5,https://www.v2ex.com/t/522468#reply5,Python æ’å€¼çš„é—®é¢˜
238,huangzhe8263,5,https://www.v2ex.com/t/555399#reply5,Python è¸©è¿‡çš„é™·é˜±å’Œå‘
239,1800x,4,https://www.v2ex.com/t/559769#reply4,vscode è°ƒè¯• Python ç¨‹åºï¼Œå¦‚ä½•è°ƒè¯•è¿›å…¥ç¬¬ä¸‰åº“çš„ä»£ç ï¼Ÿ
240,chenqh,4,https://www.v2ex.com/t/512349#reply4,é—®ä¸‹ ctypes çš„é—®é¢˜
241,911speedstar,4,https://www.v2ex.com/t/542871#reply4,æ€ä¹ˆéšæœºä¼‘æ¯å‡ ç§’å‘¢
242,CriseLYJ,4,https://www.v2ex.com/t/541529#reply4,ä½¿ç”¨ä¸ƒç‰›äº‘å‚¨å­˜ç©ºé—´çš„ç¬”è®°-å¼€æº Python è„šæœ¬
243,dwzhao,4,https://www.v2ex.com/t/558983#reply4,çº ç»“ä¸€é—®é¢˜ï¼Œ CGI ä»£ç å’Œä¸šåŠ¡ä»£ç è€¦åˆæ€ä¹ˆå¤„ç†ï¼Ÿ
244,Nick2VIPUser,4,https://www.v2ex.com/t/532701#reply4,"å…³äº Python ä½¿ç”¨ puppeteer æ— å¤´æ¨¡å¼é‡åˆ°çš„ bug,æ±‚è§£."
245,1800x,4,https://www.v2ex.com/t/552979#reply4,æ¨èå‡ ä¸ªçŠ¶æ€å¥½çš„ Python ç¤¾åŒºå’Œç¾¤èŠå§
246,leisurelylicht,4,https://www.v2ex.com/t/522689#reply4,æ±‚é—®é¡¹ç›®é—´åŒæ­¥æ•°æ®çš„è§£å†³æ–¹æ¡ˆ
247,python30,4,https://www.v2ex.com/t/553546#reply4,Python +django å¼€å‘ç½‘ç«™ã€‚æ€ä¹ˆæ ¹æ®å†…å®¹æˆ–æ ‡é¢˜è‡ªåŠ¨ç”Ÿæˆ tag æ ‡ç­¾ï¼Ÿ è·Ÿ V2EX ç”Ÿæˆæ ‡ç­¾çš„æ–¹å¼å·®ä¸å¤šï¼Œä¸çŸ¥é“æœ‰ä»€ä¹ˆæ€è·¯æ²¡æœ‰ï¼Ÿ
248,Lsj777,4,https://www.v2ex.com/t/537740#reply4,åš Python çˆ¬è™«ä¸€å¹´ï¼Œæƒ³è¦åœ¨ä¹‹åå­¦ä¹ å¹¶å‘å±•å®‰å…¨æ–¹å‘å¯è¡Œå—ï¼Ÿ
249,daijinming,4,https://www.v2ex.com/t/541385#reply4,Python3 è¿è¡Œä¸€ä¸ªå¯¼å…¥ pika æ¨¡å—çš„ æ–‡ä»¶ product.py æç¤º ModuleNotFoundError
250,vcent,4,https://www.v2ex.com/t/556592#reply4,Python re.findall åŒ¹é…çš„åˆ° re.sub å´æ›¿æ¢ä¸æ‰å‘¢ï¼Ÿ
251,fonlan,4,https://www.v2ex.com/t/556511#reply4,Flask <path:url>çš„å‘ï¼Ÿ
252,silkriver,4,https://www.v2ex.com/t/558856#reply4,æˆ‘æ›´æ–°äº†ä¸€ç¯‡ Matplotlib æ•™ç¨‹ï¼Œé¡ºä¾¿åœ¨ä¾‹å­ä¸­å®£ä¼ ä¸‹ Python æ–‡æ¡£ç¿»è¯‘é¡¹ç›®â€¦â€¦
253,kevin1234,4,https://www.v2ex.com/t/519004#reply4,v2ex å¤§ç¥ç»™ç‚¹æ„è§
254,zyi,4,https://www.v2ex.com/t/546224#reply4,Python Django å¼€å‘ç›¸å…³çŸ¥è¯†ç‚¹æ•´ç†
255,rizon,4,https://www.v2ex.com/t/511697#reply4,[å·²è§£å†³] mac python2.7 æŠ¥é”™ ImportError: No module named zlib
256,oldbird,4,https://www.v2ex.com/t/555876#reply4,è¯·æ•™ç”¨ winpython çš„ pip é—®é¢˜
257,sasic,4,https://www.v2ex.com/t/547223#reply4,è£…é¥°å™¨é—®é¢˜
258,mobong,4,https://www.v2ex.com/t/552954#reply4,é˜¿é‡Œäº‘ pip é—®é¢˜æ±‚æ•™
259,Fiery123,4,https://www.v2ex.com/t/520571#reply4,Flask-Sqlalchemy æŸ¥è¯¢æœ€å¤§å€¼
260,yjqiang,4,https://www.v2ex.com/t/522428#reply4,å†™äº†ä¸€ä¸ªé˜…è¯»å°è¯´ã€æ¼«ç”»çš„ Python è„šæœ¬ï¼ˆios Pythonista APPï¼‰
261,dlsea,4,https://www.v2ex.com/t/520383#reply4,Python pdb.set_trace()é—®é¢˜
262,Wangjl,4,https://www.v2ex.com/t/511576#reply4,wxPython å¦‚ä½•æ•è· alt+tab åˆ‡æ¢çª—å£äº‹ä»¶å’Œ ctrl+c å¼ºåˆ¶ä¸­æ–­äº‹ä»¶ï¼Ÿ
263,qile1,4,https://www.v2ex.com/t/545772#reply4,Python çš„ flask åšç½‘ç«™æŠŠæ•°æ®å…ˆä»æ•°æ®åº“ç¼“å­˜åˆ°æœåŠ¡å™¨ä¹‹åä½¿ç”¨ pandas è¿›è¡ŒæŸ¥è¯¢è¿‡æ»¤æ˜¯å¦åˆç†
264,Northxw,4,https://www.v2ex.com/t/544326#reply4,Python çˆ¬è™«å°èœé¸Ÿä½›ç³»æ¨èè‡ªå·±çš„ Github
265,oldbird,4,https://www.v2ex.com/t/555702#reply4,setdefaultencoding åæ— æ³• print
266,warcraft1236,4,https://www.v2ex.com/t/530029#reply4,è¯·æ•™ Linux ä¸‹ Scrapy å†…å­˜å ç”¨éå¸¸å¤§çš„é—®é¢˜
267,kidlfy,4,https://www.v2ex.com/t/522299#reply4,Python çš„æ•°å­—å­—ç¬¦ä¸²ç±»å‹æ¸…æ´—æœ‰ä»€ä¹ˆå¥½æ–¹æ³•å—ï¼Ÿ
268,yixiugegegege,3,https://www.v2ex.com/t/559480#reply3,"å’¨è¯¢ä¸€ä¸‹å¤§ä½¬,æˆ‘æƒ³ç”¨ py æ¨¡æ‹Ÿä¸€ä¸‹äººç±»é¼ æ ‡è½¨è¿¹"
269,Bonky,3,https://www.v2ex.com/t/559150#reply3,"é—®ä¸‹ Python ä¸­å¯ä»¥åŒ¹é…è¾“å…¥æ ¼å¼, è¾“å…¥æ•°ç»„æˆ–è€…å­—å…¸çš„å‡½æ•°å«ä»€ä¹ˆ"
270,334862132,3,https://www.v2ex.com/t/511620#reply3,django ç”¨ mysql åŸç”Ÿæ•°æ®å¡ä¸»
271,fghjghf,3,https://www.v2ex.com/t/561806#reply3,Python åŠåŒæ­¥åŠå¼‚æ­¥çš„ç–‘é—®ï¼Ÿ
272,qinghon,3,https://www.v2ex.com/t/561762#reply3,Python é•œåƒæ–‡ä»¶æµ
273,fzzff,3,https://www.v2ex.com/t/559023#reply3,è¯·é—® tornado æ¡†æ¶ä¸­ Configurable åŠå…¶å­ç±»ä¸ºä»€ä¹ˆè¦ç”¨ initialize ä»£æ›¿__init__
274,CriseLYJ,3,https://www.v2ex.com/t/542692#reply3,Python æ¨¡æ‹Ÿå„å¤§ç½‘ç«™ç™»é™†æ–¹å¼ï¼Œä»¥åŠä¸€äº›çˆ¬è™«ç¨‹åº-æ·»åŠ çˆ¬å–é“¾å®¶-æ¨¡æ‹Ÿç™»å½• githubï¼Œå…¶ä¸­æˆ‘è¿˜æœ‰äº›è¯æƒ³è¯´ï¼
275,evin,3,https://www.v2ex.com/t/504109#reply3,æœ‰æ²¡æœ‰ç°æˆçš„è½®å­å¯ä»¥æŠ“å–æŒ‡å®šæ•°é‡çš„ google æˆ–è€…ç™¾åº¦çš„æœç´¢ç»“æœï¼Ÿ
276,hihipypy,3,https://www.v2ex.com/t/558545#reply3,Celery Flower çš„ monitor ä¸ºç©ºï¼Œæ±‚åŠ©
277,cf472436288,3,https://www.v2ex.com/t/511958#reply3,åœ¨ Python ä¸­ï¼Œç”¨æ¥æŸ¥çœ‹ä¸€ä¸ªå¯¹è±¡çš„å¯ç”¨å±æ€§åˆ—è¡¨çš„å†…ç½®å‡½æ•°åæ˜¯ä»€ä¹ˆï¼Ÿ
278,old18,3,https://www.v2ex.com/t/558619#reply3,selenium ç‚¹å‡»çš„é—®é¢˜.è¯·å„ä½å¤§ä½¬æŒ‡æ•™ä¸€ä¸‹.
279,Karpov,3,https://www.v2ex.com/t/553324#reply3,äº‹ä¸šå•ä½å­¦ä¹ å…¬éœ€è¯¾çš„æœ‹å‹ï¼Œæœ‰å…´è¶£æ‹¿å»æ”¹æ”¹
280,ethego,3,https://www.v2ex.com/t/520921#reply3,ThriftPy å·²å®Œå…¨ç”±å¼€æºç¤¾åŒºæ¥ç®¡ï¼Œæ¬¢è¿ä½¿ç”¨å°é²œ
281,chinesehuazhou,3,https://www.v2ex.com/t/515948#reply3,ï¼ˆé¢„è­¦ï¼šå†…æœ‰å…¬ä¼—å·å®£ä¼ ï¼Œä¸å–œå‹¿è¿›ï¼‰æœ€æ–°è¿›å±•|å…³äº Python æ²»ç†æ¨¡å¼çš„æŠ•ç¥¨
282,Shingekinoshinji,3,https://www.v2ex.com/t/556465#reply3,Python PIL è¯»å–æŠ¥ UserWarning å¦‚ä½•å®šä½
283,silkriver,3,https://www.v2ex.com/t/516110#reply3,Python å®˜æ–¹æ–‡æ¡£ä¸­æ–‡ç¿»è¯‘é¡¹ç›®
284,myKing,3,https://www.v2ex.com/t/537538#reply3,django å¹¶å‘ä¸‹è½½å›¾ç‰‡ä¼˜åŒ–
285,yellowtail,3,https://www.v2ex.com/t/548501#reply3,ç”¨ dataframe.plot ç»˜å›¾æ—¶åæ ‡è®¾ç½®ç›¸å…³çš„é—®é¢˜ï¼Œéº»çƒ¦å„ä½å¸®å¿™çœ‹çœ‹ï¼Œè°¢è°¢
286,0xABCD,3,https://www.v2ex.com/t/518754#reply3,Python æ–°çš„æ²»ç†è§„åˆ™æŠ•ç¥¨ç»“æœå‡ºæ¥äº†ï¼
287,hakono,3,https://www.v2ex.com/t/556151#reply3,æ€ªäº†ï¼Œ Python ç®—å‡ºæ¥çš„ç»„åˆçš„ç»“æœä¸ºä»€ä¹ˆæ˜¯é”™çš„
288,woaicheny,3,https://www.v2ex.com/t/522542#reply3,mongodb é‡Œé¢ $where è¿™æ ·çš„è¯­å¥åœ¨ Python ä»£ç é‡Œé¢æ€ä¹ˆå†™ï¼Ÿ
289,ahdw,3,https://www.v2ex.com/t/545747#reply3,Python GUI æ–°æ‰‹ï¼Œé‡åˆ°å¥‡æ€ªé—®é¢˜ï¼Œæ±‚æ•™
290,qazwsxkevin,3,https://www.v2ex.com/t/530599#reply3,è¯·æ•™è¿™ç§ç½‘é¡µçš„éƒ¨åˆ†å†…å®¹ï¼Œ Python å¦‚ä½•çˆ¬ï¼Ÿ curl&wget è·å–çš„é™æ€ html è·å–ä¸åˆ°è¿™éƒ¨åˆ†çš„å†…å®¹ã€‚ã€‚ã€‚
291,Kylin30,3,https://www.v2ex.com/t/511081#reply3,è¯·æ•™æœ‰ç”¨è¿‡ pyqt5 çš„å¤§ç¥è§£ç­”ä¸€ä¸ª combobox çš„é—®é¢˜
292,fanhaipeng0403,3,https://www.v2ex.com/t/522385#reply3,çº¿ç¨‹è£…é¥°å™¨ï¼Œå®ç°å¼‚æ­¥
293,spotfg,3,https://www.v2ex.com/t/532735#reply3,è¯·é—®ä¸€ä¸‹ï¼Œ scrapy åœ¨ä¸€ä¸ª def é‡Œä¸èƒ½å‘å¤šä¸ª yield Request è¯·æ±‚ä¹ˆï¼Ÿä¸ºä»€ä¹ˆï¼Ÿ
294,piqizhu,3,https://www.v2ex.com/t/558048#reply3,Python ä¸­ä»€ä¹ˆæ˜¯é¢å‘å¯¹è±¡-å°è£…
295,yyrhwy,3,https://www.v2ex.com/t/558060#reply3,[ Python ]è¯·é—®è¿™æ®µä»£ç ä¸­ value = value.strip()è¿™è¡Œèµ·åˆ°ä»€ä¹ˆä½œç”¨å‘¢ï¼Ÿ
296,4ever911,3,https://www.v2ex.com/t/530384#reply3,MongoDB + SSH è½¬å‘çš„é—®é¢˜è¯·æ•™
297,okwork,3,https://www.v2ex.com/t/552752#reply3,discuss. Python .org ç”¨çš„æ˜¯ Ruby Discourseï¼Ÿ
298,warcraft1236,3,https://www.v2ex.com/t/520406#reply3,Python Behave æ¡†æ¶å†™çš„è‡ªåŠ¨åŒ–æµ‹è¯•ï¼Œæœ‰å¿…è¦ä¸Š ORM å—ï¼Ÿ
299,pocketmiddle,3,https://www.v2ex.com/t/542185#reply3,Python æ–°äººæ±‚åŠ©ï¼šæ±‚æ¨èå…å®‰è£…ç‰ˆçš„ Python ç¼–è¾‘å™¨
300,idotfish,3,https://www.v2ex.com/t/553538#reply3,Python scrapy çˆ¬è™«é—®é¢˜
301,secsilm,3,https://www.v2ex.com/t/514959#reply3,Python æ‰“åŒ…æˆ SO æ–‡ä»¶
302,eastlhu,3,https://www.v2ex.com/t/515022#reply3,Python3:readlines æˆ–è€… enumerate æ˜¯å¦ä¼šå¯¼è‡´æ–‡ä»¶æµä¸ºç©º
303,hl0832,2,https://www.v2ex.com/t/559224#reply2,è¯·æ•™ä¸€ä¸‹å¤§å®¶ï¼Œ celery ä¸­ä½¿ç”¨ cron è¡¨è¾¾å¼æ˜¯ä¸æ˜¯æ— æ³•å‘ Java çš„ Quartz ä¸­å®ç°æŒ‡å®šæ—¶é—´è§¦å‘ä¸€ä¸ªé—´éš”æ‰§è¡Œçš„ä»»åŠ¡ï¼Œä¾‹å¦‚è®¾ç½®åœ¨ 2019-05-01 12:10 åæ¯ 2 å°æ—¶æ‰§è¡Œä¸€ä¸ªä»»åŠ¡ï¼Ÿ
304,wyc9296,2,https://www.v2ex.com/t/556703#reply2,Cypthon ç¼–è¯‘å‡ºæ¥çš„ pyd æ€ä¹ˆæ·»åŠ ç‰ˆæœ¬å·ï¼Ÿ
305,kidlfy,2,https://www.v2ex.com/t/551631#reply2,tornado äº§ç”Ÿçš„æ—¥å¿—æ€ä¹ˆä¸Šä¼  aliyun çš„æ—¥å¿—æœåŠ¡ï¼Ÿ
306,fanhaipeng0403,2,https://www.v2ex.com/t/522794#reply2,é—®å¤§å®¶ä¸€ä¸ªå…³äº async å’Œ await çš„é—®é¢˜ï¼Œ æ–°å¹´å¿«ä¹~
307,meichuanyi,2,https://www.v2ex.com/t/538028#reply2,pythonanywhere åŠ è½½ä¹Ÿå¤ªæ…¢äº†æŠŠï¼Œæœ‰ä»€ä¹ˆæ–¹æ³•èƒ½æé«˜è®¿é—®é€Ÿåº¦ï¼Ÿ
308,chinesehuazhou,2,https://www.v2ex.com/t/559143#reply2,sum() å‡½æ•°æ€§èƒ½å ªå¿§ï¼Œåˆ—è¡¨é™ç»´æœ‰ä½•è‰¯æ–¹ï¼Ÿï¼ˆå†…æœ‰å…¬å·å®£ä¼ ï¼Œä¸å–œå‹¿è¿›ï¼‰
309,sjlinger,2,https://www.v2ex.com/t/546561#reply2,Python è°ƒç”¨è‡ªå·±ç¼–å†™çš„ Fortran å‡½æ•°ï¼Œä¼šæ¯”ç›´æ¥è¿è¡Œ Fortran ç¨‹åºæ…¢å¾ˆå¤šä¹ˆï¼Ÿ
310,ns2250225,2,https://www.v2ex.com/t/516032#reply2,Django Rest Framework æ€æ ·åœ¨ ModelViewSet ä¸­æ—¢åˆ†é¡µåˆèƒ½è·å–æ‰€æœ‰æ•°æ®
311,masana,2,https://www.v2ex.com/t/511059#reply2,"æ–°æ‰‹è¯·æ•™ï¼ŒæŠ„ BeProud çš„æ•™ç¨‹å®ä¾‹çš„ï¼Œè¿è¡Œ load_data å´æ²¡æœ‰æ•°æ®ä¹Ÿæ²¡æŠ¥é”™ï¼Œä»€ä¹ˆæƒ…å†µ
åœ¨ Ubuntu ä¸Šçš„ python2.7.3 å’Œ windows çš„ python3.6.32 ç¯å¢ƒä¸­éƒ½ä¸è¡Œï¼Œä»£ç å¦‚ä¸‹ï¼š"
312,youthfire,2,https://www.v2ex.com/t/520985#reply2,Pandas Dataframe çš„ out of bounds é—®é¢˜
313,XIVN1987,2,https://www.v2ex.com/t/511185#reply2,Python -makrdown åŒ…çš„ codehilite æ‰©å±•å¯¼è‡´æ— æ³•æ˜¾ç¤ºå°äºå·<å’Œå¤§äºå·>
314,334862132,2,https://www.v2ex.com/t/556276#reply2,æŸ¥è¯¢æ—¶å€™æ¯æ¬¡éƒ½æ‹¼æ¥å’Œç›´æ¥æ‹¼æ¥å¥½å“ªç§æ€§èƒ½æ›´æ¢
315,Terrorist,2,https://www.v2ex.com/t/531194#reply2,è´å£³ app æœ‰äººæè¿‡å—ï¼ŒåŠ å¯†å¤ªå¤š
316,sandwu,2,https://www.v2ex.com/t/546989#reply2,Python æœ‰ä»€ä¹ˆåº“å¯ä»¥æ”¯æŒåŒ Navicat é‚£æ ·æ¯”å¯¹ Mysql ddl ç»“æ„æ¯”å¯¹ï¼Œå¹¶ç”Ÿäº§ sql è¯­å¥çš„
317,lanqing,2,https://www.v2ex.com/t/537503#reply2,"è¯·æ•™:squid äºŒçº§ä»£ç†,ä¸ºå•¥æ²¡æœ‰æ›´æ¢ ip"
318,334862132,2,https://www.v2ex.com/t/558264#reply2,åŒæ­¥å‘é€è¯·æ±‚éœ€è¦éªŒè¯ç­¾åä¹ˆ
319,littlepython,2,https://www.v2ex.com/t/558307#reply2,ä½¿ç”¨ flask åˆ›å»ºä¸€ä¸ªæ¥å£ï¼Œåˆ«äººä¸Šä¼ æ–‡ä»¶ï¼Œå¦‚ä½•è·å–å…¶ä¸­çš„æ–‡ä»¶
320,shenxj,2,https://www.v2ex.com/t/520816#reply2,æ±‚åŠ©å„ä½å¤§ç¥
321,ghd700,2,https://www.v2ex.com/t/550398#reply2,ä¸€ä¸ªå…³äº scrapy-redis è°ƒåº¦çš„é—®é¢˜
322,chenqh,2,https://www.v2ex.com/t/515691#reply2,å…³äº pyqt çš„ QTableWidiget çš„é—®é¢˜
323,zhongyinhei,2,https://www.v2ex.com/t/546595#reply2,å…³äº Python çˆ¬è™«å¯èƒ½æ¶‰åŠåˆ°çš„æŠ€èƒ½ç‚¹
324,yelizi,2,https://www.v2ex.com/t/537417#reply2,Jupyter ç¨‹åºæ— æ³•è¿è¡Œï¼Œå³ä¸Šè§’ python3 ä¸€ç›´æ˜¾ç¤ºæœåŠ¡æ­£å¿™çš„é—®é¢˜
325,firejoke,2,https://www.v2ex.com/t/547486#reply2,ç”¨ pyparted åœ¨æœªåˆ†é…åˆ†åŒºåˆ›å»ºæ–°åˆ†åŒº
326,foxyier,2,https://www.v2ex.com/t/546568#reply2,è®­ç»ƒå¥½çš„éªŒè¯ç è¯†åˆ«æ¨¡å‹éƒ¨ç½²åˆ°ç”Ÿäº§ç¯å¢ƒé—®é¢˜
327,iamxiaoq,2,https://www.v2ex.com/t/540512#reply2,æŸè¯¾ç½‘çš„ H5 ç™»å½•
328,python30,2,https://www.v2ex.com/t/552696#reply2,å¤§å®¶å‘ç°æ²¡ï¼Ÿ åœ¨ django2.0 ä¸­æ–‡æ–‡æ¡£é¦–é¡µä¸Šé¢æ˜¾ç¤ºï¼šè¿™ä»½æ–‡æ¡£åªé€‚ç”¨äºä¸€ä¸ªä¸å®‰å…¨çš„ Django ç‰ˆæœ¬ï¼Œå¹¶ä¸”è¿™ä¸ªç‰ˆæœ¬ä¸å†è¢«æ”¯æŒäº†ã€‚è¯·å‡çº§åˆ°æ›´æ–°çš„å‘è¡Œç‰ˆã€‚
329,911speedstar,2,https://www.v2ex.com/t/547618#reply2,ä»£ç†æ± å†™å¥½äº†ï¼Œæ€ä¹ˆéƒ¨ç½²åˆ°æœ¬åœ°å‘¢ï¼Ÿ
330,deepall,2,https://www.v2ex.com/t/544562#reply2,scrapy-redis å¦‚ä½•å®ç° post è¯·æ±‚
331,hjq98765,2,https://www.v2ex.com/t/515284#reply2,æ±‚æ•™ä¸€ä¸ª unicode å’Œ str è½¬æ¢çš„é—®é¢˜ï¼ˆpy2.7ï¼‰
332,eunha,2,https://www.v2ex.com/t/550412#reply2,Python å¦‚ä½•å‘æœåŠ¡ç«¯æäº¤ pickle.dumps äº§ç”Ÿçš„ bytesï¼ˆè¦ä¿çœŸï¼‰?
333,hfg123,2,https://www.v2ex.com/t/549676#reply2,"è¯·æ•™è¿™é‡Œçš„å¤§ä½¬,å…³äº Python çˆ¬è™«çš„ keyerror çš„é—®é¢˜"
334,python30,2,https://www.v2ex.com/t/522432#reply2,"django for aaa in aaa_list å¾ªç¯ ä¸­ è½®æ¢è¾“å‡º <tr bgcolor=""#ffffff""> ä¸ <TR bgcolor=""#EEEEEE""> å¥½åƒç”¨ forloop.counter ä½†æ˜¯è¯•äº†æ€»æ˜¯ä¸è¡Œã€‚"
335,dibis,2,https://www.v2ex.com/t/515117#reply2,"[ çˆ¬è™«å…¥é—¨é—®é¢˜ ] --å¦‚ä½•çˆ¬å– ztree æ ‘ä¸ŠèŠ‚ç‚¹,å¼‚æ­¥å…¨éƒ¨å±•å¼€å¯¼å‡º"
336,Sey0,2,https://www.v2ex.com/t/550118#reply2,tesserocr è¯†åˆ«ä¸ºç©ºçš„é—®é¢˜
337,aieike,1,https://www.v2ex.com/t/542688#reply1,Django ä¸­æ¨¡ä»¿ Flask è£…é¥°å™¨åˆ†å‘è·¯ç”±åŠŸèƒ½
338,python30,1,https://www.v2ex.com/t/561888#reply1,Python + è…¾è®¯äº‘å­˜å‚¨ æ€ä¹ˆæ ·ä¸Šä¼ åç›´æ¥å¾—åˆ°å›¾ç‰‡ url?
339,PineTang,1,https://www.v2ex.com/t/541843#reply1,"å…³äº python2 å¤šè¿›ç¨‹
 
ä¸ºä»€ä¹ˆè¿›ç¨‹åˆ›å»ºäº†ï¼Œå´å µå¡åœ¨ç¬¬ä¸€ä¸ªï¼Ÿ"
340,xiaxichen,1,https://www.v2ex.com/t/558661#reply1,å…³äº lxml.HTML ä¸‹çš„ä¸€ä¸ªé—®é¢˜
341,jin6220,1,https://www.v2ex.com/t/541947#reply1,æ±‚é—®ä¸ª autohotkey çš„è„šæœ¬ï¼Œå…³äºé•¿æŒ‰ä¸çŸ­æŒ‰ã€‚
342,leewlab,1,https://www.v2ex.com/t/558638#reply1,PySpider å¦‚ä½•åˆå¹¶é•¿æ–‡ç« çš„å†…åˆ†é¡µ
343,wangtianshang,1,https://www.v2ex.com/t/521000#reply1,Python å®ç°è§†é¢‘ç›´æ’­éœ€è¦ç”¨åˆ°å“ªäº›ä¸œè¥¿ï¼Ÿ
344,thautwarm,1,https://www.v2ex.com/t/558623#reply1,Idris Python å‘å¸ƒï¼Œå¸Œæœ›å¤§å®¶èƒ½å¤Ÿå‚ä¸å¼€å‘ï¼Œç”¨ç±»å‹å®‰å…¨çš„ idris å†™ä¸Š Python
345,luanguang,1,https://www.v2ex.com/t/550861#reply1,å¦‚ä½•è®© scrapy_redis å¯¹èµ·å§‹ url ä¸å»é‡
346,chinesehuazhou,1,https://www.v2ex.com/t/548075#reply1,æ·±åº¦è¾¨æ Python çš„ eval() ä¸ exec() ï¼ˆå†…æœ‰å…¬ä¼—å·å®£ä¼ ï¼Œä¸å–œå‹¿è¿›ï¼‰
347,woshichuanqilz,1,https://www.v2ex.com/t/561620#reply1,å¾®ä¿¡æœºå™¨äººè·å–ç¾¤åç§°çš„æ—¶å€™æ— æ³•å‡†ç¡®æ˜¾ç¤ºç¬¦å·è¿™ä¸ªé—®é¢˜å¦‚ä½•è§£å†³?
348,CriseLYJ,1,https://www.v2ex.com/t/541053#reply1,åˆ©ç”¨ flask å°† opencv å®æ—¶è§†é¢‘æµè¾“å‡ºåˆ°æµè§ˆå™¨
349,gobetago,1,https://www.v2ex.com/t/520833#reply1,å¦‚ä½•ä½¿ç”¨ Homebrew è§£å†³ Python3 Idle æ— æ³•è¾“å…¥ä¸­æ–‡çš„é—®é¢˜ï¼Ÿ
350,daijinming,1,https://www.v2ex.com/t/542181#reply1,"[é‡‡ç”¨ Python è„šæœ¬éƒ¨ç½² Docker é•œåƒ],å¤§å®¶çœ‹çœ‹æˆ‘è¿™ä¸ªå…¥é—¨çº§çš„ Python éƒ¨ç½²è„šæœ¬æ€ä¹ˆæ”¹è¿›"
351,flatflax,1,https://www.v2ex.com/t/520735#reply1,Flask ä¸­ä½¿ç”¨ PyMongo æŠ¥é”™ ServerSelectionTimeoutError: No servers found yet
352,youthfire,1,https://www.v2ex.com/t/542046#reply1,Count SQLite ä¸­æŸä¸ª Column æ—¶é‡åˆ°çš„é—®é¢˜
353,wth1990103,1,https://www.v2ex.com/t/558040#reply1,æ–°æ‰‹å…³äºæœåŠ¡å™¨æ­å»ºçš„é—®é¢˜
354,shoreyfish,1,https://www.v2ex.com/t/545593#reply1,Sublimetext3 çš„ Scrapy åŒ…æœ‰äººç”¨è¿‡å—ï¼Ÿ
355,feng0259,1,https://www.v2ex.com/t/547611#reply1,Python æ€æ ·è‡ªåŠ¨æŠ“å– Q ç¾¤çš„æ–‡ä»¶
356,hayi,1,https://www.v2ex.com/t/540891#reply1,ip è¢«ç™¾åº¦ç»éªŒæ‹‰å°é»‘å±‹äº†ï¼Œæ€ä¹ˆè§£å¼€
357,chen222246lei,1,https://www.v2ex.com/t/518494#reply1,ä¸ºä»€ä¹ˆæœåŠ¡ç«¯è®¾ç½® gevent.pool.Pool()æ± çš„æ•°é‡ä¸èµ·ä½œç”¨?
358,shimingzhoudf,1,https://www.v2ex.com/t/547290#reply1,Python æ“ä½œæ•°æ®åº“
359,cshlxm,1,https://www.v2ex.com/t/530331#reply1,python3.6 åœ¨ ubuntu 1604 ä¸‹è°ƒç”¨æµ·åº· Linux sdk åŠ¨æ€åº“æ€»æ˜¯å¤±è´¥ã€‚ã€‚
360,leoleoasd,1,https://www.v2ex.com/t/536280#reply1,è¯¥å¦‚ä½•è§£å†³ PyMarshal_ReadObjectFromFile é€ æˆ segmentation fault
361,jowenzzzzz,1,https://www.v2ex.com/t/530336#reply1,face_recognition è¯†åˆ«ç‡ä½ï¼Œæœ‰æ²¡æœ‰åŠæ³•æé«˜è¯†åˆ«ç‡
362,Z1076,1,https://www.v2ex.com/t/510572#reply1,å…³äºæ‰¹é‡åˆ›å»ºæ•°æ®åˆ° anki å¡ç‰‡çš„ç–‘é—®
363,mushuiyu,0,https://www.v2ex.com/t/559767#reply0,å…³äº Python ä¸­æ»¤æ³¢çš„é—®é¢˜
364,1722332572,0,https://www.v2ex.com/t/561876#reply0,[å¹²è´§] å²ä¸Šæœ€å…¨çš„ PyTorch å­¦ä¹ èµ„æºæ±‡æ€» import torch as tf
365,myrual,0,https://www.v2ex.com/t/551238#reply0,urwid è®¾è®¡çš„æ•°å­—è´§å¸é’±åŒ…ï¼Œå½“æŸä¸ªç½‘ç»œæ“ä½œæ—¶é—´å¾ˆé•¿çš„æ—¶å€™ï¼Œå¦‚ä½•æ˜¾ç¤ºä¸€ä¸ª loading å‘¢ï¼Ÿ
366,xiaozizayang,0,https://www.v2ex.com/t/521028#reply0,[è¯‘]å¦‚ä½•ç”¨ PEP 8 ç¼–å†™ä¼˜é›…çš„ Python ä»£ç 
367,wyc9296,0,https://www.v2ex.com/t/551571#reply0,ï¼ˆwindowsï¼‰åœ¨ä¸€å°æ–°çš„ç”µè„‘æ²¡å®‰è£… Python ï¼Œåªæ˜¯ä»æ—§ç”µè„‘ copy äº†è™šæ‹Ÿç¯å¢ƒçš„æ–‡ä»¶å¤¹è¿›å»ï¼Œå¯ä»¥å•ç‹¬è¿è¡Œè„šæœ¬å—ï¼Ÿ
368,chenqh,0,https://www.v2ex.com/t/546148#reply0,æœ‰äººçŸ¥é“æ€ä¹ˆè®¾ç½® vscode Python çš„ enterRules å—ï¼Ÿ
369,tikazyq,0,https://www.v2ex.com/t/547181#reply0,æ‰‹æŠŠæ‰‹æ•™ä½ å¦‚ä½•ç”¨ Crawlab æ„å»ºæŠ€æœ¯æ–‡ç« èšåˆå¹³å°(äºŒ)
370,302766392,0,https://www.v2ex.com/t/561802#reply0,çŒè˜ç½‘æ±‚èŒç«¯æ¨¡æ‹Ÿç™»å½•
371,337136897,0,https://www.v2ex.com/t/516828#reply0,å„ä½çœ‹ä¸‹æˆ‘å†™çš„ Python æ•°æ®åˆ†ææ˜¯ä¸ªæ€ä¹ˆæ ·çš„æ°´å¹³ï¼Ÿ
372,oldbird,0,https://www.v2ex.com/t/551070#reply0,unicode å­—ç¬¦ä¸²åœ¨å˜é‡ç›‘æ§æ—¶æ€ä¹ˆä»¥ä¸­æ–‡æ–¹å¼æ˜¾ç¤ºï¼Ÿ
373,tomkliyes,0,https://www.v2ex.com/t/553398#reply0,Django2.0 æ–°å¢çš„ ModelAdmin.autocomplete_fields åŠŸèƒ½ i18n æ— æ•ˆ
374,yuwande,0,https://www.v2ex.com/t/553414#reply0,è…¾è®¯å¾®è§†æ€ä¹ˆæ ¹æ® shortid è·å–åˆ° userid
375,wawooh,0,https://www.v2ex.com/t/530890#reply0,matplotlib animation å¦‚ä½•å®ç°æ›²çº¿ç§¯åˆ†é¢ç§¯çš„åŠ¨æ€å¡«å……ï¼Ÿ
376,fanhaipeng0403,0,https://www.v2ex.com/t/522759#reply0,async await ä½¿ç”¨ä¾‹å­
377,tanmouren,0,https://www.v2ex.com/t/559194#reply0,Python ç”»ä¸€æœµç«ç‘°ç»™ä½ 
378,webjin1,0,https://www.v2ex.com/t/538889#reply0,Java å¸å›½å¯¹ Python çš„æ¸—é€èƒ½æˆåŠŸå—ï¼Ÿ
379,PythonSparta,0,https://www.v2ex.com/t/512098#reply0,æ±‚é—®å¤§ç¥ï¼š IBM watson çš„ speech to text çš„ username å’Œ password åœ¨å“ªé‡Œï¼Ÿ
380,firejoke,0,https://www.v2ex.com/t/542186#reply0,ä½•æ—¶è¯¥æŠ½è±¡æˆå·¥å‚ç±»?
381,fanhaipeng0403,0,https://www.v2ex.com/t/511140#reply0,Python çš„ __get__æè¿°ç¬¦
382,chinesehuazhou,0,https://www.v2ex.com/t/545928#reply0,Python éªšæ“ä½œï¼šåŠ¨æ€å®šä¹‰å‡½æ•°ï¼ˆå†…æœ‰å…¬ä¼—å·å®£ä¼ ï¼Œä¸å–œå‹¿è¿›ï¼‰
383,chinesehuazhou,0,https://www.v2ex.com/t/556226#reply0,å¦‚ä½•ç»™åˆ—è¡¨é™ç»´ï¼Ÿ sum()å‡½æ•°çš„å¦™ç”¨ï¼ˆå†…æœ‰å…¬ä¼—å·å®£ä¼ ï¼Œä¸å–œå‹¿è¿›ï¼‰
384,foxyier,0,https://www.v2ex.com/t/558276#reply0,pyspider æ¨¡æ‹Ÿçš„è¯·æ±‚æ— æ³•æŠ“åŒ…é—®é¢˜[æ±‚åŠ©å¸–]
385,wrt418,0,https://www.v2ex.com/t/556050#reply0,æ±‚ è¯­éŸ³ç®—æ³•/äººå·¥æ™ºèƒ½ å¾®ä¿¡äº¤æµç¾¤
386,whx20202,0,https://www.v2ex.com/t/532737#reply0,ä¸ºä»€ä¹ˆåœ¨ Mac ä¸Šç¼–è¯‘ Python C æ‰©å±•ï¼Œä¼šè‡ªåŠ¨å¸¦ä¸Š --arch i386ï¼Ÿ
387,thautwarm,0,https://www.v2ex.com/t/556042#reply0,ä¸º idris å†™ Python å’Œ julia çš„åç«¯
388,yuanxiaohuan,0,https://www.v2ex.com/t/541271#reply0,[åŒ—äº¬] [å­—èŠ‚è·³åŠ¨â€”ä»Šæ—¥å¤´æ¡] å¯»æ±‚åç«¯å¼€å‘å·¥ç¨‹å¸ˆ
389,whoosy,0,https://www.v2ex.com/t/550842#reply0,å¯äº¤äº’å¼ç½‘ç«™æ¢æµ‹
390,wy9899,0,https://www.v2ex.com/t/561287#reply0,å½“æˆ‘è·å– http://www.funi.com/xf/zhongjianhuafujincheng/house.htm flash ä¸­çš„è¡¨æ ¼æ•°æ®æ—¶ï¼Œå…¶ä¸­çš„ amf æ–‡ä»¶å­—æ®µåŠ å¯†ï¼Œä½†åœ¨ swf æ–‡ä»¶å¹¶æ²¡æœ‰æ‰¾åˆ°ç›¸å…³ä»£ç ï¼Œå¤§ä½¬ä»¬ï¼Œæ€ä¹ˆè§£å†³
391,chaleaochexist,0,https://www.v2ex.com/t/520569#reply0,sqlalchemy å¤šå¯¹å¤šå…³è”è¡¨ é¢å¤–çš„å­—æ®µå¦‚ä½•æŸ¥è¯¢
392,fanhaipeng0403,0,https://www.v2ex.com/t/522448#reply0,class property ç¼“å­˜
393,my8100,0,https://www.v2ex.com/t/550336#reply0,åœ¨çº¿ä½“éªŒ Scrapyd çˆ¬è™«é›†ç¾¤
394,DrPython,0,https://www.v2ex.com/t/542306#reply0,æ±‚åŠ©ï¼šä¸ºä»€ä¹ˆè¿™é‡Œè¦è¿™æ ·å†™ï¼Ÿ
395,xuanwu,0,https://www.v2ex.com/t/532671#reply0,[è½¬] ç”¨ Python ç¼–å†™æ§åˆ¶ç½‘ç»œè®¾å¤‡çš„è‡ªåŠ¨åŒ–è„šæœ¬ 2ï¼šæ˜¾ç¤º
396,Ewig,0,https://www.v2ex.com/t/530319#reply0,å…³äºå¤´æ¡çš„_signature çš„é—®é¢˜
397,chinesehuazhou,0,https://www.v2ex.com/t/540756#reply0,å…¬ä¼—å·é€ä¹¦æ´»åŠ¨åˆ†äº«
398,daujun,0,https://www.v2ex.com/t/515129#reply0,django_cas_ng å¯¹æ¥ cas çš„é—®é¢˜
399,jhzao82,0,https://www.v2ex.com/t/553062#reply0,ã€Š Python åŸºç¡€æ•™ç¨‹ã€‹è¯„è®º
