,title,url,date,comments
0,易我数据恢复 – 简单易用的数据恢复工具 [Windows],https://www.appinn.com/easeus-data-recovery/,2017/11/01,135
1,Notion – 火爆的「你到底是什么」工具，病毒式营销又一案例,https://www.appinn.com/notion/,2017/07/03,128
2,国产正版 PDF 软件 – 「文电通 PD F套装版 4」评测,https://www.appinn.com/wendintong-pdf-suite/,2017/04/26,126
3,「下载神器」aria2 懒人安装教程 [Windows],https://www.appinn.com/aria2-in-windows-setup/,2017/10/31,104
4,OpenGG.Clean.Player 去视频广告脚本,https://www.appinn.com/opengg-clean-player/,2012/09/08,101
5,tagLyst – 专注于「贴标签」的文档管理神器，把杂乱的文件变成随手可得的知识,https://www.appinn.com/taglyst/,2018/05/21,97
6,「办公必备」万彩办公大师 – 免费小巧的办公小工具百宝箱 [Win],https://www.appinn.com/wofficebox/,2018/01/04,91
7,Evernote 强力替代品：开源加密笔记本 Joplin,https://www.appinn.com/joplin/,2019/12/16,87
8,Royal::Read RSS – Windows 下超简单的 RSS 阅读器,https://www.appinn.com/royal-read-rss-windows/,2017/07/18,85
9,比 PPT 更简单更漂亮的动画演示制作工具 Focusky 送码 [Windows/macOS],https://www.appinn.com/focusky-2018-500code/,2018/03/06,82
10,看个片儿不发烫[Chrome],https://www.appinn.com/chrome-plugin-to-replace-flash-player/,2013/04/16,79
11,万彩录屏大师 – Windows 下的录屏编辑神器，送 5000 个激活码,https://www.appinn.com/wcapture/,2017/10/20,68
12,DriverPack – 为电脑下载并更新所有驱动程序 [Windows],https://www.appinn.com/driverpack/,2018/04/14,68
13,为什么你们就是不能加个空格呢？[Chrome/Firefox],https://www.appinn.com/paranoid-auto-spacing/,2016/03/24,68
14,Session Buddy – 帮你节省95%内存开销的 Chrome 扩展,https://www.appinn.com/session-buddy/,2013/03/12,67
15,有好用的解压缩软件吗？答案居然被 Bandizip 刷屏了,https://www.appinn.com/bandizip-2/,2020/04/06,67
16,用轻量级工具 Notepad3 替代 36 岁的微软记事本,https://www.appinn.com/notepad3/,2019/10/31,66
17,ZeroTier – 无配置，零基础「内网穿透」随时随地连回家/学校/办公室 [跨平台],https://www.appinn.com/zerotier-one/,2017/11/06,66
18,114 AD Blocker – 阻止电信流氓广告[Chrome],https://www.appinn.com/114-ad-blocker/,2012/05/01,63
19,Quicker – 鼠标效率神器：不用键盘也能「很快」手机屏扩展当遥控器 [Windows],https://www.appinn.com/quicker/,2018/11/19,63
20,Google SSL Privacy Real Link[Chrome/Firefox],https://www.appinn.com/google-ssl-privacy-real-linkchromefirefox/,2012/10/27,63
21,轻松淘宝客[Chrome+Web],https://www.appinn.com/easytao/,2013/02/03,62
22,Windows 优化神器 Process Lasso 限时特惠,https://www.appinn.com/process-lasso/,2017/05/11,60
23,畅邮（DM Pro）- 一款强悍、纯净而稳定的重量级电子邮箱客户端（支持分发、追踪）[Windows],https://www.appinn.com/dreammail-pro-3/,2019/03/22,59
24,如何最快速的从电脑将网页发送到手机上？,https://www.appinn.com/chrome-qr/,2018/12/25,59
25,同步工具 GoodSync 双版本（Win/macOS）再次限免，还有 5 天,https://www.appinn.com/goodsync-free-2018/,2018/05/10,59
26,Windows 下载神器 IDM 「终身授权」优惠来了,https://www.appinn.com/windows-idm-lifetime-license/,2018/04/23,59
27,如何去掉 Chrome 新标签页里的搜索框,https://www.appinn.com/how-to-remove-new-chrome-search-box/,2013/10/03,58
28,123看图器 – 比 Windows 10 默认看图工具快的图片查看器,https://www.appinn.com/123-photo-viewer/,2018/07/11,57
29,如何流畅的用 Android 手机「指纹解锁」Windows 系统？,https://www.appinn.com/remote-fingerprint-unlock/,2018/10/20,56
30,Persepolis Download Manager – 真・零配置的 aria2 下载器 [WIn/macOS/Linux],https://www.appinn.com/persepolis-download-manager/,2017/05/27,55
31,如果在 Windows 10 家庭版中使用「远程桌面」？,https://www.appinn.com/windows-10-home-remote-desktop/,2017/11/02,54
32,Scrcpy – 用电脑控制 Android 手机[Win/macOS/Linux],https://www.appinn.com/scrcpy-remote-android-from-computer/,2019/08/16,53
33,Pan Download – 百度盘第三方下载工具 [Win],https://www.appinn.com/pan-download-for-win/,2017/12/05,52
34,Justread – PC 上找不到合适的 ePub 阅读器，自己写一个,https://www.appinn.com/justread-for-windows/,2020/03/13,51
35,Windows 上的下载工具，选这个就对了：Internet Download Manager [特价],https://www.appinn.com/iinternet-download-manager-lizhi/,2017/10/11,51
36,Bandizip – 免费的压缩软件，替代 WinRAR、WinZIP [Windows],https://www.appinn.com/bandizip/,2017/08/29,50
37,Office 365 个人/家庭版 5+ 折 特价，立即拥有正版 Word/Excel/PPT/Outlook,https://www.appinn.com/office-365-201903-lizhi/,2019/03/04,49
38,寒蝉 – 只有安装了这个扩展的人才能看到文字内容[Chrome],https://www.appinn.com/hanchan-for-chrome/,2019/04/21,49
39,12306 选择卧铺席位 Greasemonkey 油猴脚本,https://www.appinn.com/12306-sleeper-greasemonkey/,2013/01/02,49
40,TrafficMonitor – 更全面的「桌面悬浮窗」工具，显示网速、CPU、内存等 [Win],https://www.appinn.com/trafficmonitor/,2018/04/13,49
41,如何修改 Chrome 书签栏中的网站 Favicon 图标,https://www.appinn.com/how-to-fix-bookmark-favicon-in-chrome/,2012/12/26,48
42,Vysor – 无需 root，用 Chrome 完全控制 Android 设备,https://www.appinn.com/vysor-control-android-from-chrome/,2015/09/21,48
43,A+ Dictionary – 谷歌词典增强版[Chrome],https://www.appinn.com/a-dictionary/,2013/07/08,47
44,文件同步工具 GoodSync 限免又来了，这货到底有什么用？,https://www.appinn.com/goodsync-2019/,2019/05/15,47
45,界面清爽无广告的「迅雷内部版」，支持汤不热下载,https://www.appinn.com/xunlei-minnnnni/,2018/02/25,46
46,用 Dell Mobile Connect 在 PC 上控制 iPhone 与 Android 打电话、收发短信,https://www.appinn.com/dell-mobile-connect/,2018/02/10,45
47,电脑里保存了 1000+ 张图片？你该用 Eagle 来管理它们,https://www.appinn.com/eagle/,2017/11/09,45
48,[Chrome]Drag & Drop Search – 搜索控必备随时调用16个搜索引擎,https://www.appinn.com/drag-drop-search/,2012/08/31,45
49,影子输入法：全拼、双拼、五笔，拥有快速启动、超级命令、鼠标划词、计算器的系统辅助工具,https://www.appinn.com/shadow-input-for-windows/,2020/02/21,44
50,天若 OCR 文字识别专业版本[Win],https://www.appinn.com/tianyou-ocr-pro/,2019/04/17,44
51,AnyTXT Searcher – Windows 10 下的全文搜索工具,https://www.appinn.com/anytxt-searcher/,2020/03/02,43
52,Stash – 暂存当前标签扩展[Chrome],https://www.appinn.com/stash/,2012/02/16,43
53,Search by Image – 快速以图找图[Chrome],https://www.appinn.com/search-by-image-chrome/,2013/05/13,43
54,Motrix – 开源下载工具，支持 BT、磁力链、百度盘下载[Win/macOS/Linux],https://www.appinn.com/motrix/,2019/02/27,43
55,快读啦 – 不用移动眼睛快速阅读[Web/Chrome],https://www.appinn.com/kuaidula/,2014/08/06,43
56,「双11福利」动画 PPT 制作神器 – Focusky 赠送 2000 个激活码,https://www.appinn.com/focusky-1111/,2017/11/10,42
57,Neat Bookmarks – 将 Chrome 书签放到扩展栏,https://www.appinn.com/neat-bookmarks/,2012/06/17,42
58,DS 文件卫士 – 简单易用的「文件加密」与「文件分享」工具 [Windows],https://www.appinn.com/ds-digispark-tech/,2018/05/31,41
59,Bookmark Manager – 新的 Chrome 书签管理器,https://www.appinn.com/bookmark-manager-chrome/,2014/11/01,41
60,Any.DO 任务列表程序登陆 Chrome & iOS,https://www.appinn.com/any-do-chrome-ios/,2012/06/04,41
61,frp – 你也能用的开源内网穿透工具，最简洁教程,https://www.appinn.com/frp/,2019/08/25,41
62,万彩脑图大师 – 可缩放演示的 3D 思维导图软件（Windows 送码福利）,https://www.appinn.com/wmindmap/,2018/04/10,41
63,96KB 的微型文件服务器，自己在家搭网盘、分享文件[Win/Linux/OpenWRT],https://www.appinn.com/96kb-webdisk/,2018/10/27,41
64,Miao – 淘宝、天猫秒杀助手[Chrome],https://www.appinn.com/miao-taobao/,2013/05/22,40
65,快递呀 – 简单易用的查快递工具[Windows],https://www.appinn.com/kuaidiya-for-windows/,2019/05/06,40
66,baidu-dl – 从百度盘获取「直接下载」及「高速下载」链接[Chrome],https://www.appinn.com/baidudl-for-chrome/,2017/07/25,40
67,MYDM – 模块化下载工具，可组合插件：百度盘、MSDN、人人影视 [Windows],https://www.appinn.com/mydm-mydownload/,2017/12/15,40
68,为什么要使用 Windows 10 的 214 条理由,https://www.appinn.com/why-are-there-214-reasons-to-use-windows-10/,2019/01/06,40
69,Aria2 – 超・懒人包：只需 2 步就能使用神器 aria2 下载文件了[Windows],https://www.appinn.com/frostsigh-aria2-pack/,2018/10/23,40
70,「正版 Office 特惠」只需 164 元，包含 Word/Excel/PowerPoint,https://www.appinn.com/home-and-student-2016-lizhi/,2018/03/12,39
71,Simplenote – 可能是最被低估的跨平台云笔记工具,https://www.appinn.com/simplenote/,2019/04/01,39
72,Ctrl+C 到底行不行啊？,https://www.appinn.com/quicker-ctrlc/,2019/12/27,39
73,EaseUS MobiMover – 在 Windows 里快速备份、转移、恢复 iPhone 数据,https://www.appinn.com/easeus-mobimover/,2018/01/09,38
74,CC助手 – 复制两次，一键收藏，体验非常好的剪贴板工具 [Win/macOS],https://www.appinn.com/ccyixia/,2018/09/13,38
75,Google Keep – Chrome 独立窗口扩展,https://www.appinn.com/google-keep-chrome/,2013/05/07,37
76,Clear – 右键踏雪无痕 [Chrome],https://www.appinn.com/clear-for-chrome/,2012/12/06,37
77,快速制作动画视频的软件 – 万彩动画大师送 3000 个激活码，抢完即止！,https://www.appinn.com/wancai-201803/,2018/03/22,37
78,GUI-YouGet – 双剑合并（you-get / youtube-dl），没有下载不了的视频,https://www.appinn.com/gui-youget/,2017/09/28,37
79,历时 6 个月，可能用出了 Windows 10 史上最大的 Windows.edb 文件,https://www.appinn.com/fix-windows-10-windows-edb-too-large/,2018/07/08,36
80,CollaMark – 给网页添加标注[Chrome],https://www.appinn.com/collamark-chrome/,2014/03/03,36
81,[Chrome]使用 Lastpass 导致支付宝提示验证码错误解决办法,https://www.appinn.com/lastpass-alipay-bug-verification-code/,2012/11/21,36
82,速盘 – 可能是 Windows 下最全面的百度盘「快速下载」工具,https://www.appinn.com/speedpan-baidupan-for-windows/,2018/10/13,36
83,qimgv – 支持视频预览的开源图片浏览器[Windows/Linux],https://www.appinn.com/qimgv-for-windows/,2020/02/29,35
84,Scrollbar Anywhere – 让网页滚屏有触摸屏的感觉[Chrome],https://www.appinn.com/scrollbar-anywhere/,2013/03/29,35
85,怎么获取家中最新的公网 IP [Windows],https://www.appinn.com/how-to-get-new-ip-address-in-windows/,2019/03/22,35
86,高品质豆瓣FM – 替换原音质[Chrome],https://www.appinn.com/douban-fm-163/,2014/02/24,35
87,tinyMediaManager – 本地「电影/电视剧」库，用来管理那些硬盘里的片,https://www.appinn.com/tinymediamanager/,2017/05/10,35
88,《Windows 绝赞应用》推荐列表,https://www.appinn.com/windows-apps-that-amaze-us/,2017/04/18,35
89,用电脑控制 Android 手机的 Scrcpy 拥有更易使用的图形界面了,https://www.appinn.com/scrcpy-gui/,2019/09/09,35
90,声海盗 – 下载在线音乐[Chrome],https://www.appinn.com/sound-pirate-chrome/,2013/06/27,34
91,如何下载 Chrome 应用商店的 .crx 文件,https://www.appinn.com/chrome-extension-downloader/,2013/02/18,34
92,四款其貌不扬内有乾坤的扩展[Chrome],https://www.appinn.com/chrome-four-interesting-extensions/,2014/11/30,34
93,True Key – 来自「英特尔安全事业部」的跨平台密码管理工具,https://www.appinn.com/true-key/,2017/08/17,34
94,咯咯哒 – 新浪微博浏览新体验[Chrome],https://www.appinn.com/gegedaa/,2013/01/30,34
95,True Key – 来自「英特尔安全事业部」的跨平台密码管理工具,https://www.appinn.com/true-key/,2017/08/17,34
96,Encipher.it – 在线文本加密,https://www.appinn.com/encipher-it/,2011/07/05,33
97,GitNote – 基于 Git 的跨平台云笔记工具,https://www.appinn.com/gitnote/,2019/02/03,33
98,XDM(Xtreme Download Manager) – 跨平台开源下载工具，可替代 IDM,https://www.appinn.com/xtreme-download-manager/,2019/09/11,33
99,RaiDrive – 将网盘映射为磁盘 [Windows],https://www.appinn.com/raidrive/,2018/05/21,33
100,简 Tab – 显示 Bing 壁纸的 Chrome 新标签页,https://www.appinn.com/simptab-new-tab-for-chrome/,2014/08/24,33
101,星愿浏览器 4.4.2 发布，专门为大学生解决问题的漂亮浏览器,https://www.appinn.com/twinkstar-update/,2018/07/16,33
102,EasyService – 让程序以 Windows 系统服务的方式，无窗口运行,https://www.appinn.com/easyservice-for-windows/,2019/11/14,33
103,Fences – 颇具情怀的「桌面图标分区」工具[Win],https://www.appinn.com/fences-lizhi/,2019/04/25,33
104,微软正式发布基于 Chromium 的浏览器 the New Microsoft Edge,https://www.appinn.com/the-new-microsoft-edge-base-chromium/,2020/01/16,33
105,网易云音乐增强器[Chrome],https://www.appinn.com/netease-music-enh-for-chrome/,2014/08/04,33
106,Imagus – 图片浏览增强扩展[浏览器],https://www.appinn.com/imagus/,2014/05/06,33
107,Sync Sofa – 异地情侣同步看片，可同步播放、暂停、快进在线视频[Chrome],https://www.appinn.com/sync-sofa-for-chrome/,2020/04/09,33
108,微软正式发布基于 Chromium 的浏览器 the New Microsoft Edge,https://www.appinn.com/the-new-microsoft-edge-base-chromium/,2020/01/16,33
109,微博急简 – 给新浪微博界面减肥去广告[Firefox/Chrome],https://www.appinn.com/weibo_wc/,2012/11/16,33
110,天若 OCR 文字识别工具，集合百度、腾讯、有道、搜狗 OCR 接口 [Win],https://www.appinn.com/tianyou-ocr/,2018/04/05,33
111,「迎国庆限时免费」动画视频制作神器：万彩动画大师 赠送激活码,https://www.appinn.com/animiz-limit-code/,2017/09/25,33
112,Ventoy – 开源 U 盘启动盘制作工具，支持启动多个系统，还能当普通 U 盘保存文件[Win/Linux],https://www.appinn.com/ventoy/,2020/04/29,33
113,Listary Pro – 本地文件搜索工具，特惠[Windows],https://www.appinn.com/listary-pro-lizhi/,2019/06/10,33
114,Chrome 原生原始截图工具,https://www.appinn.com/chrome-original-screenshot/,2011/11/11,32
115,scroll style – 像 Android 一样的滚动条[Chrome],https://www.appinn.com/scroll-style/,2013/06/07,32
116,Winds – 开源高颜值 RSS/Podcast 阅读器，已连续 29 天高频更新 [Web/macOS/Win],https://www.appinn.com/winds-2-0/,2018/05/25,32
117,Toby – 终于可以放心把没看完的标签页全关了[Chrome],https://www.appinn.com/toby-manage-your-tabs-for-chrome/,2016/09/16,32
118,爆 uTorrent 被多款杀毒软件查杀，有什么好用的替代品吗？,https://www.appinn.com/utorrent-alternative/,2019/12/11,32
119,IE your Chrome – 高效的 IETab 扩展[Chrome],https://www.appinn.com/ie-your-chrome/,2014/01/04,32
120,MakeMyBrowser – 定制属于自己的浏览器,https://www.appinn.com/makemybrowser/,2013/11/08,32
121,如何修复 Chrome 书签栏图标显示不正常,https://www.appinn.com/how-to-fix-chrome-bookmarks-bar-favicon/,2012/04/28,32
122,Kill Evil – 无视页面上邪恶的 JS 脚本[Chrome],https://www.appinn.com/kill-evil/,2012/04/26,32
123,M3U8-Downloader – 最简单的方式下载 M3U8 视频 [Windows],https://www.appinn.com/m3u8-downloader/,2018/09/12,32
124,Local CDN – 另类加速你的浏览器，让那些原本慢慢的网站飞起来 [Chrome/Firefox],https://www.appinn.com/local-cdn/,2017/02/17,31
125,LessPass – 「不保存任何密码」也能当云密码管理器？[Chrome/Firefox/Web],https://www.appinn.com/lesspass/,2016/11/14,31
126,威力同步 – 国产类 Resilio Sync 服务，跨平台文件同步工具，支持 NAS,https://www.appinn.com/verysync/,2018/01/15,31
127,最后一天：免费升级 Windows 10 将于 2017 年 12 月 31 日彻底关闭,https://www.appinn.com/accessibility-windows10-upgrade/,2017/12/31,31
128,[Chrome]Extension Automation – 自动启用与禁用扩展,https://www.appinn.com/extension-automation/,2012/07/04,31
129,如何在 Windows 任务栏精确显示电池电量剩余百分比？,https://www.appinn.com/battery-charge-percentage-in-taskbar-tray/,2020/02/22,30
130,WorkFlowy – 最简的笔记、清单工具[Web/iOS/Android/Chrome],https://www.appinn.com/workflowy/,2015/08/07,30
131,iReader – 小清新风格清爽浏览网页正文,https://www.appinn.com/ireader/,2012/02/15,30
132,Speed Dial2 – 异常强大的快速拨号扩展[Chrome],https://www.appinn.com/speed-dial2/,2011/10/24,30
133,为知笔记发布 Docker 服务器端，私有部署，将数据保存在自己的服务器上，免费使用,https://www.appinn.com/wiz-server-docker/,2019/09/20,30
134,Pet – 让双手完全不离开键盘，就能移动鼠标、移动光标，取代鼠标的快捷效率工具[Windows],https://www.appinn.com/pet-for-windows/,2020/01/30,30
135,简单 QR 生成器 – 生成当前页面网址二维码[Chrome],https://www.appinn.com/simple-qr-generator-chrome/,2013/12/17,30
136,飞传 – 在 微信 与 Chrome 间传输内容[微信 + Chrome],https://www.appinn.com/flypass/,2014/06/10,30
137,[Chrome]I’m a Gentleman – 快速下载网页图片,https://www.appinn.com/im-a-gentleman-chrome-picture-download/,2012/07/21,30
138,Microsoft To-Do（微软待办） 你好，奇妙清单 再见,https://www.appinn.com/microsoft-to-do/,2017/04/23,30
139,EarTrumpet – 单独设置每个软件的音量，支持多音频设备输出[Windows],https://www.appinn.com/eartrumpet-for-windows/,2019/01/07,30
140,ImageGlass – 开源轻量级看图工具[Windows],https://www.appinn.com/imageglass/,2019/08/08,30
141,终于找到一款 Windows 下为截图边缘添加阴影工具了：ShareX,https://www.appinn.com/sharex-13/,2019/10/23,29
142,印象笔记编辑增强 [AHK / Windows],https://www.appinn.com/evernote-ahk-script-windows/,2017/06/30,29
143,13 款本地 RSS 阅读器横向对比[Windows],https://www.appinn.com/13-windows-rss-client-compared/,2019/05/04,29
144,重新提问，各位大佬是怎么解决 Chrome 插件安装问题的？,https://www.appinn.com/chrome-webstore-cn/,2017/10/21,29
145,基于 Chrome Packaged App 的豆瓣电台客户端,https://www.appinn.com/douban-fm-chrome-packaged-app/,2013/11/09,29
146,iCloud 书签 – 跨浏览器书签同步[Chrome/Safari/Firefox/IE],https://www.appinn.com/icloud-sync/,2013/10/09,29
147,xTab – 限制 Chrome 打开标签页数量,https://www.appinn.com/xtab-for-chrome/,2014/04/02,29
148,微博新控 – 自定义新浪微博界面 Chrome 扩展,https://www.appinn.com/weibokong-sina-weibo/,2012/03/15,29
149,irreader – RSS、网页、B站、播客，有点全能的网空阅读器 [Windows/macOS],https://www.appinn.com/irreader/,2018/08/27,29
150,ARC Welder – 在 Chrome 里运行 Android,https://www.appinn.com/arc-welder/,2015/04/05,28
151,Chrome 剪报拓展 – WebView[Chrome],https://www.appinn.com/chrome-webview/,2012/03/05,28
152,Floccus – 跨平台浏览器「书签同步」插件,https://www.appinn.com/floccus/,2019/05/12,28
153,盘姬工具箱 CruiserEXP – 萌化主题 Windows 系统工具集,https://www.appinn.com/cruiserexp-for-win/,2018/01/30,28
154,最受全球用户欢迎的下载工具 IDM 6 折了[Windows],https://www.appinn.com/idm-lizhi-201904/,2019/04/30,28
155,Tea – 简洁的云笔记，支持 MarkDown、代码高亮、快捷键、插件等[Win/macOS],https://www.appinn.com/tea-cloud-note/,2019/04/19,28
156,AOMEI PE Builder – 制作自己的 Windows PE 系统恢复环境,https://www.appinn.com/aomei-pe-builder/,2017/11/19,28
157,TabMemFree – 让标签去休眠，释放内存 [Chrome],https://www.appinn.com/tabmemfree/,2012/03/21,28
158,[Chrome]FastestChrome – 无需点击进入下一页,https://www.appinn.com/fastestchrome/,2012/12/08,28
159,Chrome Extension Downloader – 在线下载 crx 文件[Web],https://www.appinn.com/chrome-extension-downloader-cn/,2015/02/07,27
160,方片收集 – 收集一条灵感仅需 0.13 秒[Web/iPhone/Android],https://www.appinn.com/fang-pian-shou-ji/,2016/08/19,27
161,优效日历 – 替换 Windows 10 原生日历，提供年视图、节假日等信息,https://www.appinn.com/youxiao-calendar/,2018/06/29,27
162,ScanTransfer – 无需安装任何应用，从手机无线传照片到 Windows,https://www.appinn.com/scantransfer/,2018/01/19,27
163,微软官宣，基于 Chromium 的 Edge 测试版正式发布,https://www.appinn.com/microsoft-edge-insider-channels-chromium-based/,2019/04/09,27
164,云盘万能钥匙 – 「自动获取」百度盘密码 [Chrome],https://www.appinn.com/baidu-pan-yp-superkey/,2017/10/27,27
165,Momentum – 给 Chrome 换个新标签页,https://www.appinn.com/momentum-for-chrome/,2013/11/19,27
166,Extension Defender – 扫描 Chrome 扩展是否带毒[Chrome],https://www.appinn.com/extension-defender-for-chrome/,2014/04/09,27
167,uTools – 支持扩展的快速启动器：搜索、翻译、todo、计算、内网穿透等[Win/macOS],https://www.appinn.com/utools/,2018/12/11,27
168,Mr.Otter – 比搜索引擎更方便？搜索 200+ 垂直网站内容,https://www.appinn.com/mr-otter/,2019/08/04,27
169,[Chrome]豆瓣看电影 – 给豆瓣电影页面添加播放按钮,https://www.appinn.com/douban-movie-play-button/,2012/09/07,27
170,记忆熊（RememBear）- 让 97% 的用户使用密码管理器,https://www.appinn.com/remembear/,2017/11/25,27
171,tagLyst Next – 文件入库、加标签，解决文件分类与聚合的难题[Win/macOS],https://www.appinn.com/taglyst-next/,2019/06/18,27
172,Raindrop.io – 漂亮的网络书签[跨平台],https://www.appinn.com/raindrop-io/,2015/10/20,27
173,自动删除「微信 PC 版」文件、视频、图片等缓存数据，释放电脑空间,https://www.appinn.com/auto-delete-file-on-pc-wechat/,2020/02/17,26
174,Sticky Notes – 随手便笺 [Chrome],https://www.appinn.com/sticky-notes-chrome/,2011/07/01,26
175,我的电脑 – 终于有一款 UWP 版的 Windows 10「我的电脑」了,https://www.appinn.com/my-computer-uwp-windows10/,2018/09/19,26
176,Brave – 「你不是商品」安全、快速、跨平台浏览器，支持代币系统,https://www.appinn.com/brave-browser/,2018/08/24,26
177,proxyee-down – 专业下载百度盘资源的工具 [macOS/Windows/Linux],https://www.appinn.com/proxyee-down/,2018/06/20,25
178,微软新品 Surface Go，可能是最适合使用 Office 的移动办公平板电脑,https://www.appinn.com/surface-go-today-8-8/,2018/08/15,25
179,Evernote Web Clipper – 保存、标注和分享网页[Chrome],https://www.appinn.com/evernote-web-clipper/,2013/09/17,25
180,Project Naptha – 革命性图像文字识别技术 [Chrome Demo],https://www.appinn.com/project-naptha-demo/,2014/04/24,25
181,链接地址洗白白 – 支持淘宝、京东、微博、应用商店链接净化的油猴脚本,https://www.appinn.com/dms-links-clean-greasemonkey/,2018/10/16,25
182,如果你在找一款广告屏蔽工具，支持全平台的 Adguard 也许是最适合你的选择,https://www.appinn.com/adguard-lizhi/,2017/11/03,25
183,知名看板式管理工具 Trello 发布官方 Windows、macOS 客户端,https://www.appinn.com/trello-client/,2017/09/17,25
184,百度网盘直接下载助手[跨浏览器],https://www.appinn.com/baidu-pan-files-download/,2017/03/27,24
185,OpenHashTab – 在属性中查看文件哈希，以确保文件未被修改[Windows],https://www.appinn.com/openhashtab/,2020/03/18,24
186,Ty2y杀毒 – 能预防「未来病毒」的轻量级开源杀毒软件[Windows],https://www.appinn.com/ty2yantivirus/,2020/02/24,24
187,Snappy Driver Installer – 为了给老电脑装驱动，这里有 17.1GB 的离线驱动程序[Windows],https://www.appinn.com/snappy-driver-installer-for-windows/,2019/03/11,24
188,Everything “HTTP 服务器”功能安全漏洞：允许任何人远程访问本地文件,https://www.appinn.com/everything-safe-bug-exposed-file/,2019/10/13,24
189,WatchCat – 20 年没更新的小工具，居然还能用 [Windows],https://www.appinn.com/watchcat-1998/,2018/05/18,24
190,Listen 1 – 同时搜索并播放来自「网易云音乐，虾米，QQ音乐」的歌曲[Chrome],https://www.appinn.com/listen-1-music-for-chrome/,2016/05/03,24
191,gooreplacer – 替换开源库加速网页浏览[Chrome/Firefox],https://www.appinn.com/gooreplacer-for-chrome-and-firefox/,2014/10/13,24
192,GraphiTabs – 图形化整理标签页[Chrome],https://www.appinn.com/graphitabs-for-chrome/,2014/08/11,24
193,一次 Win10 灾难自救记录,https://www.appinn.com/windows-10-self-recovery/,2018/07/16,24
194,微盘小助手 – 送给手贱党,https://www.appinn.com/vdisk-assistant/,2014/03/25,24
195,一键订阅 RSS 至 Inoreader，支持 RSSHub（微博、简书、知乎、B站等） [浏览器小书签],https://www.appinn.com/subscribe-rss-to-inoreader/,2018/10/30,24
196,微软官方推出必应壁纸工具，可每日更新 Windows 桌面壁纸,https://www.appinn.com/bing-wallpaper-from-microsoft/,2020/04/19,24
197,AllProxy – 零基础、免费「内网穿透」工具,https://www.appinn.com/allproxy-trs-ai/,2019/05/24,24
198,Extensions Manager – 管理你的扩展程序[Chrome],https://www.appinn.com/extensions-manager/,2011/12/06,23
199,Photon – 基于 aria2 的多线程「图形界面」下载工具 [Win/macOS],https://www.appinn.com/photon-aria2/,2018/06/04,23
200,Delta Chat – 如果早 10 年，用邮件当 IM 可能会火,https://www.appinn.com/delta-chat/,2019/12/23,23
201,BitDock – 仿程序坞 Dock 设计，让你的 Windows 像 macOS 一样,https://www.appinn.com/bitdock-for-windows/,2019/04/06,23
202,Copy Link Address – 快速拷贝网页链接[Chrome],https://www.appinn.com/copy-link-address-chrome/,2013/11/13,23
203,有道每日英语 – 从 Chrome 新标签记单词,https://www.appinn.com/day-english-for-chrome/,2014/06/27,23
204,魔猫订单 – 除了查快递，还能导出你的「所有淘宝历史」订单 [Win/macOS],https://www.appinn.com/momao-order-export-taobao/,2017/12/31,23
205,「年终福利」电脑录屏编辑神器 – 万彩录屏大师送激活码,https://www.appinn.com/wcapture-2017-final/,2017/12/25,23
206,[Chrome]Metro Launcher – 浏览器内的快速搜索,https://www.appinn.com/chrome-metro-launcher/,2012/07/31,23
207,[Chrome]youRhere – 标记并再次指定位置阅读网页,https://www.appinn.com/yourhere-chrome/,2012/06/24,23
208,QuickLook – 给 Windows 桌面一个 macOS 式「快速预览」功能,https://www.appinn.com/quicklook-for-windows/,2017/05/26,23
209,小恐龙公文排版助手：自动排版以符合《党政机关公文格式国家标准》,https://www.appinn.com/xiaokonglong-gongwen-zhushou/,2019/01/29,23
210,Eversync – 跨浏览器「同步书签」工具，替代 Xmarks,https://www.appinn.com/eversync/,2018/04/24,23
211,wnr(Work aNd Rest) – 如何更好的工作和休息,https://www.appinn.com/wnr-work-and-rest/,2020/04/04,23
212,Chrome App Launcher – Chrome 应用启动器,https://www.appinn.com/chrome-app-launcher-chrome/,2013/07/28,22
213,如何识别老电脑硬件型号，下载干净、准确的驱动，并安装 Windows 7,https://www.appinn.com/how-to-find-drive-on-old-computer/,2019/03/08,22
214,拥有 18 万专业 PPT/WPS 素材的 iSlide 特惠：买 1 年送 3 个月,https://www.appinn.com/islide-201807/,2018/07/11,22
215,WinSize V3.0 – 一键调整窗口位置，屏幕不再混乱 [Windows],https://www.appinn.com/winsize-v3/,2018/07/03,22
216,Office 365 家庭版又有优惠啦，价格探底,https://www.appinn.com/office-365-family-plan-201912-final/,2019/12/24,22
217,Chrome 测试版，找出那些嘈杂的标签页,https://www.appinn.com/chrome-beta-find-sound-tabs/,2013/11/15,22
218,Dream Afar New Tab – 新标签页新样式[Chrome],https://www.appinn.com/dream-afar-new-tab-for-chrome/,2014/06/01,22
219,Chrome 插件伴侣 – 不用商店，直接安装 Chrome 浏览器的 .crx 扩展文件[Windows],https://www.appinn.com/chrome-ex-assistant/,2018/08/29,22
220,Enhanced word highlight – 搜索关键词高亮扩展[Firefox/Chrome],https://www.appinn.com/enhanced-word-highlight/,2012/03/30,22
221,Save Page WE – 保存「完整网页」为单独 HTML 文件，供离线使用[Chrome/Firefox],https://www.appinn.com/save-page-we/,2018/05/05,22
222,B站下载助手 – 地铁族必备，离线缓存 B 站视频 [Chrome],https://www.appinn.com/bilibili-video-download/,2018/01/30,22
223,如何「免登录批量下载」特定用户的 微博 高清大图？,https://www.appinn.com/weibo-pic-downloader-java/,2017/09/14,22
224,Thief-Book – 上班摸鱼神器：在屏幕小区域上阅读小说[Win/macOS/VS Code],https://www.appinn.com/thief-book/,2019/07/08,22
225,Remote Utilities – 免费可商用的 Windows 远程控制工具，还可以自建中继服务器,https://www.appinn.com/remote-utilities/,2019/05/13,22
226,全屏看视频[Chrome],https://www.appinn.com/chrome-fullscreen/,2012/03/06,21
227,Multrin – 将不同应用程序拖放到一起，组成一个多标签页窗口[Windows],https://www.appinn.com/multrin-for-windows/,2019/02/26,21
228,GreenVBox – 包含完整功能的便携版 VirtualBox 虚拟机 [Windows],https://www.appinn.com/greenvbox/,2018/06/07,21
229,Process Lasso Pro v9 – Windows 优化工具，单版本限免,https://www.appinn.com/process-lasso-pro-v9/,2018/06/06,21
230,小海嚴選正妹分頁 – 让美女伺候新标签页[Chrome],https://www.appinn.com/curator-chrome/,2014/02/25,21
231,Currently – 简约优美的 Chrome 新标签页,https://www.appinn.com/currently-for-chrome/,2014/02/19,21
232,Diigo Web Collector – 像在本子上一样为网页做笔记[Chrome],https://www.appinn.com/diigo-web-collector-for-chrome/,2014/02/05,21
233,你们都说好用的 PE 工具，叫《微 PE 工具箱》,https://www.appinn.com/wepe/,2017/12/03,21
234,18 项功能，为网页视频播放添加倍速播放、画中画、截图、进度保存等，全程高能快捷键[油猴脚本],https://www.appinn.com/h5player-video-control-greasemonkey/,2020/04/02,21
235,image-picker – 从网页提取不能右键保存的图片[Chrome],https://www.appinn.com/image-picker-for-chrome/,2020/03/25,21
236,SimpleUndoClose – 找回刚刚关闭的 9.99 万个标签页[Chrome],https://www.appinn.com/simpleundoclose-for-chrome/,2019/10/22,21
237,如何解决“弹出 USB 大容量存储设备 时出问题”,https://www.appinn.com/hotswap-for-windows/,2020/04/17,21
238,在 23 周年之际，有人把 Windows 95 打包成软件了 [Win/macOS/Linux],https://www.appinn.com/windows-95-23year-apps/,2018/08/24,21
239,SocialBa! – 社交网络同步插件[Chrome],https://www.appinn.com/socialba/,2013/06/18,20
240,Feedbro – 带过滤规则、获取全文的 RSS 阅读器[Chrome/Firefox],https://www.appinn.com/feedbro/,2019/04/02,20
241,用 DriverStore Explorer 清理 DriverStore 驱动文件夹，释放系统盘空间,https://www.appinn.com/driverstore-explorer/,2018/07/08,20
242,MusicPlayer2 – 美观易用的 Windows 本地音乐播放器,https://www.appinn.com/musicplayer2/,2019/12/18,20
243,小筑笔记 – 树形结构、无限层级的云笔记应用[Android/Windows],https://www.appinn.com/athinkthings-notes/,2019/11/25,20
244,如何将 iPhone/iPad/Mac 屏幕投屏（AirPlay）到 Windows 上？,https://www.appinn.com/airplay-receiver-for-windows/,2020/02/03,20
245,享听音乐播放器 – Chrome 下的独立播放器[Chrome],https://www.appinn.com/enjoy-music-player-chrome/,2014/07/07,20
246,Mysites – Metro 风格浏览器默认标签页 [Chrome],https://www.appinn.com/mysites/,2012/05/03,20
247,EMDB – 本地的电影资料库，要做电脑上的「豆瓣电影」[Windows],https://www.appinn.com/emdb/,2017/04/22,20
248,如何用群晖完整备份 Windows 系统、VM 虚拟机、服务器？,https://www.appinn.com/synology-active-backup-for-business/,2019/01/22,20
249,用 Context 分组禁用 Chrome 扩展降低内存占用,https://www.appinn.com/context-chrome-apps/,2012/12/21,20
250,[特约限免 2 天] EaseUS Todo Backup Home – 数据/系统 备份恢复小能手 [Win],https://www.appinn.com/easeus-todo-backup-home/,2018/04/18,20
251,百度盘高速下载扩展 baidu-dl 开发者声明以及恶意扩展 baidudl 的一些疑问,https://www.appinn.com/new-baidu-dl-announce/,2018/05/08,20
252,如何解决 WebRTC 的历史遗留安全隐患？Chrome、Firefox、Safari 全中招,https://www.appinn.com/webrtc-security-hole/,2018/03/30,20
253,FasterChrome – 用黑科技提升 Chrome 访问网站的速度,https://www.appinn.com/fasterchrome-use-instant-page/,2019/07/22,20
254,嘀嘀，Office 365 开车啦,https://www.appinn.com/office-365-lizhi-share/,2019/06/11,20
255,Better History – 更好看的历史记录[Chrome],https://www.appinn.com/better-history-for-chrome/,2015/04/07,19
256,zMusic – 歌曲点唱[Chrome],https://www.appinn.com/zmusic/,2011/09/25,19
257,机票控 – 自动监控特价机票[Chrome],https://www.appinn.com/shuajipiao/,2013/05/29,19
258,PinClipBoard – 支持文件夹与图片管理的 Windows 剪贴板工具,https://www.appinn.com/pinclipboard/,2018/06/19,19
259,New Tab Reloaded – 找回最熟悉的 Chrome 新标签页,https://www.appinn.com/new-tab-reloaded-for-chrome/,2014/10/28,19
260,可缩放演示的 3D 思维导图，有了它脑图的使用效率提高 X 倍,https://www.appinn.com/wancai-siweidaotu-06/,2018/06/25,19
261,Buttercup – 一款简单的跨平台开源桌面「密码管理器」,https://www.appinn.com/buttercup/,2017/06/02,19
262,12306Bypass-分流抢票 – 可能是目前最好的「火车票」抢票软件 [Windows],https://www.appinn.com/12306bypass/,2018/01/28,19
263,简悦 – 适配 120+ 网站，沉浸式阅读 Chrome 扩展,https://www.appinn.com/simpread-reader-view-for-chrome/,2017/06/20,19
264,Buttercup – 一款简单的跨平台开源桌面「密码管理器」,https://www.appinn.com/buttercup/,2017/06/02,19
265,支持 Chrome、Firefox 自动填充密码并提交登录的 KeePass 扩展：Kee,https://www.appinn.com/kee-for-keepass/,2020/01/09,19
266,History Trends Unlimited – Chrome 网络访问历史趋势,https://www.appinn.com/history-trends-unlimited-for-chrome/,2013/10/26,19
267,Video DownloadHelper – 最简单的方式下载网页视频 [Chrome/Firefox],https://www.appinn.com/video-downloadhelper/,2018/09/25,19
268,支持 Chrome、Firefox 自动填充密码并提交登录的 KeePass 扩展：Kee,https://www.appinn.com/kee-for-keepass/,2020/01/09,19
269,专注写作 – 方便易用的专心写作工具[Chrome],https://www.appinn.com/writer/,2012/03/18,19
270,业界良心，微软为 Windows XP 发布针对「勒索病毒」的安全补丁,https://www.appinn.com/windowsxp-kb4012598-x86-custom/,2017/05/13,19
271,畅邮（Dreammail Pro）原「梦幻快车」邮件客户端，功能一览 [Windows],https://www.appinn.com/dreammail-pro/,2018/11/17,19
272,pingo – 快速批量无损图片压缩，支持 PNG、JPG、WebP[Windows],https://www.appinn.com/pingo-optimize-your-images-for-web/,2019/08/05,19
273,修复 Flash 在 Chrome for Mac 中频繁崩溃的问题,https://www.appinn.com/fix-flash-chrome-for-mac/,2012/11/19,19
274,眼不见心不烦 – 新浪微博宏拉黑过滤工具,https://www.appinn.com/weibo-content-filter/,2012/09/14,19
275,京价保 – 京东价保助手，自动保价、签到、领钢镚、领白条优惠券 [Chrome/Firefox],https://www.appinn.com/jingdong-price-protection-assistant/,2018/04/20,19
276,GoodSync 双版本限免，非常优秀的本地同步软件[Win/macOS],https://www.appinn.com/goodsync-limit-free/,2017/10/06,19
277,Musixmatch – 识别你听到的音乐的歌词,https://www.appinn.com/musixmatch/,2015/08/16,18
278,New Tab – What Color is It，这是什么颜色？[Chrome],https://www.appinn.com/new-tab-what-color-is-it-chrome/,2014/12/28,18
279,Readium – 在 Chrome 上阅读 epub 电子书,https://www.appinn.com/readium/,2012/03/01,18
280,History Limiter – Chrome 历史记录限制,https://www.appinn.com/history-limiter-chrome/,2011/10/17,18
281,这个脑洞有点大：远程输入法，用电脑给手机打字,https://www.appinn.com/remoboard/,2019/09/14,18
282,Switch – 用闪电快捷键切换不同的程序[Windows],https://www.appinn.com/switch-desktop-windows/,2019/09/13,18
283,bitwarden – 开源跨平台密码管理器,https://www.appinn.com/bitwarden/,2016/10/30,18
284,一览阅读 – 有深度不那么 low 的阅读器[Web/Chrome/iOS/Android],https://www.appinn.com/yilan-reader/,2016/08/29,18
285,几枝 – 用中国传统颜色，搭配诗词歌赋，表达中国意境，漂亮的 Chrome 新标签页扩展,https://www.appinn.com/jizhi-for-chrome-new-tab/,2019/05/20,18
286,基于 Chromium 的微软 Edge 浏览器泄漏，真香,https://www.appinn.com/chromium-based-microsoft-edge-for-windows/,2019/03/25,18
287,HamMultiPlayer – 「一屏」看遍硬盘所有片，就问你行不行？,https://www.appinn.com/hammultiplayer/,2017/07/05,18
288,基于 Chromium 的微软 Edge 浏览器泄漏，真香,https://www.appinn.com/chromium-based-microsoft-edge-for-windows/,2019/03/25,18
289,TranslucentTB – 用小工具让 Windows 任务栏透明,https://www.appinn.com/translucenttb-for-windows/,2020/01/17,18
290,SciHub 桌面版 – 科研工具，获取学术论文全文 [Windows],https://www.appinn.com/sci-hub/,2017/12/11,18
291,人人网改造器 – 去除界面多余元素[Chrome/Firefox],https://www.appinn.com/renren-com-reformer/,2012/03/22,18
292,Mathpix – 将图片数学公式转换为 LaTeX,https://www.appinn.com/mathpix/,2019/01/09,18
293,Clipboard Sync – 简陋的云剪贴板[Chrome],https://www.appinn.com/clipboard-sync/,2012/10/21,18
294,baidu-nolimit – 另类百度盘大文件下载扩展 [Chrome],https://www.appinn.com/baidu-nolimit/,2018/05/09,18
295,打开了超多的 Chrome 标签页，看不到标题怎么办？,https://www.appinn.com/supertabs-for-chrome/,2018/01/23,18
296,美剧还能哪里「看 / 下」，快来这里找 Movie Catcher [Win/macOS],https://www.appinn.com/movie-catcher/,2017/09/27,18
297,喜欢一个人，想要下载 ta 的全部微博相册照片，怎么办？,https://www.appinn.com/octo-weibo-album-download/,2019/10/08,18
298,双显示器，如何让鼠标按需才能进入显示器2？,https://www.appinn.com/cursor-lock-for-windows/,2020/04/30,18
299,Pennywise – 在浮动窗口中打开任何网站，并置顶显示 [Windows/macOS/Linux],https://www.appinn.com/pennywise/,2018/11/02,18
300,小乐 RSS 阅读器 [Chrome 应用],https://www.appinn.com/xiaole-rss-reader-chromeapp/,2017/04/17,17
301,Spaces – 管理打开的超多窗口、标签[Chrome],https://www.appinn.com/space-for-chrome/,2015/05/25,17
302,小乐图客极客版 – Chrome 批量图片下载工具,https://www.appinn.com/zzllrrimager-chrome/,2012/01/25,17
303,Chrome Remote Desktop BETA – 远程桌面控制工具,https://www.appinn.com/chrome-remote-desktop-beta/,2011/10/10,17
304,淘宝一键登录 – 多帐号快速切换[Chrome],https://www.appinn.com/taobao-multi-account-login-chrome/,2013/06/19,17
305,OpenWebMonitor – 实时监控网页变化，并报警通知[Win/macOS],https://www.appinn.com/openwebmonitor/,2019/03/01,17
306,不到 200KB 的 MP3 音乐播放器 1by1，12 年后再次介绍更新 [Windows],https://www.appinn.com/1by1-1-92/,2018/05/28,17
307,SingleFileZ – 网摘新工具：打包压缩完整网页[Chrome/Firefox],https://www.appinn.com/singlefilez/,2019/05/31,17
308,Show Site All UserJS – 显示当前网站所有支持的油猴脚本,https://www.appinn.com/show-site-all-userjs/,2017/05/19,17
309,Whitecloud – 本地游戏存档管理器：存档云同步、启动、攻略、时间统计[Windows],https://www.appinn.com/whitecloud-games-saved-manage/,2019/12/26,17
310,PushBullet Mirroring – 推送 Android 通知至 Chrome,https://www.appinn.com/pushbullet-mirroring/,2014/01/21,17
311,豆小虾 – 同步豆瓣红心歌曲到虾米音乐[Chrome],https://www.appinn.com/sync-douban-to-xiami/,2014/02/10,17
312,LosslessCut – 无损视频剪切工具，适合无人机等大视频文件的初剪 [Win/macOS/Linux],https://www.appinn.com/losslesscut/,2017/11/22,17
313,素材管理工具 Eagle 特价来临，再不要错过了 [Win/macOS],https://www.appinn.com/eagle-134/,2018/12/26,17
314,求 Windows 可以直接调节风扇转速的软件[Open Hardware Monitor],https://www.appinn.com/open-hardware-monitor/,2020/05/03,17
315,豆皮图片下载器 – 最好用的批量图片下载神器[Win],https://www.appinn.com/doupi-tech-2019/,2019/05/14,17
316,二箱 – 多引擎 以图搜图 + 截图搜索 + 提取图片[Chrome],https://www.appinn.com/noobox-for-chrome/,2017/02/02,16
317,Waifu2x-Extension-GUI – 对图片、GIF、视频进行高清智能放大，支持降噪[Windows],https://www.appinn.com/waifu2x-extension-gui/,2020/02/19,16
318,Tampermonkey – userscripts 脚本管理器[Chrome/Android],https://www.appinn.com/tampermonkey-userscripts-chrome/,2013/06/17,16
319,SafeGmail – 为 Gmail 加密发送邮件内容[Chrome],https://www.appinn.com/safegmail/,2013/02/21,16
320,HiPC – 用微信小程序远程控制电脑,https://www.appinn.com/hipc-remote-contorl-wechat-miniapp/,2019/09/28,16
321,Tabtation – 拯救海量标签页综合症[Chrome],https://www.appinn.com/tabtation-too-many-tabs-syndrome-for-chrome/,2019/05/13,16
322,抖音 桌面版（极简），可以在电脑上刷抖音啦 [Win/macOS/Linux],https://www.appinn.com/douyin-desktop/,2018/06/27,16
323,Free Shooter – 极简的复古界面开源截图工具[Windows],https://www.appinn.com/free-shooter/,2019/11/20,16
324,不喜欢订阅？Office 2016 家庭与学生版终身授权清仓中,https://www.appinn.com/office-2016-lizhi-399/,2019/05/07,16
325,为什么没有人开发一款基于 Chrome 新标签页的阅读器呢？,https://www.appinn.com/rowe-news-new-tab/,2017/06/10,16
326,Tixati – 支持群组的 BT 下载工具[Windows/Linux],https://www.appinn.com/tixati/,2020/02/10,16
327,VNC Viewer for Google Chrome – VNC 连接客户端[Chrome],https://www.appinn.com/vnc-viewer-for-google-chrome/,2013/10/30,16
328,Synology Download Station – 最易用的「群晖下载中心」浏览器扩展 [Chrome/Safari/Opera],https://www.appinn.com/synology-download-station-for-browser/,2018/09/23,16
329,Easy to RSS – 能发现 RSSHub（RSS 生成工具）订阅地址的 RSS 工具 [Chrome],https://www.appinn.com/easy-to-rss/,2018/09/07,16
330,不愿普通，这款「浏览器」可以看视频去广告，百度盘高速下载,https://www.appinn.com/twinkstar/,2017/10/26,16
331,真正适用于 PDF 的笔记软件：知之阅读 [Windows],https://www.appinn.com/zhizhiyuedu/,2017/10/13,16
332,Image Details – 右键查看图片详细信息[Chrome],https://www.appinn.com/imagedetails/,2012/06/09,16
333,TabMemFree – 为 Chrome 标签页释放内存,https://www.appinn.com/tabmemfree-chrome-free-ram/,2012/03/28,16
334,ghostwriter – 免费开源的跨平台 Markdown 编辑器,https://www.appinn.com/ghostwriter/,2019/09/03,16
335,BND 1&2 – 百度网盘不限速下载工具[Win/macOS/Linux],https://www.appinn.com/baidu-netdisk-downloader/,2019/08/15,16
336,SwiftPreview – 鼠标悬停预览所有链接 [Chrome],https://www.appinn.com/swiftpreview/,2012/12/19,16
337,NetSpeedMonitor – 在桌面悬浮窗显示网速，仿 360 样式 [Windows],https://www.appinn.com/netspeedmonitor-hanyizhao/,2018/04/12,16
338,Locale Emulator – Windows 语言环境仿真器，让你用另外一种语言运行程序、游戏,https://www.appinn.com/locale-emulator-windows/,2017/10/01,16
339,Bookmarks clean up – 清理 Chrome 书签：重复书签、空文件夹、失效的链接,https://www.appinn.com/bookmarks-clean-up-for-chrome/,2018/10/22,16
340,历经17年，Inkscape 1.0 隆重发布，专业品质的开源矢量图编辑工具[Win/macOS/Linux],https://www.appinn.com/inkscape-1-releases/,2020/05/08,16
341,EaseUS Video Editor – 简单易用的视频编辑器，限免一个月,https://www.appinn.com/easeus-video-editor/,2020/04/23,16
342,最新版 Windows 10 带来了期待已久的「剪贴板管理」与「云剪贴板」功能,https://www.appinn.com/windows-10-1809-clipboard-cloud/,2018/10/05,16
343,uTorrent Web 终于来了，视频文件边播边下[Windows],https://www.appinn.com/utorrent-web/,2018/08/25,16
344,Page Monitor 3.4.2 历史版本 – 监控网页变化[Chrome],https://www.appinn.com/page-monitor-for-chrome/,2015/12/21,16
345,简 Tab 的进化：给 Chrome 带来更多漂亮的新标签页,https://www.appinn.com/simptab-new-tab-1-4/,2015/12/12,16
346,千山新标签页 – 全是按钮的导航标签页[Chrome],https://www.appinn.com/qianshan-new-tabs/,2015/09/20,16
347,File Synchronizer – 简单的在两个硬盘间同步文件[Windows],https://www.appinn.com/file-synchronizer-for-windows/,2020/02/27,15
348,温故知新 – 每次打开新标签页整理 Chrome 书签,https://www.appinn.com/review-bookmarks-for-chrome/,2015/07/20,15
349,Mainichi – 用新标签页学日文[Chrome],https://www.appinn.com/mainichi-learn-japanese-for-chrome/,2015/01/23,15
350,Gtalklet – 让所有标签支持 Gtalk [Chrome],https://www.appinn.com/gtalklet/,2011/09/21,15
351,Context Menus – 给 Chrome 自定义右键搜索菜单,https://www.appinn.com/context-menus-chrome/,2013/05/21,15
352,万彩办公大师 | 办公必备绿色小工具百宝箱，只有12M，值得安装,https://www.appinn.com/wofficebox-2/,2018/05/30,15
353,RunAny – 基于 Everything 快速搜索的快速启动工具 [Windows],https://www.appinn.com/runany-for-windows/,2018/05/24,15
354,小黄条/YYNote – 跨平台，可嵌入桌面的 Todolist 工具 [Windows/iOS/Android],https://www.appinn.com/yynote/,2018/05/23,15
355,Smartshot – 支持滚屏的 Chrome 截屏与标注工具,https://www.appinn.com/smartshot/,2016/08/04,15
356,Clean my History – 从 Chrome 历史记录一键删除指定 NSFW 网站（支持15000+）,https://www.appinn.com/clean-my-history-nsfw-in-chrome/,2019/03/18,15
357,眼不见心不烦 更新，适配新版本新浪微博[Chrome],https://www.appinn.com/weibo-content-filter-v6/,2014/10/23,15
358,别颓啦 – 答对单词才能访问网站[Chrome],https://www.appinn.com/bietui-la/,2014/08/17,15
359,WinAuth – 支持 Google、微软、Steam 等二次验证的第三方开源工具 [Windows],https://www.appinn.com/winauth/,2018/08/14,15
360,用宇宙最强的 Dism++ 继续清理 C 盘空间,https://www.appinn.com/dism-plusplus-free-space/,2018/07/08,15
361,Windows 10 专为「笔」设计的多场景手绘笔记工具 Penbook 限免,https://www.appinn.com/penbook-for-windows/,2018/03/13,15
362,Awake – 临时防休眠，让 Windows 屏幕长亮,https://www.appinn.com/awake-for-windows/,2020/01/18,15
363,Anything to QRcode – 给 Chrome 内容生产二维码[Chrome],https://www.appinn.com/anything-to-qrcode-for-chrome/,2014/03/24,15
364,Boostnote – 可以快速「记录代码片段」的 Markdown 笔记本 [跨平台],https://www.appinn.com/boostnote/,2017/12/20,15
365,MaoXian Web Clipper – 从网页剪辑内容，并保存到本地，永不消逝 [Chrome/Firefox],https://www.appinn.com/maoxian-web-clipper/,2018/08/01,15
366,BaiduPCS-Go – 百度盘下载工具，开源命令行式[Win/macOS/Linux/Android/iOS],https://www.appinn.com/baidupcs-go/,2019/01/02,15
367,「印象笔记」发布支持 Markdown 语法的 Windows 客户端 [公测],https://www.appinn.com/evernote-support-markdown-for-windows/,2018/11/09,15
368,StikyNotes – 一个便捷的 Windows 桌面便利贴,https://www.appinn.com/stikynotes-for-windows/,2019/09/08,15
369,如何下载《中国庭审网》等 flv 格式的在线视频？,https://www.appinn.com/how-to-download-flv-video-on-a-website/,2019/02/27,15
370,用 IMDb Info 快速查看电影资讯[Chrome/Firefox],https://www.appinn.com/imdb-info/,2012/12/29,15
371,[Chrome]Find Larger Images – 批量找原图,https://www.appinn.com/chrome-find-larger-images/,2012/09/09,15
372,FFmpeg Joiner – 多段视频「无损合并」小工具 [Windows],https://www.appinn.com/ffmpeg-joiner-for-windows/,2018/04/11,15
373,USBCopyer – 将 U 盘插入电脑后，立即「自动复制」U 盘文件 [Windows],https://www.appinn.com/usbcopyer/,2018/04/08,15
374,敬业签 – 支持多端同步提醒的跨平台「云 便签」工具,https://www.appinn.com/jingyeqian/,2018/03/19,15
375,简 Tab 新增只显示纯色背景的「禅模式」以及 Unsplash 4K 高清壁纸 [Chrome],https://www.appinn.com/jian-tab-1-5-3/,2018/12/02,15
376,QtScrcpy – 用电脑控制 Android 手机，支持多点触控，可玩和平精英，中文界面[Win/macOS/Linux],https://www.appinn.com/qtscrcpy/,2020/04/07,15
377,Bilibili for Mac – 第三方 B 站客户端，低占用·不发热[OS X],https://www.appinn.com/bilibili-for-mac-third-client/,2016/01/08,15
378,洋芋田图像工具箱 – 8 大功能，适合摄影师、设计师的开源工具集,https://www.appinn.com/potatofieldimagetoolkit/,2020/02/14,14
379,教你如何去掉新浪微博的巨幅天猫广告[Chrome/Firefox],https://www.appinn.com/remove-weibo-tmall-2015618/,2015/06/17,14
380,Quick Javascript Switcher – 快速开关 Javascript[Chrome],https://www.appinn.com/quick-javascript-switcher-for-chrome/,2014/12/15,14
381,Word Count – 统计选中网页的字数的 Chrome 扩展,https://www.appinn.com/chrome-extension-word-count/,2012/03/11,14
382,Secure Shell – Chrome 里的独立 SSH 客户端,https://www.appinn.com/secure-shell-chrome/,2013/06/03,14
383,Forghetti – 不保存密码数据的密码管理器,https://www.appinn.com/forghetti/,2019/03/14,14
384,怀旧：Windows 3.0 文件管理器发布 UWP 版本，仅支持 Win10,https://www.appinn.com/windows-3-0-file-manager/,2019/02/04,14
385,Rufus 3.0 发布，据说重新设计了 UI [Windows],https://www.appinn.com/rufus-3-0/,2018/06/09,14
386,Candy – 据说 21 世纪的网络书签应该是这个样子[Chrome],https://www.appinn.com/candy-bookamrk/,2016/09/02,14
387,WeiboClean – 优化新浪微博 V6 界面[Chrome/FF/Safari],https://www.appinn.com/weiboclean-weibo-v6-ui-chrome-ff-safari/,2014/11/01,14
388,Nitro Pro – 专业的 PDF 编辑器 [Windows],https://www.appinn.com/nitro-pro-from-key/,2018/07/30,14
389,chinawareblock – 国产流氓、娱乐软件和不受欢迎的软件屏蔽工具,https://www.appinn.com/chinawareblock-for-windows/,2018/07/30,14
390,Standard Notes – 简单、加密、开源、跨平台的私人笔记应用,https://www.appinn.com/standard-notes/,2018/01/19,14
391,Hash Manager – 批量修改任意文件的哈希值（MD5）[Win],https://www.appinn.com/hash-manager-for-windows/,2019/04/03,14
392,二管家 – 帮你管理 Chrome 扩展，在需要的时候才打开,https://www.appinn.com/nooboss-for-chrome-extensions/,2017/07/17,14
393,Youku-HTML5-Player – 让优酷告别 Flash，更爽快的播放 [Chrome / Firefox],https://www.appinn.com/youku-html5-player/,2017/09/11,14
394,I am over 18 – 自动帮你点击「我已满 18 岁」按钮,https://www.appinn.com/i-am-over-18/,2017/08/24,14
395,EXIF Viewer – 鼠标经过图片查看 EXIF 信息[Chrome],https://www.appinn.com/exif-viewer-chrome/,2013/08/21,14
396,小迅雷 – 使用「迅雷云加速平台」的第三方极简下载工具 [Win],https://www.appinn.com/small-xunlei/,2017/11/30,14
397,微信读书助手：组队、听书、导出笔记、整理书架[Chrome],https://www.appinn.com/wechat-reading-book/,2020/03/10,14
398,这款「微信多开工具」能一次打开 10+ 个微信，还支持快速回复 [Windows],https://www.appinn.com/juliao-im/,2017/10/26,14
399,WasteNoTime – 记录并管理限制网站浏览[Chrome Safari],https://www.appinn.com/wastenotime/,2012/07/19,14
400,MPV-EASY Player – 一款简单的视频播放器 [Windows],https://www.appinn.com/mpv-easy-player/,2017/06/01,14
401,幕布 – 以层级折叠式文字来整理内容[Web / iOS / Android / Win / macOS],https://www.appinn.com/mubu/,2017/05/02,14
402,Splashy – 高质量 Unsplash 桌面壁纸，支持自动更换[Win/macOS/Linux],https://www.appinn.com/splashy-unsplash-wallpaper/,2018/11/28,14
403,DBadmin 深蓝穿透远程 – 支持 iPhone、Android 的 免费内网穿透、远程控制工具[Windows],https://www.appinn.com/dbadmin-for-windows/,2019/07/24,14
404,Folder Size View – 一目了然，展示文件夹内容大小[Win/macOS],https://www.appinn.com/folder-size-view/,2019/07/10,14
405,删除 Chrome 地址栏中不需要的网址（历史记录/联想查询内容）,https://www.appinn.com/delete-url-in-chrome-address-bar/,2018/12/28,14
406,万彩影像大师送福利 – 相册视频制作软件 [Windows],https://www.appinn.com/wmvideo-wancai/,2018/05/08,14
407,Reader View – 轻量级「桌面浏览器」阅读模式扩展 [Chrome/Firefox/Opera],https://www.appinn.com/reader-view/,2018/03/27,14
408,为「多窗口」键盘党们推荐一款软件 FastWindowSwitcher [Windows],https://www.appinn.com/fastwindowswitcher/,2017/09/22,14
409,Yu Writer – 能自动转换粘贴内容为 Markdown 的文本编辑器[macOS/Win],https://www.appinn.com/yu-writer-markdown-editor/,2017/09/05,14
410,Sniptool – 一个快速标注的截图软件[Windows],https://www.appinn.com/sniptool-for-windows/,2020/05/12,14
411,Subtitles-View – 基于讯飞语音转写，为视频自动生成字幕，可识别并翻译无字幕的生肉美剧[Windows],https://www.appinn.com/subtitles-view-for-windows/,2020/04/26,14
412,WinDynamicDesktop – 高仿 macOS 动态壁纸，为 Windows 10 添加可随地点、时间变换光线的壁纸,https://www.appinn.com/windynamicdesktop/,2020/04/08,14
413,天若OCR文字识别新增截图标注功能[Windows],https://www.appinn.com/tianruo-ocr-image-mark/,2019/06/05,14
414,安利一个将各种设备拓展为 Windows 第二屏幕的软件：spacedesk,https://www.appinn.com/spacedesk/,2019/05/30,14
415,万兴优转 – 专业音视频格式转换器，压缩、录屏、刻录，一站式视频工具箱,https://www.appinn.com/wanxingyouzhuan/,2019/05/29,14
416,Surfingkeys – 像 VIM 一样使用 Chrome,https://www.appinn.com/surfingkeys-for-chrome/,2017/01/02,13
417,Reader Sharer – 恢复 Google Reader 的分享功能,https://www.appinn.com/reader-sharer/,2011/11/07,13
418,SuperSorter – 删除重复书签扩展[chrome],https://www.appinn.com/supersorter/,2011/09/06,13
419,SoundSwitch – 一键切换音频播放设备 / 录音设备[Windows],https://www.appinn.com/soundswitch-for-windows/,2019/02/14,13
420,Raccoon – 从 Play 商店下载 Android 应用安装文件 .apk,https://www.appinn.com/raccoon-downloadapk/,2019/09/30,13
421,Diffinity – 轻量级文件对比比较工具[Windows],https://www.appinn.com/diffinity-for-win/,2019/09/15,13
422,极简屏幕截图 for Chrome,https://www.appinn.com/minimalist-screenshots-for-chrome/,2016/08/16,13
423,Authy – 跨平台二次验证应用,https://www.appinn.com/authy/,2014/12/14,13
424,Easy Image Control – 禁止网页加载图片，隐藏标题[Chrome],https://www.appinn.com/easy-image-control-for-chrome/,2014/10/06,13
425,电脑图像工具箱 – 将近 100 项图像工具合集 [Windows],https://www.appinn.com/diannao-images-tools/,2018/08/10,13
426,kanmh看漫画下载器 – 支持 12 个漫画站点的下载工具 [Windows],https://www.appinn.com/kanmh-for-windows/,2018/08/02,13
427,TumblThree – 备份并下载「汤不热」博客，包括视频、音频、图片等内容[Win],https://www.appinn.com/tumblthree/,2017/07/10,13
428,LINER – 为网页和 PDF 进行标注、高亮 [Chrome / Firefox / iOS],https://www.appinn.com/liner/,2017/06/28,13
429,Desktop Goose – 给你的电脑加上一直会捣乱的鹅，作为桌面宠物[Win/macOS],https://www.appinn.com/desktop-goose/,2020/02/11,13
430,OneTab – 帮你节省 95% 的内存，让 Chrome / Firefox 重焕新生,https://www.appinn.com/onetab/,2017/09/19,13
431,Archiveror – 一键存档，永久保存任何在线网页内容,https://www.appinn.com/archiveror/,2020/02/06,13
432,晓日程 – 可以在微信里用的「日历」工具 [微信/Windows],https://www.appinn.com/xricheng-calendar-wechat/,2018/11/26,13
433,快速制作动画视频的软件 – 万彩动画大师送 3000 个激活码，抢完即止,https://www.appinn.com/wancai-20190715/,2019/07/15,13
434,Etcher – 将「系统镜像文件」快速制作为 USB/SD 启动盘[Win/macOS/Linux],https://www.appinn.com/etcher-burn-better/,2018/05/07,13
435,为什么我坚持更新一款「几乎无人问津」的只呈现美景的新标签页扩展 – 简 Tab（SimpTab）,https://www.appinn.com/simptab-1-5-2/,2018/10/24,13
436,QQ空间导出助手 – 可导出说说、日志、私密日记、相册、视频、留言板、QQ 好友列表[Chrome],https://www.appinn.com/qzoneexport-for-chrome/,2019/12/02,13
437,Zenkit To Do – 简洁的跨平台任务管理工具，一个奇妙清单的替代品,https://www.appinn.com/zenkit-to-do/,2020/04/13,13
438,自助书城 – 书到荒时方恨少，做书荒终结者 [Windows],https://www.appinn.com/zizhu-shucheng/,2018/09/05,13
439,Partition Master – 可动态调整分区大小的磁盘管理软件[Windows],https://www.appinn.com/partition-master-free/,2019/06/27,13
440,Chromarks – 支持书签检索的 Chrome 书签扩展,https://www.appinn.com/chromarks/,2016/01/20,13
441,Copyfish – 对网页图片进行 OCR 扫描，识别文字[Chrome],https://www.appinn.com/copyfish-for-chrome/,2015/10/11,13
442,UAC白名单：为 Windows 的用户帐户控制 (UAC)添加白名单功能，让熟悉的软件不再弹窗提示,https://www.appinn.com/uac-whitelist-tools/,2020/03/28,12
443,专注笔记 – 撰写极具可读性的笔记工具[iOS/macOS/Windows],https://www.appinn.com/focus-note/,2020/02/15,12
444,能给自己 iPhone 发推送的 Bark 有了 Windows 客户端：BarkHelper,https://www.appinn.com/barkhelper-for-bark-windows/,2019/02/22,12
445,Sci-Hub EVA – 跨平台的论文下载工具，以及现在有 54.54 TB 的海量论文可以下载了,https://www.appinn.com/sci-hub-eva/,2018/05/22,12
446,我讨厌 mailto: 电子邮件链接,https://www.appinn.com/i-hate-mailto/,2019/03/07,12
447,让 Chrome 与 Firefox 实现系统级视频画中画效果（Picture-in-Picture）,https://www.appinn.com/picture-in-picture-chrome-and-firefox/,2019/03/06,12
448,幕布 7 折团购开启，用「无限层级」来记录笔记 【已结束】,https://www.appinn.com/mubu-70-special/,2018/02/07,12
449,PDF 补丁丁 – 11年历史，永久免费，绝不过期，却已完结，免费的 PDF 文档处理工具[Windows],https://www.appinn.com/pdf-bu-ding-ding/,2020/01/11,12
450,Sunrise Calendar – 多合一网络日历[Chrome/iOS],https://www.appinn.com/sunrise-calendar/,2014/05/02,12
451,读书笔记 – 豆瓣读书笔记第三方应用[Chrome],https://www.appinn.com/read-note-for-douban/,2014/04/02,12
452,Gradient Folders – 38 款手工制作的渐变彩色文件夹图标 [macOS / Windows],https://www.appinn.com/gradient-folders/,2018/01/13,12
453,再也不用录屏了，支持 20+ 直播平台的「直播视频」下载工具 [Windows],https://www.appinn.com/bklivedown/,2017/12/23,12
454,经典游戏《植物大战僵尸》年度版在 Origin 限免 [Win/macOS],https://www.appinn.com/plants-vs-zombies-mianfei/,2017/12/02,12
455,AmIUnique – 侦测你的「浏览器指纹」，并显示历史记录 [Web/Chrome/Firefox],https://www.appinn.com/amiunique/,2018/08/27,12
456,Video Downloader professional – 网页视频下载工具 [Chrome],https://www.appinn.com/video-downloader-professional-for-chrome/,2018/06/21,12
457,Snooze Tabby – 永远关不完的标签页？帮你临时关闭，到期自动打开[Chrome/Firefox],https://www.appinn.com/snooze-tabby/,2018/05/16,12
458,Picviewer CE+ – 批量下载网页图片必备，可对图片旋转、放大、导出原始大图、下载等功能,https://www.appinn.com/picviewer-ce/,2020/04/01,12
459,SDelete – 安全的、不可恢复的删除文件和擦除剩余空间 [Windows],https://www.appinn.com/sdelete-for-windows/,2017/11/17,12
460,灵音播放器 – 支持下载的音乐播放器 [Windows],https://www.appinn.com/lyplayer/,2017/11/13,12
461,微博快照 – 一键截图并保存微博信息[Chrome],https://www.appinn.com/weiboshot/,2012/05/26,12
462,小恐龙公文排版助手，自动适配《党政机关公文格式国家标准》格式要求,https://www.appinn.com/xiaokonglong-word-format/,2017/05/21,12
463,Nums – 将笔记本触控板变成数字键盘[硬件],https://www.appinn.com/nums-luckeytech/,2019/08/01,12
464,悬浮画中画播放器 – 一边放视频直播一边工作[Chrome],https://www.appinn.com/floating-picture-in-picture-video-player/,2019/01/08,12
465,SPS – 搜我听歌，搜我电台，Chrome 上的极简听歌扩展,https://www.appinn.com/search-to-play-the-song-for-chrome/,2019/01/05,12
466,[Chrome] XPictureTool – 保存当前页面指定大小图片,https://www.appinn.com/chrome-xpicturetool/,2012/09/18,12
467,Zettlr – 撰写专业论文的 MarkDown 编辑器[Win/macOS/Linux],https://www.appinn.com/zettlr/,2019/05/27,12
468,小恐龙公文排版助手测试版已支持 WPS 个人版，自动排版以符合《党政机关公文格式国家标准》,https://www.appinn.com/xiaokonglong-gongwen-neice/,2020/03/20,11
469,[双11]天若 OCR 文字识别的 8 种文字识别方式[Win],https://www.appinn.com/tianruo-ocr-20191111/,2019/11/07,11
470,"万彩手影大师 – 自媒体(抖音,快手等)动画视频制作软件，送3000个特别版",https://www.appinn.com/wancai-shouying/,2019/11/11,11
471,让「电报 Telegram」变得重新伟大 [macOS/Win/Android],https://www.appinn.com/telegre-at/,2018/01/29,11
472,stretchly – 开源的休息提醒工具[Win/macOS/Linux],https://www.appinn.com/stretchly/,2019/04/04,11
473,印象笔记 Windows 客户端新增桌面便签功能,https://www.appinn.com/yinxiang-windows-client-desktop-note/,2019/03/28,11
474,微贝 – 全量备份自己的「微博数据」 [Chrome],https://www.appinn.com/weibei-for-chrome/,2017/06/25,11
475,Chrome 沉浸式阅读扩展「简悦」更新，支持更多网站及导出功能,https://www.appinn.com/simpread-reader-view-for-chrome-2/,2017/09/13,11
476,cottonTracks – 基于历史记录生成个人杂志[Chrome/Opera],https://www.appinn.com/cottontracks/,2013/11/24,11
477,豆瓣の豆皮 – 为豆瓣添加播放、下载按钮[Chrome],https://www.appinn.com/all-about-douban-guyustudio/,2013/10/13,11
478,Old Compost – 找回旧的 Gmail 撰写邮件界面[Chrome],https://www.appinn.com/old-compost-for-gmail/,2013/09/16,11
479,Web Server for Chrome – 用 Chrome 充当临时 HTTP 服务器,https://www.appinn.com/web-server-for-chrome/,2020/03/06,11
480,防休眠，临时阻止系统进入休眠 Chrome 扩展来了。,https://www.appinn.com/keep-computer-awake-for-chrome/,2020/02/16,11
481,把超强的在线图片压缩 Squoosh! 工具做成应用在电脑上使用,https://www.appinn.com/squoosh/,2018/11/16,11
482,Reggy – 随机生成用户密码邮箱地址，一键填表，保护隐私[Chrome],https://www.appinn.com/reggy-for-chrome/,2019/01/09,11
483,剪纸云 Clip Cloud – 跨平台剪贴板同步，PC/Mac/Linux 和 Android 设备之间,https://www.appinn.com/clip-sync-between-pc-mac-linux-and-android/,2018/12/31,11
484,如何批量整理 Chrome 的书签 – Bookmark Sentry,https://www.appinn.com/bookmark-sentry-for-chrome/,2018/04/24,11
485,Astrolabe – 用「缩略图」快速切换标签页，神似早期 Opera [Chrome/Firefox],https://www.appinn.com/astrolabe/,2018/12/07,11
486,LanguageTool – 支持中文等27种语言的语法与拼写检查工具[Chrome/Firefox],https://www.appinn.com/languagetool-org/,2019/07/10,11
487,更易使用，CCleaner 新增「易清理」模式,https://www.appinn.com/ccleaner-easy-clean/,2019/05/16,11
488,The Great Suspender – 多标签爱好者福音，临时冻结不用的标签页[Chrome],https://www.appinn.com/the-great-suspender-for-chrome/,2015/12/30,11
489,Context – 分组管理 Chrome 扩展，一键启用/禁止不常用的扩展,https://www.appinn.com/context-for-chrome/,2015/12/26,11
490,总是「过目即忘」？试试建立个人知识库吧 | 豌豆荚设计奖·方片收集,https://www.appinn.com/funpin-wdj-award/,2016/12/02,10
491,网易云音乐下载器 – 做一个本分的音乐下载器[Windows],https://www.appinn.com/music-163-downloader/,2020/03/24,10
492,幕享 – 免费投屏工具，可在电脑与手机间相互投屏，还可控制电脑,https://www.appinn.com/letsview/,2020/02/18,10
493,Google Tone – 用声音发送网址[Chrome],https://www.appinn.com/google-tone-for-chrome/,2015/05/20,10
494,Mixmax – Gmail 增强扩展[Chrome],https://www.appinn.com/mixmax-gmail-chrome/,2015/01/15,10
495,Chrome Remote Desktop – 远程控制电脑[Chrome/Android/iOS],https://www.appinn.com/chrome-remote-desktop/,2015/01/15,10
496,Mailto: － 网页邮箱作为默认邮件客户端[Chrome],https://www.appinn.com/mailto-chrome/,2011/08/01,10
497,SiteShoter – 来自 Nirsoft 的定时截取网站屏幕截图工具[Windows],https://www.appinn.com/siteshoter-for-windows/,2019/03/06,10
498,Ao – 第三方开源微软 To-Do 桌面客户端,https://www.appinn.com/ao-third-ms-to-do-clent/,2019/02/08,10
499,划词翻译 – 集成多种翻译，让浏览任意语言的网站变得无比轻松[Chrome],https://www.appinn.com/crx-selection-translate-for-chrome/,2016/10/19,10
500,防密码泄漏，这款 Chrome/Firefox 扩展能防止 CSS Exfil 攻击[附测试],https://www.appinn.com/css-exfil-protection/,2019/04/03,10
501,Home Scanner – 来自「比特梵德」的家庭局域网安全与后门扫描工具 [Windows],https://www.appinn.com/home-scanner/,2017/07/17,10
502,跨平台开源磁盘加密工具 VeraCrypt 更新，优化 64 位版本加密效率,https://www.appinn.com/veracrypt-1-2/,2017/07/03,10
503,AMP Browser – 基于 Chromium 的开源 AMP 加速浏览器 [Win],https://www.appinn.com/amp-browser/,2017/06/23,10
504,Simple DNSCrypt – 保护网络安全，一键使用 DNSCrypt 加密 DNS 流量 [Windows],https://www.appinn.com/simple-dnscrypt/,2018/03/04,10
505,《帝国时代：终极版》4K 重制版今天正式上架 Windows 商店，售价 67 元,https://www.appinn.com/age-of-empires-definitive-edition-2/,2018/02/20,10
506,那个可以获取「学术论文」的 SciHub 进化 3.0 版本，拥有了易用的图形界面,https://www.appinn.com/scihub-desktop-3/,2018/01/17,10
507,如何「批量复制」网页中的迅雷链接？,https://www.appinn.com/jaeger-export-thunder-url/,2017/05/18,10
508,如何去除 Windows 10 预览版桌面右下角的水印,https://www.appinn.com/universal-watermark-disabler/,2020/01/25,10
509,Nuclear – 开源免费的在线音乐播放、下载工具[Win/macOS/Linux],https://www.appinn.com/nuclear/,2020/01/18,10
510,这款只有 3 位用户的 Chrome 扩展，能够极大的改善你的 Chrome 效率,https://www.appinn.com/disable-extensions-and-apps/,2017/09/18,10
511,京东自营过滤，超过 30 个商品过滤选项的油猴脚本,https://www.appinn.com/jd-filter-self/,2018/08/21,10
512,Netsub – 为 Netflix 显示双语字幕，并可显示拼音、平假名用来学习中文、日语[Chrome/Edge],https://www.appinn.com/netsub-for-netflix/,2020/04/12,10
513,Netflix 1080p – 让 Chrome 观看 Netflix 1080p 高清影片,https://www.appinn.com/netflix-1080p-chrome/,2020/04/05,10
514,Clear Cache – 分钟级 Chrome 缓存清理扩展,https://www.appinn.com/clear-cache-for-chrome/,2019/12/30,10
515,ONION 勒索软件（WanaCrypt0r 2.0）已大面积爆发，「请打开 Windows 系统的自动更新」,https://www.appinn.com/ms17-010/,2017/05/13,10
516,除了 30 天自动清空回收站，你还能通过系统托盘访问回收站 [Win],https://www.appinn.com/30-days-auto-remove-files-in-recycle-bin/,2017/05/11,10
517,没有 Windows 文件管理器集成 git 信息展示的工具？自己写一个,https://www.appinn.com/gitinfoexplorerextension/,2019/09/05,10
518,SearchMyFiles – 替代 Windows 原生搜索的高级搜索工具，NirSoft 出品,https://www.appinn.com/searchmyfiles-from-nirsoft/,2019/08/15,10
519,EasyGO – 快捷启动软件[Windows],https://www.appinn.com/goany-for-windows/,2019/08/14,10
520,求一款专门管理设计资源的工具（针对各类图像）,https://www.appinn.com/how-to-manage-image-design-resources/,2019/07/30,10
521,Play HLS M3u8 – 用 Chrome 播放 M3U8 格式的直播视频,https://www.appinn.com/play-hls-m3u8-for-chrome/,2019/02/27,10
522,Chrome 团队倾情推出 14 款精美 Chrome 主题,https://www.appinn.com/chrome-official-collection-chrome-themes/,2019/02/13,10
523,iSpring Free Cam – 免费易用的「录制屏幕」工具 [Windows],https://www.appinn.com/ispring-free-cam/,2018/05/09,10
524,JoinerSplitter – 基于 ffmpeg 的视频合并与分割小工具 [Windows],https://www.appinn.com/joinersplitter-for-windows/,2018/04/12,10
525,Soda Player – 能够直接播放种子、磁力的视频播放器 [Win/macOS],https://www.appinn.com/soda-player/,2017/09/19,10
526,相册飞船 – 无需数据线，快速备份手机照片到电脑 [iOS/Android / Windows],https://www.appinn.com/xiangcefeichuan/,2017/09/18,10
527,Read Aloud – 把网页「读出来」支持 40 多种语言[Chrome/Firefox],https://www.appinn.com/read-aloud-for-chrome/,2018/11/16,10
528,Ktab – 收藏标签页，节省资源，整理过多的标签页[Chrome],https://www.appinn.com/ktab-for-chrome/,2019/10/03,10
529,Dalieba 的发现：老牌开源电子书阅读器 Sumatra PDF 3.2 新鲜出炉，不再支持 Windows XP,https://www.appinn.com/sumatra-pdf-3-2/,2020/05/13,10
530,SwitchHosts! – 快速添加、修改、切换 hosts 文件 [Win/macOS/Linux],https://www.appinn.com/switchhosts-2/,2018/10/18,10
531,Keypirinha – 为键盘侠打造，Windows 快捷启动工具,https://www.appinn.com/keypirinha/,2019/07/04,10
532,直播关注助手 – 在 Chrome 里同时关注各大直播平台主播,https://www.appinn.com/live-follow-assistant-chrome/,2016/03/27,10
533,Biscuit – 带中文的系统级词典，记忆卡[iPhone/Android/Chrome],https://www.appinn.com/biscuit/,2015/12/07,10
534,Checker Plus for Gmail – 优秀的 Gmail 客户端[Chrome],https://www.appinn.com/checker-plus-for-gmail-chrome/,2015/11/22,10
535,Ed2k&Magnet – 电驴 与 磁力链接「批量」复制助手 [Chrome],https://www.appinn.com/ed2k-magnet-for-chrome/,2017/04/10,9
536,WorldBrain – 全文搜索你浏览过的「所有」网页[Chrome],https://www.appinn.com/worldbrain-for-chrome/,2017/01/29,9
537,Infinity 新标签页 – 美化 Chrome 新标签页,https://www.appinn.com/infinity-new-tab-chrome/,2014/12/15,9
538,花瓣网页收藏工具[Chrome],https://www.appinn.com/huaban-goodies-chrome/,2013/04/11,9
539,Insomnia – 临时阻止电脑进入休眠状态[Win],https://www.appinn.com/insomnia-for-windows/,2019/02/25,9
540,Google Keep 推出 Chrome 扩展，还在更新，这就放心了,https://www.appinn.com/google-keep-chrome-extens/,2016/04/21,9
541,SendMe telegram – 从 Chrome 向 Telegram 发送内容,https://www.appinn.com/sendme-telegram/,2016/04/09,9
542,Mute Inactive Tabs – 为非当前标签页静音[Chrome],https://www.appinn.com/mute-inactive-tabs-for-chrome/,2014/10/08,9
543,Stellarium – 观星、拍银河，在电脑上模拟本地星空 [Win/macOS/Linux],https://www.appinn.com/stellarium-2018/,2018/08/17,9
544,那个可以备份 iOS 下架应用的 iMazing 正在冰点特价，只需 64 元,https://www.appinn.com/imazing-lizhi-201808/,2018/08/13,9
545,一站式「电子书」解决方案 calibre 发布 3.0 版本,https://www.appinn.com/calibre-3/,2017/06/17,9
546,期末，班主任必备，成绩自动计算工具,https://www.appinn.com/weiyi-excel/,2017/06/08,9
547,Inky – 从未如此简单：编写属于自己的互动小说/文字冒险游戏,https://www.appinn.com/inky-for-ink/,2019/12/17,9
548,TextConverter – 16 种方式，批量处理文本文件，生产力工具[Windows],https://www.appinn.com/textconverter-for-windows/,2019/12/10,9
549,不想开浏览器？可能 Integrity Downloader 就是那个最简单的下载器了,https://www.appinn.com/integrity-downloader/,2018/01/31,9
550,ApowerMirror – 将手机屏幕投射到电脑上 [iOS/Android],https://www.appinn.com/apowermirror/,2018/01/25,9
551,能在巴黎圣母院爬上爬下的《刺客信条：大革命》限免，但是买的游戏都不玩，送的游戏会玩？,https://www.appinn.com/assassins-creed-unity/,2019/04/18,9
552,Pomy – 遵循 20-20-20 视力保护原则的番茄钟与休息提醒工具[Win/macOS],https://www.appinn.com/pomy-focus-timer-app-for-your-eye-health/,2019/03/31,9
553,Captura – 带键盘按键录制的录屏工具，支持直播[Windows],https://www.appinn.com/captura/,2020/01/17,9
554,EaseUS Todo PCTrans – 新旧电脑资料互传，支持软件、数据、账号,https://www.appinn.com/easeus-todo-pctrans/,2020/01/07,9
555,那个神级 Cosplay 的铁锤游戏 Getting Over It 上架 App Store，要不要花 30 块找虐？,https://www.appinn.com/getting-over-it/,2017/12/07,9
556,Octoman – 微博备份工具，可导出 HTML 文件[Chrome],https://www.appinn.com/octoman-backup-weibo-for-chrome/,2020/02/23,9
557,XnConvert – 超过 500 种「图片格式」批量转换 [Win/macOS/Linux],https://www.appinn.com/xnconvert/,2017/05/17,9
558,Tomato Pie – 番茄钟 Chrome 新标签页扩展,https://www.appinn.com/tomato-pie-for-chrome/,2019/03/04,9
559,Humble New Tab Page – 朴素、极简的 Chrome/Firefox 新标签页,https://www.appinn.com/humble-new-tab-page-for-chrome/,2019/02/17,9
560,免费下载「科学学术论文和文章」的 SciHub Desktop 又更新了。,https://www.appinn.com/scihub-desktop-3-2/,2018/04/26,9
561,URLRedirector – 网址重定向，解决网站打开慢的顽疾 [Chrome/Firefox/Edge],https://www.appinn.com/urlredirector/,2018/12/01,9
562,著名浏览器下载增强插件 DownThemAll! 4 发布 Chrome、Opera 版本,https://www.appinn.com/downthemall-4-for-chrome-and-opera/,2019/09/10,9
563,wubiLex – 解决微软五笔输入法的7大问题,https://www.appinn.com/wubilex-for-win/,2020/05/09,9
564,曾经的经典音乐播放器发布 4 年来的第一个版本：Winamp 5.8,https://www.appinn.com/winamp-5-8/,2018/10/21,9
565,虚拟机 Parallels Desktop 13/14 特价，并加送 Windows 10 家庭版,https://www.appinn.com/parallels-desktop-14-lizhi/,2018/09/03,9
566,Newsflow – UWP 上的 RSS 阅读器,https://www.appinn.com/newsflow-for-uwp/,2019/07/09,9
567,Mob – 一个有(gao)颜值的喜马拉雅 FM 桌面客户端[Win/macOS/Linux],https://www.appinn.com/mob-ximalaya-fm-client/,2019/05/14,9
568,Bookmarking for Github – 给你的 Github 添加一个「带标签的书签」功能 [Chrome/Android],https://www.appinn.com/bookmarking-for-github/,2017/05/15,8
569,洁癖爱好者必备，帮你清理那些冗长的链接地址 [小书签],https://www.appinn.com/bookmarket-taobao-url/,2017/05/14,8
570,Shakepay – 用「比特币」购买一张可以消费的信用卡[Android],https://www.appinn.com/shakepay/,2016/11/29,8
571,Google Art Project – 让博物馆进入新标签页[Chrome],https://www.appinn.com/google-art-project-chrome/,2015/03/13,8
572,MindMapr – 离线版思维导图软件,https://www.appinn.com/mindmapr/,2011/12/21,8
573,CCleaner 专业版新增「软件批量更新」功能[Windows],https://www.appinn.com/ccleaner-pro-software-updater/,2019/03/15,8
574,[双11]设计师必备，素材管理、图片收藏工具：Eagle,https://www.appinn.com/eagle-20191111/,2019/11/05,8
575,所见即所得的开源跨平台 Markdown 编辑器,https://www.appinn.com/wysiwyg-markdown-editor/,2019/10/06,8
576,怀旧党：三国志 连招辅助工具[Kawaks 接机模拟器],https://www.appinn.com/winkawaks-sanguo-assist/,2019/09/15,8
577,AccessURL – 无需用户名密码，分享你的网络账号[Chrome],https://www.appinn.com/accessurl-for-chrome/,2016/10/17,8
578,Darkness – 漂亮的夜晚模式主题[Chrome],https://www.appinn.com/darkness-beautiful-dark-t/,2016/07/13,8
579,WeChat-Shelter – 将微信网页版伪装成有道云笔记[Chrome],https://www.appinn.com/wechat-shelter/,2019/05/27,8
580,Traymond – 支持 Windows 10 的窗口最小化至系统托盘工具,https://www.appinn.com/traymond/,2017/08/01,8
581,在移动设备上玩 PC 游戏！真的要这样么？,https://www.appinn.com/moonlight-game-streaming/,2017/06/21,8
582,Email + IM，YoMail Group 让邮件像聊天一样自如,https://www.appinn.com/yomail-group-email-im/,2017/06/02,8
583,"万彩手影大师 – 自媒体(抖音,快手等)动画视频制作软件，送3000个特别版",https://www.appinn.com/wancai-shouying-201912/,2019/12/17,8
584,Cloaker – 简单的文件加密、解密工具[Win/macOS/Linux],https://www.appinn.com/cloaker-simple-password-based-file-encryption/,2019/11/20,8
585,微软车库新品：Photos Companion「从手机发送照片到 Win 10，最简单」,https://www.appinn.com/photos-companion/,2018/02/19,8
586,Windows 下如何固定 U 盘的盘符？,https://www.appinn.com/how-to-set-the-usb-drive-letter/,2019/04/19,8
587,Zoho Notebook for Windows 发布，免费的跨平台云笔记,https://www.appinn.com/zoho-notebook-for-windows/,2019/03/28,8
588,面对电脑的时间有点多，求桌面宠物,https://www.appinn.com/ppet-desktop-pet/,2020/01/22,8
589,音乐相册视频制作软件：万彩影像大师，送特别版会员,https://www.appinn.com/wancai-yingxiang/,2020/01/02,8
590,Xodo PDF – 跨平台的 PDF 阅读、标注与多人协作工具 [iOS/Android],https://www.appinn.com/xodo-pdf/,2017/10/22,8
591,给 Chrome 添加 OK Google 语音搜索功能,https://www.appinn.com/ok-google-for-chrome/,2013/11/29,8
592,Link Grabber – 批量提取并复制网页里的各种链接 [Chrome],https://www.appinn.com/link-grabber/,2018/08/19,8
593,Dark Reader – 黑暗主题，为每一个网站启用夜间模式[Chrome/Firefox],https://www.appinn.com/dark-reader/,2018/06/22,8
594,Xodo PDF – 跨平台的 PDF 阅读、标注与多人协作工具 [iOS/Android],https://www.appinn.com/xodo-pdf/,2017/10/22,8
595,UninstallView – NirSoft 新工具：程序卸载管理器,https://www.appinn.com/uninstallview-nirsoft/,2017/05/04,8
596,ScreenToGif – 屏幕，摄像头和画板录像机，还带有一个编辑器[Windows 精选],https://www.appinn.com/screentogif/,2018/11/12,8
597,求一个脱离鼠标仍可网页自动向下滚动的 Chrome 插件,https://www.appinn.com/automatic-scrolling-tabs-for-chrome/,2019/01/17,8
598,豆瓣电影评级 – 在「豆瓣电影」页面显示 MPAA 评级（是否限制级）[Chrome],https://www.appinn.com/douban-movie-mpaa/,2018/03/20,8
599,「简悦」离它的小目标只差一步了，为你提供沉浸式的 Chrome 阅读体验,https://www.appinn.com/simpread-reader-view-1-1/,2018/01/20,8
600,闲鱼搜索框 – 帮你「找回」闲鱼网页版搜索框[Chrome],https://www.appinn.com/xianyu-search-box/,2017/12/04,8
601,麋鹿精选 – 精选搜狐号（微信公众号）聚合阅读，上班划水增强见闻 [macOS/Win],https://www.appinn.com/elk-selection-weixin-reader/,2017/09/09,8
602,Stream Recorder – 录制直播、网课等 m3u8 + TS 视频 [Chrome],https://www.appinn.com/stream-recorder-for-chrome/,2018/11/18,8
603,Hyperlink – 实时监控链接：当你的链接被打开时，获得手机实时推送通知[iPhone/Android],https://www.appinn.com/hyperlink-real-time-push-notifications/,2019/10/31,8
604,Toast – 分组打包多标签页，节省资源[Chrome/Safari],https://www.appinn.com/toast-for-chrome-and-safari/,2019/08/26,8
605,Swipes – 略有新鲜感任务管理应用[iOS/Android/Mac/Web],https://www.appinn.com/swipes/,2016/03/21,8
606,My Study Life – 课程表、任务、考试时间表[iPhone/Android/WP/Chrome/Web],https://www.appinn.com/my-study-life/,2015/11/02,8
607,防沉迷，治愈那些「停不下来」访问的网站,https://www.appinn.com/space-by-dopamine-labs/,2017/04/02,7
608,小工具：视频大小、视频码率换算器[Windows],https://www.appinn.com/video-data-rate-windows/,2020/03/29,7
609,Aerial Views PREMIUM – 很多人要的微软漂亮主题：从空中看到的田野、农场、山水,https://www.appinn.com/aerial-views-premium-for-win10-theme/,2020/03/14,7
610,制作炫酷动画 PPT 的软件 – Focusky 送3000个 特别版激活码,https://www.appinn.com/focusky-202003/,2020/03/11,7
611,OneDrive 个人保管库上线，在网盘中二次加密保存重要文件,https://www.appinn.com/personal-vault-one-drive/,2019/10/02,7
612,快速制作动画视频的软件 – 万彩动画大师送 3000 个激活码，抢完即止！,https://www.appinn.com/wancai-gift-201909/,2019/09/19,7
613,Win10 WiFi 密码查询工具 – 查询「连接过的」Wi-Fi 密码,https://www.appinn.com/win10-wifi-password-find/,2018/05/27,7
614,Cuffing Season – 自动删除指定网站的浏览历史纪录[Chrome],https://www.appinn.com/cuffing-season/,2016/05/16,7
615,Chrome 75 正式发布，新增阅读模式,https://www.appinn.com/chrome-75-reader-mode/,2019/06/06,7
616,离线可用，用 Chrome 直接查看和编辑 Word、Excel、PPT 文档,https://www.appinn.com/office-editing-for-docs-sheets-and-slides/,2019/04/23,7
617,Software removal tool – 扫描并删除影响 Chrome 的恶意程序[Win],https://www.appinn.com/software-removal-tool-for-chrome/,2014/09/15,7
618,TimeDoser – 醒目的番茄时钟[Chrome],https://www.appinn.com/timedoser-for-chrome/,2014/09/06,7
619,"VideoSrt – 自动识别,为视频生成中英字幕[Win 开源]",https://www.appinn.com/videosrt-for-windows/,2019/12/20,7
620,FalconX – 居中显示任务栏图标[Windows],https://www.appinn.com/falconx-for-windows/,2019/12/04,7
621,Douban2Piratebay – 豆瓣电影辅助「海盗湾」油猴脚本,https://www.appinn.com/douban2piratebay/,2017/05/28,7
622,Tern – 字幕组机翻小助手：自动翻译英文字幕为中英双语字幕[Win/macOS],https://www.appinn.com/tern-subtitle-file-translator/,2020/01/12,7
623,AHA Music – 识别浏览器正在播放的是什么音乐 [Chrome],https://www.appinn.com/aha-music/,2017/08/22,7
624,Writebox – 在线编辑网盘文件[Chrome],https://www.appinn.com/writebox/,2014/01/24,7
625,Curie – 带有坐姿示范的浏览器工作与休息提醒扩展 [Chrome],https://www.appinn.com/curie-for-chrome/,2018/07/02,7
626,FacePause – 监测到你没看视频时，自动帮你暂停播放 YouTube [Chrome],https://www.appinn.com/facepause-for-chrome/,2018/06/01,7
627,ShowMore – 支持标注的屏幕录制工具 [Windows/macOS],https://www.appinn.com/showmore/,2017/11/03,7
628,「悦书PDF阅读器」@milky 使用体验,https://www.appinn.com/yueshu-pdf/,2017/10/17,7
629,[Chrome]Attachment Icons for Gmail – 预览附件类型,https://www.appinn.com/attachment-icons-for-gmail/,2012/08/11,7
630,File Note – 在 Windows 里为「任意文件添加自定义备注」,https://www.appinn.com/file-note-for-windows/,2017/05/02,7
631,KeePass 与 Fastcopy 的最新中文语言包,https://www.appinn.com/keepass-and-fastcopy-lang-cn/,2017/04/30,7
632,Oracle VM VirtualBox 6.0 非官方简体中文语言包,https://www.appinn.com/virtualbox-6-cn/,2018/12/27,7
633,为网页上的视频添加倍速、快进、回放功能，0.07～16 倍 [Chrome/Firefox],https://www.appinn.com/video-speed-controller/,2018/12/19,7
634,Tab Notes – 在新标签页快速记录任何内容，临时笔记工具[Chrome/Firefox],https://www.appinn.com/tab-notes-for-chrome-and-firefox/,2019/08/14,7
635,这里那里 – 跨越 Chrome 的多标签页，自动填写输入框,https://www.appinn.com/here-there-for-chrome/,2016/11/29,6
636,用 Flickr 分頁继续折腾 Chrome 的新标签页,https://www.appinn.com/flickr-tab-for-chrome/,2015/03/20,6
637,QuickMark QRCode – 可以批量扫描的二维码应用[iOS/Android/Chrome],https://www.appinn.com/quickmark-qrcode/,2015/01/26,6
638,加速 Aria2 下载，bt-tracker自动更新脚本[Windows],https://www.appinn.com/aria2-bt-tracker-script/,2019/02/28,6
639,Hve Notes – 一个静态博客写作客户端[Win/macOS],https://www.appinn.com/hve-notes/,2019/02/16,6
640,Mochi – 支持 Anki 的间隔重复提醒记忆卡片工具[Win/macOS/Linux],https://www.appinn.com/mochi/,2019/11/05,6
641,CrystalDiskMark 7 发布，更萌的硬盘检测工具[Windows],https://www.appinn.com/crystaldiskmark-7/,2019/11/03,6
642,将 PDF 转换为 Word 只是 万兴PDF专家 的一个小功能,https://www.appinn.com/wanxiang-pdf/,2019/10/24,6
643,FTool – 基于 Electron 开发的开发工具箱 [Windows],https://www.appinn.com/ftool-for-windows/,2018/05/23,6
644,GeoGebra – 比几何画板强的图形计算器[跨平台],https://www.appinn.com/geogebra/,2016/10/10,6
645,Beat Finder – 帮你识别网页中播放的音乐[Chrome],https://www.appinn.com/beat-finder-for-chrome/,2016/09/12,6
646,NoScript 发布 Chrome 版本，默认禁用 JavaScript、Java、Flash 以保护用户浏览器安全,https://www.appinn.com/noscript-for-chrome/,2019/04/16,6
647,Remote Volume Controller – 远程音量调节工具[Windows],https://www.appinn.com/remote-volume-controller-for-windows/,2019/12/23,6
648,还有 25 天，文本编辑与比较工具 UltraEdit 和 UltraCompare 将取消中国特惠，这是你最后的机会,https://www.appinn.com/ultraedit-and-ultracompare-lz/,2018/01/16,6
649,小风翻译助手 – 英中互译，快速翻译工具[Windows],https://www.appinn.com/xiaofeng-translate-assistant/,2019/04/07,6
650,Berrycast – 屏幕录制分享工具[Windows/macOS],https://www.appinn.com/berrycast/,2020/02/09,6
651,B 站辅助：哔哩哔哩弹幕过滤器 – 合并短时间内的「海量弹幕」[Chrome/Firefox],https://www.appinn.com/pakku-bilibili-for-chrome/,2017/10/25,6
652,Cato – 开源「命令行式」浏览器启动器 [Chrome / Opera],https://www.appinn.com/cato-cliffordfajardo/,2017/09/25,6
653,表情帝 – 给 QQ 空间添加更多表情[Chrome],https://www.appinn.com/bqd-for-qq-zone/,2014/05/21,6
654,能够编辑与转换 PDF 格式的「文电通PDF套装版4 」有特价活动啦,https://www.appinn.com/gaaiho-promo201711/,2017/12/11,6
655,微软官方全新 Microsoft Remote Desktop 10 远程桌面已经上架 [macOS],https://www.appinn.com/microsoft-remote-desktop-10/,2017/11/30,6
656,从谷歌图片搜索引擎直接下载原图 [Chrome],https://www.appinn.com/view-or-download-google-images-for-chorme/,2018/08/12,6
657,快抖 – 在 Chrome 上看抖音视频，不过可能只是个快捷方式，支持火山、快手,https://www.appinn.com/kuaidou-for-chrome/,2018/07/12,6
658,OotD – 将 Outlook 嵌入桌面 [Windows],https://www.appinn.com/outlook-on-the-desktop-2/,2017/05/23,6
659,Fieldwire – 专为「施工现场」设计的图纸、项目管理平台,https://www.appinn.com/fieldwire/,2017/05/22,6
660,让 Windows 图片查看器支持 WebP 图片格式,https://www.appinn.com/webp-codec-for-windows/,2019/01/18,6
661,BigType – 在输入文字时短暂显示放大镜[Windows],https://www.appinn.com/bigtype-for-windows/,2019/01/03,6
662,夜间眼睛 – 为任意网站启用夜晚模式[Chrome/Firefox/Edge/Safari/Opera],https://www.appinn.com/night-eye/,2019/01/26,6
663,工具喵 – 开发者常用工具（Unix 时间戳、JSON 格式化、URL 编码/解码等）[Chrome],https://www.appinn.com/toolcat-for-chrome/,2017/12/25,6
664,Just Focus – 简单的专心工具，屏蔽指定网站并记录专心时间 [Chrome],https://www.appinn.com/just-focus-for-chrome/,2018/11/07,6
665,违禁词检查 – 检查网页中可能违反「新广告法」的描述，支持 OCR [Chrome],https://www.appinn.com/weijinci-check-chrome/,2018/11/05,6
666,Nothing on the Internet – 一个“反叛”的浏览器扩展 [Chrome/Safari],https://www.appinn.com/nothing-on-the-internet/,2018/11/03,6
667,WinMute – 在锁屏或屏保启动时静音[Win],https://www.appinn.com/winmute-for-windows/,2020/05/15,6
668,"万彩手影大师 – 自媒体(抖音,快手等)动画视频制作软件，送3000个特别版",https://www.appinn.com/wancai-shouying-2005/,2020/05/07,6
669,Steam for Linux – 在 Linux 上玩 Windows 独占游戏,https://www.appinn.com/steam-for-linux-proton/,2018/08/22,6
670,Krisp – 在通话时，双向背景杂音主动降噪[Windows/macOS],https://www.appinn.com/krisp/,2019/06/15,6
671,Mute Tab Shortcuts – 用快捷键让 Chrome 标签页静音,https://www.appinn.com/mute-tab-shortcuts-for-chrome/,2015/10/14,6
672,新浪微博之我要看大图 – 一键看大图 [Chrome / 油猴脚本],https://www.appinn.com/weibo-big-pictures/,2017/05/10,5
673,Gmail Sender Icons – 给 Gmail 邮件列表添加网站图标 [Chrome],https://www.appinn.com/gmail-sender-icons/,2017/02/19,5
674,"Rename Email – 修改已收到邮件的标题[Chrome,Gmail]",https://www.appinn.com/rename-email/,2017/01/20,5
675,JianPu Easy Trans – 基于图像识别的简谱转调工具 [Windows],https://www.appinn.com/jianpu-easy-trans/,2018/06/16,5
676,Gource – 可视化 Git、SVN 的提交历史，生成酷炫的动画效果 [Windows],https://www.appinn.com/gource/,2018/06/07,5
677,OneKBlock – 一键拉黑为微博评论点赞的用户[Chrome],https://www.appinn.com/onekblock-for-weibo/,2019/06/08,5
678,Github Feel Good – 一键盘让你的 GitHub 拥有海量 Star 和 Fork,https://www.appinn.com/github-feel-good/,2019/04/25,5
679,Dragdis – 拖拽收集灵感到边栏[Chrome],https://www.appinn.com/dragdis/,2014/12/02,5
680,Mic Note – 录音笔记本[Chrome],https://www.appinn.com/mic-note-for-chrome/,2014/10/03,5
681,U 盘 – 带历史记录的 U 盘接管工具 [Windows],https://www.appinn.com/usb-flash-drive-for-windows/,2018/07/24,5
682,ARTPIP – 每天一幅杰作，将桌面变成艺术画廊，支持放大效果 [Win/macOS],https://www.appinn.com/artpip-wallpaper/,2017/08/03,5
683,PARAGON 磁盘管理工具 25 周年纪念版限免，原价389元,https://www.appinn.com/paragon-hdm-25-anniversary/,2019/12/02,5
684,如何在 Chrome 地址栏快速显示 HTTPS 证书信息,https://www.appinn.com/how-to-display-https-certificates-in-chrome-address/,2017/08/01,5
685,Rocket Dashboard – 将 Chrome 新标签页变成「个人数据」处理中心,https://www.appinn.com/rocket-dashboard/,2017/07/31,5
686,ShadowBid – 帮你监控海淘 Amazon 价格，降价后自动下单 [Chrome / iPhone],https://www.appinn.com/shadowbid/,2017/06/13,5
687,快速制作动画视频的软件 – 万彩动画大师送 3000 个激活码，抢完即止！,https://www.appinn.com/wancai-donghua-202001/,2020/01/16,5
688,【蛋疼小工具】宽带英雄 – 帮你在使用「热点」时节省流量 [Chrome/Firefox],https://www.appinn.com/bandwidth-hero/,2017/11/10,5
689,哈哈哈哈哈，给 Chrome 设备添加个开机音乐（Win / Ubuntu / macOS 系列）,https://www.appinn.com/startup-sound-for-chromebook/,2017/09/29,5
690,Steward – Chrome 里的 Alfred，快速启动应用、管理扩展,https://www.appinn.com/steward-chrome/,2017/09/24,5
691,Incognito This Tab – 一键用「隐身模式」打开当前标签页网页 [Chrome],https://www.appinn.com/incognito-this-tab/,2017/09/17,5
692,一叶 – 与浏览同一个网页的人实时聊天，发弹幕[Chrome],https://www.appinn.com/yiye-for-chrome/,2019/12/25,5
693,小微 – 备份每一条微博[Chrome],https://www.appinn.com/xiaowei-weibo-backups-for-chrome/,2019/12/18,5
694,uBlacklist – 从搜索结果中移除不喜欢的内容[Chrome/Firefox],https://www.appinn.com/ublacklist/,2019/12/13,5
695,Rats on The Boat – 自带搜索引擎的 BT 下载工具[Win/macOS/Linux],https://www.appinn.com/rats-on-the-boat/,2018/12/06,5
696,最强上班摸鱼工具 Thief-Book 3.0 发布，新增股票价格监控、 Mac 下 Touch Bar 模式,https://www.appinn.com/thief-book-3-0/,2019/09/04,5
697,Rooster for Chrome™ – 统计所有网站的浏览时间，并提醒你逛「某些网站」超时了,https://www.appinn.com/rooster-for-chrome/,2018/05/12,5
698,Google Earth Studio – Google 官方发布用「卫星图像」制作动画视频工具,https://www.appinn.com/google-earth-studio/,2018/12/09,5
699,Dualsub – 让 YouTube 同时显示两种语言字幕[Chrome/Firefox],https://www.appinn.com/dualsub-display-dual-subtitles/,2019/07/17,5
700,QFD 质量功能展开 – 一个免费的质量功能展开软件[Windows],https://www.appinn.com/quality-function-deployment/,2019/06/10,5
701,Death Clock – 温柔的提醒，短暂的生活 [Chrome],https://www.appinn.com/death-clock-for-chrome/,2017/04/21,4
702,"IntelliOcto – 为 GitHub, GitLab and Bitbucket 提供 IntelliSense 功能 [Chrome]",https://www.appinn.com/intelliocto-for-chrome/,2017/04/14,4
703,Dmail – 让 Gmail 可以发送自毁邮件[Chrome],https://www.appinn.com/dmail-for-chrome/,2015/08/04,4
704,番茄计时器 – 可离线使用的 Chrome 番茄计时器,https://www.appinn.com/pomodoro-timer-chrome/,2014/12/20,4
705,SteamShutdown – Steam 游戏下载完成后自动关机 [Windows],https://www.appinn.com/steamshutdown-for-windows/,2019/02/13,4
706,如何自动替换周报中的部分内容？针对 Office 文档,https://www.appinn.com/xclwinkits/,2019/10/12,4
707,Pokemon NO! – 屏蔽一切和《精灵宝可梦GO》有关的消息[Chrome],https://www.appinn.com/pokemon-no/,2016/07/14,4
708,DuckieTV – 电视剧日历及下载工具[Win/Mac/Linux],https://www.appinn.com/duckietv/,2016/05/31,4
709,Save Pinned Tabs – 保存 Chrome 当前固定标签页、分组、同步,https://www.appinn.com/save-pinned-tabs-for-chrome/,2019/03/15,4
710,Point – 网页在线实时分享与讨论[Chrome],https://www.appinn.com/point-for-chrome/,2014/09/03,4
711,DashNotes – 把新标签页变成便签[Chrome],https://www.appinn.com/dashnotes-for-chrome/,2014/08/30,4
712,一家亲，Ubuntu 正式登录 Windows 应用商店,https://www.appinn.com/ubuntu-in-windows-store/,2017/07/12,4
713,CatGate – 基于浏览器的数据抓取工具 [Chrome],https://www.appinn.com/catgate-for-chrome/,2017/07/04,4
714,「台湾华文电子书库」辅助，PDF 下载扩展 [Chrome],https://www.appinn.com/taiwan-ebooks-downloader/,2017/05/31,4
715,单机游戏大作《辐射4》（Fallout 4）限时 5 折优惠中，仅需 49 元,https://www.appinn.com/fallout-4-bundle/,2017/11/27,4
716,PinDown Free – 批量从 Pinterest/Instagram/Tumblr 下载完整尺寸大图 [Chrome],https://www.appinn.com/pindown-free/,2018/09/22,4
717,如何在 Chrome 里使用快捷键打开网址？用 Clavier+ 创建快捷键,https://www.appinn.com/clavier-plus/,2020/04/02,4
718,[蛋疼小工具系列] winkill – 「点一下」就屏蔽 Win 键,https://www.appinn.com/winkill/,2017/10/29,4
719,我到底看了多长时间的在线视频？,https://www.appinn.com/how-long-did-i-watch-online-video/,2019/02/10,4
720,Dmooji 弹幕君 – 让 YouTube 支持弹幕，神奇的是…居然有很多弹幕 [Chrome],https://www.appinn.com/dmooji-live-comments-danm-for-chrome/,2019/01/29,4
721,Clearly – 支持语音朗读的 Chrome 阅读模式,https://www.appinn.com/clearly-for-chrome/,2018/12/29,4
722,Lunacy – 终于，可以在 Windows 下打开 .Sketch 文件了,https://www.appinn.com/lunacy-sketch-for-windows/,2018/03/23,4
723,把 Windows Defender 装进 Chrome 这招行不行？,https://www.appinn.com/windows-defender-browser-protection/,2018/04/19,4
724,HEIF 实用工具 – 在 Windows 上查看/转换「新 iPhone」上的新照片格式,https://www.appinn.com/heif-utility/,2017/10/10,4
725,CCleaner 遭植入后门后，发布使用新数字签名的 5.35 版本,https://www.appinn.com/ccleaner-5-35/,2017/09/21,4
726,《帝国时代：终极版》4K 重制版开始接受预定 [Windows 10],https://www.appinn.com/age-of-empires-definitive-edition/,2017/08/24,4
727,WebSatchel – 捕捉和保存网页，支持标记的在线书签服务 [浏览器],https://www.appinn.com/websatchel/,2018/11/30,4
728,Sticky Notes – 添加便签，将内容「粘」在网页上 [Chrome],https://www.appinn.com/sticky-notes-for-chrome/,2018/11/21,4
729,如何保存豆瓣文章到印象笔记,https://www.appinn.com/how-to-save-the-douban-article-to-evernote/,2019/06/30,4
730,"SageThumbs – 在右键菜单预览图片，并可预览 AI, PS, EPS, PDF 缩略图[Win]",https://www.appinn.com/sagethumbs-for-windows/,2020/04/17,4
731,G-calize – 给谷歌日历添加背景颜色[Chrome],https://www.appinn.com/g-calize/,2013/07/04,3
732,Sunshine.fyi – 今日份阳光还有 4 个小时[Web/Chrome],https://www.appinn.com/sunshine-fyi/,2019/04/25,3
733,SkyD Regex -「正则表达式」验证工具 [Windows],https://www.appinn.com/skyd-regex-uwp/,2017/06/07,3
734,设屐师 – 鞋子前期设计工具？,https://www.appinn.com/madebyall/,2017/06/06,3
735,VNote – 更了解程序员和 Markdown 的笔记软件 [Win/macOS/Linux],https://www.appinn.com/vnote/,2018/01/30,3
736,应用好不好先看包装，Mustsee 带你发现世界上最美丽的地方,https://www.appinn.com/mustsee-earth/,2017/07/20,3
737,Smart TOC – 为网页内容自动生成目录 [Chrome],https://www.appinn.com/smart-toc-for-chrome/,2017/07/18,3
738,Tabagotchi by Breather – 标签页越少，效率越高，越快乐 [Chrome],https://www.appinn.com/tabagotchi-by-breather/,2017/09/01,3
739,Mark One – 为 YouTube、B 站做视频笔记、备注 [Chrome],https://www.appinn.com/mark-one-for-chrome/,2018/08/24,3
740,Favioli – 使用 Emoji 替换 Chrome 浏览器的网页图标 Favicon,https://www.appinn.com/favioli/,2018/07/29,3
741,Time Progress – 在新标签页显示时间进度条[Chrome],https://www.appinn.com/time-progress-for-chrome/,2020/01/06,3
742,比 PPT 简单有趣的动画演示制作软件 Focusky 送特别版,https://www.appinn.com/focusky-201909/,2019/09/05,3
743,Copy All URL – 一键复制所有标签页网址[Chrome/Firefox],https://www.appinn.com/copy-all-url-for-chrome/,2019/02/23,3
744,Qlearly – 用横向看板的方式管理书签和很多的标签页[Chrome/Firefox],https://www.appinn.com/qlearly/,2019/01/31,3
745,如何获取「科学文献 & 学术论文」并使用 Sci-Hub 下载全文,https://www.appinn.com/scihub-desktop-3-3/,2018/05/17,3
746,DeletionTool – 用来删除「特殊字符」造成非法路径，或正在使用的文件/文件夹 [Windows],https://www.appinn.com/deletiontool/,2017/09/20,3
747,RaterFox – 「新标签页」显示最流行的电影、电视剧海报[Chrome],https://www.appinn.com/raterfox-movie-and-tv-for-chrome-new-tabs/,2018/12/22,3
748,Todon’t – 记录你「不要做」的事情[Chrome 新标签页/iOS],https://www.appinn.com/the-todont-list/,2018/11/08,3
749,CloseMyTabs – 帮你筛选并关闭打开很久的标签页[Chrome],https://www.appinn.com/closemytabs-for-chrome/,2019/07/15,3
750,Print.Test.Page.OK – 帮你测试打印机，更专业的打印测试页工具[Windows],https://www.appinn.com/print-test-page-ok/,2020/05/16,3
751,歌词助手 – UWP 上的极简歌词获取工具,https://www.appinn.com/lyric-fetche-for-uwp/,2019/07/03,3
752,Linkclump – 批量打开多个链接[Chrome],https://www.appinn.com/linkclump-for-chrome/,2016/04/06,3
753,Force Block: 防止被《星球大战》剧透[Chrome],https://www.appinn.com/force-block-the-star-wars-spoiler-blocker/,2015/12/16,3
754,小推Weitweet – 一键分享网页与抓取网页图片至微博与 Twitter [Chrome],https://www.appinn.com/weitweet-for-chrome/,2017/03/21,2
755,「疫情期间线上宣传工具」短视频动画制作软件 – 万彩动画大师赠送激活码,https://www.appinn.com/wancai-donghua-202002/,2020/02/24,2
756,EaseUS 三款产品 5 折优惠：数据恢复、备份、分区管理[Windows],https://www.appinn.com/easeus-2019-off-50/,2019/03/18,2
757,Reach – 将你的「每月目标」显示在新标签页上[Chrome],https://www.appinn.com/reach-for-chrome/,2016/06/10,2
758,Draftback – 回放 Google Doc 历史记录[Chrome],https://www.appinn.com/draftback-play-google-doc-hisotry-for-chrome/,2014/11/16,2
759,Gyazo – 可以分享「动态屏幕」的截图分享工具 [Windows/macOS/Linux],https://www.appinn.com/gyazo/,2018/01/22,2
760,Zapsnap – 无需图床，基于浏览器 P2P 的截图分享应用 [macOS],https://www.appinn.com/zapsnap/,2017/07/24,2
761,单词小卡片 & 沙拉查词，在 Chrome 上划词翻译、收集、背单词的扩展,https://www.appinn.com/word-search-translate/,2017/11/24,2
762,Wakelet – 像 Pinterest 一样收藏与分享灵感,https://www.appinn.com/wakelet/,2017/09/23,2
763,Auslogics Browser Care – 浏览器清理助手,https://www.appinn.com/auslogics-browser-care/,2013/11/25,2
764,Tabpin – 分组管理你的浏览器「固定标签页」[Chrome/Firefox],https://www.appinn.com/tabpin-for-chrome-firefox/,2018/09/08,2
765,深蓝英文字幕助手 – 为电影「字幕」中不认识的单词添加注释 [Windows 精选],https://www.appinn.com/learn-english-by-subtitle/,2017/10/31,2
766,色彩专家 – 专业的色彩设计 UWP 应用,https://www.appinn.com/ui-color-for-uwp/,2019/07/14,2
767,Karma – 会自动追踪网址的习惯养成、打卡应用[Chrome],https://www.appinn.com/karma-habit-tracker/,2019/02/20,2
768,30k – 数着日子，生命倒计时[Chrome],https://www.appinn.com/30k-for-chrome/,2018/12/29,2
769,Intel® ARK – 全套官方 英特尔® 产品信息，包括 CPU、芯片组等 [iOS/Android],https://www.appinn.com/intel-ark/,2018/03/25,2
770,Github User Rank – 在著名「交友网站」显示不同编程语言的用户排名 [Chrome/Firefox],https://www.appinn.com/github-user-rank/,2018/04/02,2
771,如何在 Chrome 中最方便的「自动时区转换」？,https://www.appinn.com/my-time-zone-automatic-ti/,2018/01/24,2
772,Gyazo – 可以分享「动态屏幕」的截图分享工具 [Windows/macOS/Linux],https://www.appinn.com/gyazo/,2018/01/22,2
773,Yet Another Weibo Filter – 微博关键词、话题、作者过滤工具,https://www.appinn.com/yet-another-weibo-filter/,2018/11/23,2
774,摸鱼阻止器 – 当摸鱼时间过长，网页就会逐渐变淡，直至消失,https://www.appinn.com/you-see-it-too-long-time/,2019/11/07,2
775,ClearURLs – 自动删除 URL 中跟踪字段[Chrome/Firefox],https://www.appinn.com/clearurls-for-chrome-and-firefox/,2019/08/02,2
776,及目蜗牛 – 屏幕放大镜，适合大屏幕、远距离使用 [Windows],https://www.appinn.com/jimuwoniu/,2018/09/10,2
777,GMass – 用 Gmail 定制发送批量邮件[Chrome],https://www.appinn.com/gmass-with-gmail-for-chrome/,2015/09/05,2
778,Snow Sculptures – 14 幅图像的 Windows 10 冬日雪景主题，微软官方主题,https://www.appinn.com/snow-sculptures-mswintheme/,2019/12/11,1
779,"如何用 PotPlayer 的书签功能,标记并检索视频课程的知识点",https://www.appinn.com/potplayer-bookmark-learning/,2019/12/09,1
780,制作炫酷动画 PPT 的软件 – Focusky 送3000个 特别版激活码,https://www.appinn.com/focusky-1911/,2019/11/26,1
781,开源 Chrome 扩展：天气预报 + 空气质量，非得找一个理由才能用吗？,https://www.appinn.com/weatherforchrome/,2017/10/13,1
782,YMD聚合电影评分 – 聚合显示豆瓣、烂番茄、IMDb、Metascore 电影评分[Chrome/Edge],https://www.appinn.com/ymd-movie-score/,2020/05/13,1
783,用著名开源代码编辑器 Atom 的插件 Teletype 实现「多人实时编程」,https://www.appinn.com/code-together-in-real-time-with-teletype-for-atom/,2017/11/16,1
784,制作 Google Earth Studio 大片不求人，自己就能图片转视频,https://www.appinn.com/images-to-video-for-windows/,2019/01/23,1
785,TimeZonesView – Nirsoft 发布时区显示工具 [Windows],https://www.appinn.com/timezonesview/,2017/08/09,1
786,最近下载 – 分类管理 Chrome 下载页面,https://www.appinn.com/recent-downloads-for-chrome/,2018/11/27,1
787,关灯看视频 – 观看视频时自动调暗页面[跨浏览器],https://www.appinn.com/turnoffthelights-for-chrome/,2019/10/24,1
788,Chrome Better History – 为 Chrome 历史记录页面添加日历,https://www.appinn.com/chrome-better-history/,2019/08/06,1
789,EditThisCookie – cookie 管理器，可编辑、导入导出 cookie[Chrome],https://www.appinn.com/edit-this-cookie-for-chrome/,2019/08/03,1
790,viewZzz Tabs – 猜位置、添加旅行清单，风景照 Chrome 新标签页扩展,https://www.appinn.com/viewzzz-tabs-for-chrome/,2019/07/21,1
791,Microsoft Whiteboard – 来自微软的可以多人协作的「白板」工具 [iPad/iPhone/UWP],https://www.appinn.com/microsoft-whiteboard-for-ios-and-web/,2018/09/26,1
792,Notebook Web Clipper – Zoho Notebook 收集网页、文字、图片插件[Chrome],https://www.appinn.com/notebook-web-clipper/,2016/11/03,0
793,Fart Attack – 恶作剧：点击链接发出放屁的声音[Chrome],https://www.appinn.com/fart-attack-for-chrome/,2019/05/21,0
794,Icons8 – 高效优雅的图标库 [Web/Win/macOS],https://www.appinn.com/icons8/,2017/06/14,0
795,Crypti – 跨平台轻量级比特币（Bitcoin）实时报价小工具,https://www.appinn.com/crypti-bitcoin/,2017/06/10,0
796,如何快速删除「全部微博」「点赞」「粉丝」？,https://www.appinn.com/weibodangan-for-chrome/,2017/06/15,0
797,Auto BCC for Gmail – 再也不会忘记「密送」邮件了 [Chrome],https://www.appinn.com/auto-bcc-for-gmail/,2017/05/27,0
798,DevTodo – 在 Chrome 「开发者工具」中的 Todo 任务管理扩展,https://www.appinn.com/devtodo-for-chrome/,2018/11/21,0
799,Splash search – Unsplash 高级搜索扩展，可根据方向、颜色、亮度过滤结果[Chrome],https://www.appinn.com/splash-search-for-unsplash/,2019/09/18,0
