,title,url,date,intro
0,复仇者联盟3：无限战争 / Avengers: Infinity War,https://movie.douban.com/subject/24773958/,2018-04-23,2018-04-23(加州首映) / 2018-04-27(美国) / 2018-05-11(中国大陆) / 小罗伯特·唐尼 / 克里斯·海姆斯沃斯 / 克里斯·埃文斯 / 马克·鲁弗洛 / 乔什·布洛林 / 佐伊·索尔达娜 / 本尼迪克特·康伯巴奇 / 克里斯·帕拉特 / 汤姆·赫兰德 / 伊丽莎白·奥尔森 / 保罗·贝坦尼 / 斯嘉丽·约翰逊 / 查德维克·博斯曼 / 塞巴斯蒂安·斯坦 / 唐·钱德尔 / 汤姆·希德勒斯顿 / 安东尼·麦凯 / 本尼迪克特·王 / 戴夫·巴蒂斯塔 / 布莱德利·库珀 / 范·迪塞尔 / 凯伦·吉兰 / 利蒂希娅·赖特 / 庞·克莱门捷夫 / 凯莉·库恩 / 汤姆-沃恩-劳勒 / 海登·瓦尔希 / 迈克尔·詹姆斯·肖 / 泰瑞·诺塔里 / 本尼西奥·德尔·托罗 / 彼特·丁拉基 / 罗斯·马昆德 / 丹娜·奎里拉 / 温斯顿·杜克 / 弗洛伦丝·卡松巴 / 塞缪尔·杰克逊 / 雅各布·巴特朗 / 斯坦·李 / 格温妮斯·帕特洛 / 寇碧·史莫德斯 / 伊德里斯·艾尔巴 / 威廉·赫特 / 凯瑞·康顿 / 肖恩·古恩 / 莫妮卡·甘德顿 / 罗伯特·普拉尔戈 / 蒂凡尼·埃斯佩森 / 哈里森·奥斯特菲尔德 / 阿丽亚娜·格林布拉特 / 阿隆·拉扎尔 / 伊莎贝拉·阿玛拉 / 罗伯特·廷斯利 / 露西·卡罗尔 / 克里斯蒂娜·韦布林 / 马塔维乌斯·盖尔斯 / 美国 / marvel.com/avengers / 安东尼·罗素 / 乔·罗素 / 149分钟 / 复仇者联盟3：无限战争 / 动作 / 科幻 / 奇幻 / 冒险 / 杰克·科比 Jack Kirby / 克里斯托弗·马库斯 Christopher Markus / 斯蒂芬·麦克菲利 Stephen McFeely / 吉姆·斯特林 Jim Starlin / 英语
1,西虹市首富,https://movie.douban.com/subject/27605698/,2018-07-27,2018-07-27(中国大陆) / 沈腾 / 宋芸桦 / 张一鸣 / 张晨光 / 常远 / 魏翔 / 赵自强 / 九孔 / 李立群 / 王成思 / 徐冬冬 / 艾伦 / 杨皓宇 / 黄才伦 / 王力宏 / 包贝尔 / 郎咸平 / 张绍刚 / 杨文哲 / 陶亮 / 王赞 / 黄杨 / 刘鉴 / 杨沅翰 / 林炳宝 / 骆佳 / 陈昊明 / 臧一人 / 贾舒涵 / 迈克尔·J·吉拉普 / 蓝波儿 / 柴陆 / 中国大陆 / 闫非 / 彭大魔 / 118分钟 / 喜剧 / 闫非 Fei Yan / 彭大魔 Damo Peng / 林炳宝 Bingbao Lin / 汉语普通话
2,无名之辈,https://movie.douban.com/subject/27110296/,2018-11-16,2018-11-16(中国大陆) / 陈建斌 / 任素汐 / 潘斌龙 / 章宇 / 王砚辉 / 九孔 / 马吟吟 / 程怡 / 宁桓宇 / 邓恩熙 / 谢波 / 范翔 / 赵梓冲 / 史策 / 马睿瀚 / 林海 / 邓钢 / 尧十三 / 国义骞 / 周铨 / 中国大陆 / 饶晓志 / 108分钟 / 剧情 / 喜剧 / 饶晓志 Xiaozhi Rao / 雷志龙 Zhilong Lei / 汉语普通话 / 贵州话
3,无双 / 無雙,https://movie.douban.com/subject/26425063/,2018-09-30,2018-09-30(中国大陆) / 2018-10-04(中国香港) / 周润发 / 郭富城 / 张静初 / 冯文娟 / 廖启智 / 周家怡 / 王耀庆 / 方中信 / 高捷 / 邢佳栋 / 张松枝 / 张建声 / 吴嘉龙 / 孙佳君 / 林嘉华 / 梁健平 / 钟溥敏 / 安吉·阿维斯塔 / 中国大陆 / 中国香港 / 庄文强 / 130分钟 / 无双 / 剧情 / 动作 / 犯罪 / 悬疑 / 庄文强 Felix Chong / 汉语普通话 / 粤语 / 英语 / 泰语 / 波兰语
4,红海行动,https://movie.douban.com/subject/26861685/,2018-02-16,2018-02-16(中国大陆) / 张译 / 黄景瑜 / 海清 / 杜江 / 蒋璐霞 / 尹昉 / 王强 / 郭家豪 / 王雨甜 / 麦亨利 / 张涵予 / 王彦霖 / 蔡洁 / 任达华 / 李响 / 霍思燕 / 黄芬芬 / 于大伟 / 中国大陆 / 中国香港 / 林超贤 / 138分钟 / 动作 / 战争 / 冯骥 Ji Feng / 陈珠珠 Zhuzhu Chen / 林明杰 Eric Lin / 汉语普通话 / 阿拉伯语 / 英语 / 索马里语 / 粤语
5,头号玩家 / Ready Player One,https://movie.douban.com/subject/4920389/,2018-03-11,2018-03-11(西南偏南电影节) / 2018-03-29(美国) / 2018-03-30(中国大陆) / 泰伊·谢里丹 / 奥利维亚·库克 / 本·门德尔森 / 马克·里朗斯 / 丽娜·维特 / 森崎温 / 赵家正 / 西蒙·佩吉 / T·J·米勒 / 汉娜·乔恩-卡门 / 拉尔夫·伊内森 / 苏珊·林奇 / 克莱尔·希金斯 / 劳伦斯·斯佩尔曼 / 佩蒂塔·维克斯 / 艾萨克·安德鲁斯 / 图尔洛夫·科维里 / 内特·莫汗 / 露露·威尔逊 / 罗娜·莫里森 / 基特·康纳 / 杰登·福拉-奈特 / 麦肯娜·格瑞丝 / 丹尼尔·祖尔格哈德利 / 阿隆索·阿尔瓦雷斯 / 迈克尔·怀德曼 / 罗伯特·吉尔贝托 / 阿玛尼·杰克森 / 朱莉娅·尼克森 / 利蒂希娅·赖特 / 埃里克·西格蒙德森 / 雅各布·贝特兰德 / 美国 / 史蒂文·斯皮尔伯格 / 140分钟 / 头号玩家 / 动作 / 科幻 / 冒险 / 扎克·佩恩 Zak Penn / 恩斯特·克莱恩 Ernest Cline / 英语 / 日语 / 汉语普通话
6,昆池岩 / 곤지암,https://movie.douban.com/subject/26945085/,2018-03-28,2018-03-28(韩国) / 魏化儁 / 朴智炫 / 吴雅妍 / 文艺媛 / 朴成焄 / 刘帝允 / 李承旭 / 韩国 / 郑凡植 / 94分钟 / 昆池岩 / 恐怖 / 郑凡植 Baum-sik Jeong / 韩语
7,釜山行 / 부산행,https://movie.douban.com/subject/25986180/,2016-05-13,2016-05-13(戛纳电影节) / 2016-07-20(韩国) / 孔侑 / 郑有美 / 马东锡 / 金秀安 / 金义城 / 崔宇植 / 安昭熙 / 崔奎华 / 郑锡勇 / 艺秀晶 / 朴明申 / 张赫镇 / 禹都临 / 沈恩京 / 白仁权 / 南延佑 / 郑煐禥 / 李珠实 / 柳在勋 / 车清华 / 金在祿 / 金周宪 / 金旻錫 / 金永 / Han Sung-soo / 董允锡 / 延尚昊 / 郑西仁 / 金锦顺 / 金根英 / 韩国 / 延尚昊 / 118分钟 / 釜山行 / 动作 / 惊悚 / 灾难 / 延尚昊 Sang-ho Yeon / 韩语
8,阿凡达 / Avatar,https://movie.douban.com/subject/1652587/,2009-12-18,2009-12-18(美国) / 2010-01-04(中国大陆) / 萨姆·沃辛顿 / 佐伊·索尔达娜 / 西格妮·韦弗 / 史蒂芬·朗 / 米歇尔·罗德里格兹 / 吉奥瓦尼·瑞比西 / 乔·大卫·摩尔  / 希·庞德 / 韦斯·斯塔迪 / 拉兹·阿隆索 / 迪利普·劳 / 马特·杰拉德 / 肖恩·安东尼·莫兰 / 彼得·狄龙 / 詹姆斯·皮特 / 凯利·基尔戈 / 杰森·怀特 / 季冠霖 / 肖恩·帕特里克·墨菲 / 凯尔森·亨德森 / 大卫·范·霍恩 / 詹姆斯·霍纳 / 陆建艺 / 黛布拉·威尔逊 / 彼得·门萨 / 泰瑞·诺塔里 / 斯科特·劳伦斯 / 凯文·多曼 / 雅克布·托毛里 / 伍迪·舒尔茨 / 美国 / 英国 / www.avatarmovie.com / 詹姆斯·卡梅隆 / 162分钟 / 178分钟(加长版) / 阿凡达 / 动作 / 科幻 / 冒险 / 詹姆斯·卡梅隆 James Cameron / 英语 / 西班牙语
9,大侦探皮卡丘 / Pokémon Detective Pikachu,https://movie.douban.com/subject/26835471/,2019-05-10,2019-05-10(美国) / 2019-05-10(中国大陆) / 瑞恩·雷诺兹 / 贾斯蒂斯·史密斯 / 凯瑟琳·纽顿 / 克里斯·吉尔 / 比尔·奈伊 / 渡边谦 / 瑞塔·奥拉 / 苏琪·沃特豪斯 / 卡兰·索尼 / 普莉安卡·伯福德 / 乔丹·朗 / 贝恩·科拉科 / 卡迪夫·克尔万 / 奥马尔·查帕罗 / 伯纳多·桑托斯 / 大谷育江 / 露丝·霍洛克斯 / 丹尼尔·厄根 / 贾格·帕特尔 / 查利·蕾娅·埃斯奎尔 / 黛博拉·洛克 / 所罗门·塔伊沃·贾斯提费尔德 / 尼克·欧文福特 / 凯文·马塔迪恩 / 迪柏洛 / 竹内凉真 / 雷佳音 / 美国 / 日本 / 英国 / 加拿大 / www.detectivepikachumovie.net / 罗伯·莱特曼 / 104分钟 / 大侦探皮卡丘 / 喜剧 / 动画 / 奇幻 / 冒险 / 丹·埃尔南德斯 Dan Hernandez / 罗伯·莱特曼 Rob Letterman / 德里克·康纳利 Derek Connolly / 尼科尔·帕尔曼 Nicole Perlman / 英语
10,复仇者联盟4：终局之战 / Avengers: Endgame,https://movie.douban.com/subject/26100958/,2019-04-24,2019-04-24(中国大陆) / 2019-04-26(美国) / 小罗伯特·唐尼 / 克里斯·埃文斯 / 马克·鲁弗洛 / 克里斯·海姆斯沃斯 / 斯嘉丽·约翰逊 / 杰瑞米·雷纳 / 保罗·路德 / 凯伦·吉兰 / 唐·钱德尔 / 布丽·拉尔森 / 布莱德利·库珀 / 泰莎·汤普森 / 汤姆·赫兰德 / 伊丽莎白·奥尔森 / 本尼迪克特·康伯巴奇 / 蒂尔达·斯文顿 / 格温妮斯·帕特洛 / 蕾妮·罗素 / 约翰·斯拉特里 / 查德维克·博斯曼 / 安东尼·麦凯 / 塞巴斯蒂安·斯坦 / 克里斯·帕拉特 / 汤姆·希德勒斯顿 / 佐伊·索尔达娜 / 丹娜·奎里拉 / 本尼迪克特·王 / 庞·克莱门捷夫 / 戴夫·巴蒂斯塔 / 利蒂希娅·赖特 / 伊万杰琳·莉莉 / 乔恩·费儒 / 海莉·阿特维尔 / 娜塔莉·波特曼 / 玛丽莎·托梅 / 塔伊加·维迪提 / 安吉拉·贝塞特 / 迈克尔·道格拉斯 / 米歇尔·菲佛 / 威廉·赫特 / 寇碧·史莫德斯 / 肖恩·古恩 / 温斯顿·杜克 / 琳达·卡德里尼 / 马克斯米利亚诺·赫尔南德斯 / 弗兰克·格里罗 / 真田广之 / 汤姆-沃恩-劳勒 / 詹姆斯·达西 / 雅各布·巴特朗 / 范·迪塞尔 / 罗伯特·雷德福 / 乔什·布洛林 / 塞缪尔·杰克逊 / 伊薇特·尼科尔·布朗 / 卡梅伦·布鲁姆布罗 / 蒂莫西·卡尔 / 凯瑞·康顿 / 迈克尔·A·库克 / 凯莉·库恩 / 艾玛·福尔曼 / 雷纳·加拉赫 / 丹妮拉·加斯基 / 郑肯 / 小弗洛伊德·安东尼·约翰 / 斯坦·李 / 罗斯·马昆德 / 布伦特·麦吉 / 迈克尔·皮耶里诺·米勒 / 卡兰·马尔韦 / 泰瑞·诺塔里 / 吉米·雷·皮肯斯 / 迈克尔·詹姆斯·肖 / 泰·辛普金斯 / 格雷格·蒂芬 / 艾娃·罗素 / 乔·罗素 / 玛丽亚·Z·威尔逊 / 本杰明·韦弗 / 劳尔·阿尔坎塔 / 雅各布·埃文斯 / 何塞·阿尔弗雷多·费尔南德斯 / 布伦特·莫雷尔·加斯金斯 / 安东尼·B·哈里斯 / 肖恩·麦克米伦 / 罗伯特·佩恩 / 麦克斯威尔·海史密斯 / 罗伯特·廷斯利 / 费斯·洛根 / 保罗·皮尔斯伯里 / 特拉维斯·汤普森 / 亚历珊德拉‧瑞秋·拉贝 / 贾迈尔·钱伯斯 / 张闻天 / 杰克逊·艾顿 / 美国 / www.marvel.com/movies/avengers-endgame / 安东尼·罗素 / 乔·罗素 / 181分钟 / 复仇者联盟4：终局之战 / 动作 / 科幻 / 奇幻 / 冒险 / 克里斯托弗·马库斯 Christopher Markus / 斯蒂芬·麦克菲利 Stephen McFeely / 斯坦·李 Stan Lee / 杰克·科比 Jack Kirby / 吉姆·斯特林 Jim Starlin / 英语 / 日语 / 科萨语
11,阿丽塔：战斗天使 / Alita: Battle Angel,https://movie.douban.com/subject/1652592/,2019-02-05,2019-02-05(中国台湾) / 2019-02-14(美国) / 2019-02-22(中国大陆) / 罗莎·萨拉查 / 克里斯托弗·瓦尔兹 / 基恩·约翰逊 / 艾德·斯克林 / 马赫沙拉·阿里 / 詹妮弗·康纳利 / 杰基·厄尔·哈利 / 拉娜·康多 / 小豪尔赫·兰登伯格 / 艾莎·冈萨雷斯 / 卡斯帕·凡·迪恩 / 米歇尔·罗德里格兹 / 爱德华·诺顿 / 杰夫·法赫 / 山姆·麦地那 / 德里克·梅耶斯 / 艾丽·拉蒙特 / 豪尔赫·A·希门尼斯 / 马克·扎罗 / 比利·布莱尔 / 伦纳德·吴 / 特里斯坦·里格斯 / 迈克尔·洛夫·托利弗 / 金 / 达塞尔·丹妮尔 / 马克·A·怀特 / 杰·科特尼 / 美国 / www.foxmovies.com/movies/alita-battle-angel / 罗伯特·罗德里格兹 / 122分钟 / 阿丽塔：战斗天使 / 动作 / 科幻 / 冒险 / 詹姆斯·卡梅隆 James Cameron / 莱塔·卡罗格里迪斯 Laeta Kalogridis / 木城幸人 Yukito Kishiro / 英语 / 西班牙语
12,流浪地球,https://movie.douban.com/subject/26266893/,2019-02-05,2019-02-05(中国大陆) / 屈楚萧 / 吴京 / 李光洁 / 吴孟达 / 赵今麦 / 隋凯 / 屈菁菁 / 张亦驰 / 杨皓宇 / 阿尔卡基·沙罗格拉茨基 / 李虹辰 / 杨轶 / 姜志刚 / 张欢 / 雷佳音 / 宁浩 / 刘慈欣 / 郭京飞 / 王智 / 张子贤 / 路阳 / 张宁 / 张小北 / 饶晓志 / 陶珞依 / 吴晓亮 / 龚格尔 / 郭帆 / 陈叶生 / 赵一龙 / 于文龙 / 金龙 / 郭赫轩 / 王一斐 / 李卓钊 / 宿丹 / 白雪 / 高岛真一 /  马牛 / 刘晓宇 / 沈晶晶 / 詹卢卡·佐帕 / 马文·布韦 / 刘萱琳 / 傅晓明 / 陈烁 / 中国大陆 / 郭帆 / 125分钟 / 科幻 / 冒险 / 灾难 / 龚格尔 Geer Gong / 严东旭 Dongxu Yan / 郭帆 Frant Gwo / 叶俊策 Junce Ye / 杨治学 Zhixue Yang / 吴荑 Ti Wu / 叶濡畅 Ruchang Ye / 沈晶晶 Jingjing Shen / 刘慈欣 Cixin Liu / 汉语普通话 / 英语 / 俄语 / 法语 / 日语 / 韩语 / 印尼语
13,摄影机不要停！ / カメラを止めるな！,https://movie.douban.com/subject/30234315/,2017-11-04,2017-11-04(东京首映) / 2018-06-23(日本) / 滨津隆之 / 真鱼 / 主浜晴美 / 秋山柚稀 / 长屋和彰 / 细井学 / 市原洋 / 山崎俊太郎 / 大泽真一郎 / 竹原芳子 / 吉田美纪 / 合田纯奈 / 浅森咲希奈 / 山口友和 / 藤村拓矢 / 岩合智史 / 高桥恭子 / 生见司织 / 日本 / kametome.net / 上田慎一郎 / 96分钟 / 摄影机不要停！ / 喜剧 / 恐怖 / 上田慎一郎 Shin'ichirô Ueda / 日语
14,我不是药神,https://movie.douban.com/subject/26752088/,2018-06-30,2018-06-30(大规模点映) / 2018-07-05(中国大陆) / 徐峥 / 王传君 / 周一围 / 谭卓 / 章宇 / 杨新鸣 / 王佳佳 / 王砚辉 / 贾晨飞 / 龚蓓苾 / 宁浩 / 李乃文 / 岳小军 / 苇青 / 富冠铭 / 巴拉特·巴蒂 / 喜利图 / 张海艳 / 朱耕佑 / 张子贤 / 邓飞 / 任洛敏 / 杜子蓝 / 刘兴雷 / 甘昀宸 / 石强 / 刘頔 / 马千壹 / 何李宁 / 陈翃 / 宁晓志 / 杜家毅 / 中国大陆 / 文牧野 / 117分钟 / 剧情 / 喜剧 / 韩家女 Jianü Han / 钟伟 Wei Zhong / 文牧野 Muye Wen / 汉语普通话 / 英语 / 上海话 / 印地语
15,叫我第一名 / Front of the Class,https://movie.douban.com/subject/4798888/,2008-12-07,2008-12-07(美国) / 詹姆斯·沃克 / 特里特·威廉斯 / 多米尼克·斯科特·凯伊 / 莎拉·德鲁 / 凯瑟琳·约克 / 乔·克里斯特 / 帕翠西亚·希顿 / 约翰尼·帕卡 / Charlie Finn / 尼古拉斯·斯塔格尔 / Katherine Shepler / Derek Wayne Johnson / Lori Beth Denberg / 美国 / 彼得·维纳 / 95分钟 / 叫我第一名 / 剧情 / 传记 / 托马斯·瑞克曼 Thomas Rickman / 英语
16,血战钢锯岭 / Hacksaw Ridge,https://movie.douban.com/subject/26325320/,2016-09-04,2016-09-04(威尼斯电影节) / 2016-11-04(美国) / 2016-12-08(中国大陆) / 安德鲁·加菲尔德 / 萨姆·沃辛顿 / 文斯·沃恩 / 雨果·维文 / 卢克·布雷西 / 泰莉莎·帕尔墨 / 瑞切尔·格里菲斯 / 纳撒尼尔·布佐尼克 / 理查德·劳斯伯格 / 马特·纳夫莱 / 费拉斯·迪拉尼 / 瑞安·柯尔 / 卢克·佩格勒 / 米洛·吉布森 / 托马斯·昂格 / 詹姆斯·麦凯 / 亚当·鲍斯 / 罗伯特·摩根 / 麦克·西斯比 / 赫尔穆特·巴凯蒂斯 / 本·奥图尔 / 戈兰·D·克鲁特 / 哈利·格林伍德 / 美国 / 澳大利亚 / www.hacksawridge.movie/ / 梅尔·吉布森 / 139分钟(中国大陆) / 140分钟(美国) / 血战钢锯岭 / 剧情 / 传记 / 历史 / 战争 / 安德鲁·奈特 Andrew Knight / 罗伯特·申坎 Robert Schenkkan / 英语
17,电锯惊魂 / Saw,https://movie.douban.com/subject/1417598/,2004-01-19,2004-01-19(圣丹斯电影节) / 2004-10-29(美国) / 雷·沃纳尔 / 加利·艾尔维斯 / 丹尼·格洛弗 / 肯·梁 / 迪娜·迈耶 / 迈克·巴特斯 / 保罗·古德勒支 / 迈克尔·爱默生 / 本尼托·马丁内斯 / 肖妮·史密斯 / 麦肯兹·韦加 / 莫妮卡·波特 / 耐德·巴拉米 / 亚丽姗卓·全 / 托宾·贝尔 / 汉斯·雷斯 / 奥伦·科尔斯 / 美国 / 温子仁 / 103分钟 / 电锯惊魂 / 悬疑 / 惊悚 / 恐怖 / 詹姆斯·温 James Wan / 雷·沃纳尔 Leigh Whannell / 英语
18,神偷奶爸 / Despicable Me,https://movie.douban.com/subject/3287562/,2010-06-20,2010-06-20(莫斯科电影节) / 2010-07-09(美国) / 史蒂夫·卡瑞尔 / 杰森·席格尔 / 拉塞尔·布兰德 / 朱莉·安德鲁斯 / 威尔·阿奈特 / 克里斯汀·韦格 / 米兰达·卡斯格拉夫 / 达纳·盖尔 / 艾尔西·费舍尔 / 皮埃尔·柯芬 / 克里斯·雷纳德 / 杰梅奈·克莱门特 / 杰克·麦克布瑞尔 / 丹尼·麦克布莱德 / 敏迪·卡灵 / 罗布·许贝尔 / 肯·道里欧 / 郑肯 / 凯蒂·丽 / 查尔斯·布赖特 / 斯科特·门维尔 / 詹姆斯·凯森·李 / 霍利·多夫 / 芦田爱菜 / 欧阳娣娣 / 美国 / 法国 / www.despicableme.com / 皮埃尔·柯芬 / 克里斯·雷纳德 / 95分钟 / 神偷奶爸 / 喜剧 / 动画 / 冒险 / 肯·达里奥 Ken Daurio / 塞尔吉奥·帕布洛 Sergio Pablos / 辛科·保罗 Cinco Paul / 英语
19,禁闭岛 / Shutter Island,https://movie.douban.com/subject/2334904/,2010-02-13,2010-02-13(柏林电影节) / 2010-02-19(美国) / 莱昂纳多·迪卡普里奥 / 马克·鲁弗洛 / 本·金斯利 / 马克斯·冯·叙多夫 / 米歇尔·威廉姆斯 / 艾米莉·莫迪默 / 派翠西娅·克拉克森 / 杰基·厄尔·哈利 / 泰德·拉文 / 约翰·卡洛·林奇 / 伊莱亚斯·科泰斯 / 罗宾·巴特利特 / 克里斯托弗·邓汉 / 约瑟夫·斯科拉 / 斯蒂夫·维亭 / 露比·杰琳斯 / 约瑟夫·莱迪 / 雷蒙德·安东尼·托马斯 / 马修·考尔斯 / 迈克尔·拜伦 / 肯·奇斯曼 / 科迪·哈特 / 亚历克斯·米尔恩 / 罗布·W·格雷 / 亚美利哥·普雷休蒂 / 拉尔斯·格哈德 / 丹尼·卡尼 / 贝茨·怀尔德 / 丹尼斯·林奇 / 吉尔·拉森 / 埃里克·罗林斯 / 美国 / 马丁·斯科塞斯 / 138 分钟 / 禁闭岛 / 剧情 / 悬疑 / 惊悚 / Laeta Kalogridis / Dennis Lehane / 英语 / 德语
20,摔跤吧！爸爸 / Dangal,https://movie.douban.com/subject/26387939/,2016-12-23,2016-12-23(印度) / 2017-05-05(中国大陆) / 阿米尔·汗 / 法缇玛·萨那·纱卡 / 桑亚·玛荷塔 / 阿帕尔夏克提·库拉那 / 沙克希·坦沃 / 塞伊拉·沃西 / 苏哈妮·巴特纳格尔 / 里特维克·萨霍里 / 吉里什·库卡尼 / 什沙尔·夏尔马 / 维万·巴特那 / 印度 / 涅提·蒂瓦里 / 161分钟(印度) / 140分钟(中国大陆) / 摔跤吧！爸爸 / 剧情 / 传记 / 运动 / 家庭 / 比于什·古普塔 Piyush Gupta / 施热亚·简 Shreyas Jain / 尼基尔·麦罗特拉 Nikhil Mehrotra / 涅提·蒂瓦里 Nitesh Tiwari / 印地语
21,少年派的奇幻漂流 / Life of Pi,https://movie.douban.com/subject/1929463/,2012-09-28,2012-09-28(纽约电影节) / 2012-11-21(美国) / 2012-11-22(中国大陆) / 苏拉·沙玛 / 伊尔凡·可汗 / 拉菲·斯波 / 阿迪勒·侯赛因 / 塔布 / 阿尤什·坦东 / 加塔姆·贝鲁尔 / 阿彦·汗 / 穆德·阿巴斯·卡勒里 / 维比什·希瓦库玛 / 热拉尔·德帕迪约 / 詹姆斯·塞托 / 俊·奈托 / 安德里亚·迪·斯戴法诺 / 沙拉万提·塞纳特 / 王柏杰 / 柯一正 / 黄健玮 / 路知行 / 美国 / 中国台湾 / 英国 / 加拿大 / www.lifeofpimovie.com / 李安 / 127分钟 / 少年派的奇幻漂流 / 剧情 / 奇幻 / 冒险 / 扬·马特尔 Yann Martel / 大卫·麦基 David Magee / 英语 / 泰米尔语 / 法语 / 日语 / 印地语 / 汉语普通话
22,龙猫 / となりのトトロ,https://movie.douban.com/subject/1291560/,1988-04-16,1988-04-16(日本) / 2018-12-14(中国大陆) / 日高法子 / 坂本千夏 / 糸井重里 / 岛本须美 / 北林谷荣 / 高木均 / 雨笠利幸 / 丸山裕子 / 广濑正志 / 鹫尾真知子 / 铃木玲子 / 千叶繁 / 龙田直树 / 鳕子 / 西村朋纮 / 石田光子 / 神代知衣 / 中村大树 / 水谷优子 / 平松晶子 / 大谷育江 / 达科塔·范宁 / 艾丽·范宁 / 秦岚 / 日本 / 宫崎骏 / 86分钟 / 龙猫 / 动画 / 奇幻 / 冒险 / 宫崎骏 Hayao Miyazaki / 日语
23,楚门的世界 / The Truman Show,https://movie.douban.com/subject/1292064/,1998-06-05,1998-06-05(美国) / 金·凯瑞 / 劳拉·琳妮 / 艾德·哈里斯 / 诺亚·艾默里奇 / 娜塔莎·麦克艾霍恩 / 安东尼·科隆 / 马西娅·德波尼斯 / Adam Tomei / 约翰·普莱舍 / 澳澜·琼斯 / Joe Minjares / 特里·金瑞利 / 乔尔·麦金农·米勒 / 冈本玉二 / Jake Eberle / 马克·麦考利 / 贾德森·沃恩 / 彼得·克劳斯 / 保罗·吉亚玛提 / 菲利普·贝克·霍尔 / 梅丽莎·菲茨杰拉德 / Blair Slater / 珍妮特·米勒 / 霍兰德·泰勒 / 布赖恩·戴拉特 / 哈里·谢尔 / 美国 / 彼得·威尔 / 103分钟 / 楚门的世界 / 剧情 / 科幻 / 安德鲁·尼科尔 Andrew Niccol / 英语
24,泰坦尼克号 / Titanic,https://movie.douban.com/subject/1292722/,1997-11-01,1997-11-01(东京电影节) / 1997-12-19(美国) / 1998-04-03(中国大陆) / 莱昂纳多·迪卡普里奥 / 凯特·温丝莱特 / 比利·赞恩 / 凯西·贝茨 / 弗兰西丝·费舍 / 格劳瑞亚·斯图尔特 / 比尔·帕克斯顿 / 伯纳德·希尔 / 大卫·沃纳 / 维克多·加博 / 乔纳森·海德 / 苏茜·爱米斯 / 刘易斯·阿伯内西 / 尼古拉斯·卡斯柯恩 / 阿那托利·萨加洛维奇 / 丹尼·努齐 / 杰森·贝瑞 / 伊万·斯图尔特 / 艾恩·格拉法德 / 乔纳森·菲利普斯 / 马克·林赛·查普曼 / 理查德·格拉翰 / 保罗·布赖特威尔 / 艾瑞克·布里登 / 夏洛特·查顿 / 博纳德·福克斯 / 迈克尔·英塞恩 / 法妮·布雷特 / 马丁·贾维斯 / 罗莎琳·艾尔斯 / 罗切尔·罗斯 / 乔纳森·伊万斯-琼斯 / 西蒙·克雷恩 / 爱德华德·弗莱彻 / 斯科特·安德森 / 马丁·伊斯特 / 克雷格·凯利 / 格雷戈里·库克 / 利亚姆·图伊 / 詹姆斯·兰开斯特 / 艾尔莎·瑞雯 / 卢·帕尔特 / 泰瑞·佛瑞斯塔 / 凯文·德·拉·诺伊 / 詹姆斯·卡梅隆 / 竹内结子 / 詹姆斯·霍纳 / 姜广涛 / 罗恩·多纳基 / 佐佐木澄江 / 史蒂文·奎里  / 詹妮特·戈德斯坦恩 / 林凡  / Linda Kerns / 马丁·哈伯 / 马丁·莱恩 / 德里克·李 / Paul Herbert / 亚历山大·欧文斯 / Julene Renee / 曲敬国 / 美国 / 詹姆斯·卡梅隆 / 194分钟 / 227分钟(白星版) / 泰坦尼克号 / 剧情 / 爱情 / 灾难 / 詹姆斯·卡梅隆 James Cameron / 英语 / 意大利语 / 德语 / 俄语
25,肖申克的救赎 / The Shawshank Redemption,https://movie.douban.com/subject/1292052/,1994-09-10,1994-09-10(多伦多电影节) / 1994-10-14(美国) / 蒂姆·罗宾斯 / 摩根·弗里曼 / 鲍勃·冈顿 / 威廉姆·赛德勒 / 克兰西·布朗 / 吉尔·贝罗斯 / 马克·罗斯顿 / 詹姆斯·惠特摩 / 杰弗里·德曼 / 拉里·布兰登伯格 / 尼尔·吉恩托利 / 布赖恩·利比 / 大卫·普罗瓦尔 / 约瑟夫·劳格诺 / 祖德·塞克利拉 / 保罗·麦克兰尼 / 芮妮·布莱恩 / 阿方索·弗里曼 / V·J·福斯特 / 弗兰克·梅德拉诺 / 马克·迈尔斯 / 尼尔·萨默斯 / 耐德·巴拉米 / 布赖恩·戴拉特 / 唐·麦克马纳斯 / 美国 / 弗兰克·德拉邦特 / 142分钟 / 肖申克的救赎 / 犯罪 / 剧情 / 弗兰克·德拉邦特 Frank Darabont / 斯蒂芬·金 Stephen King / 英语
26,恐怖游轮 / Triangle,https://movie.douban.com/subject/3011051/,2009-10-16,2009-10-16(英国) / 梅利莎·乔治 / 利亚姆·海姆斯沃斯 / 迈克尔·多曼 / 瑞秋·卡帕尼 / 艾玛·朗 / 亨利·尼克松 / 约书亚·麦基弗 / 英国 / 澳大利亚 / 克里斯托弗·史密斯 / 99 分钟 / 恐怖游轮 / 剧情 / 悬疑 / 惊悚 / 克里斯托弗·史密斯 Christopher Smith / 英语
27,唐人街探案2,https://movie.douban.com/subject/26698897/,2018-02-16,2018-02-16(中国大陆) / 王宝强 / 刘昊然 / 肖央 / 刘承羽 / 尚语贤 / 王迅 / 妻夫木聪 / 迈克尔·皮特 / 白灵 / 元华 / 曾江 / 王成思 / 杨金赐 / 范湉湉 / 佟丽娅 / 陈思诚 / 迈克·佩菲托 / 马特·佩菲托 / 艾米·乔·菲利普斯 / 约翰·蒙丁 / 瑞秋·麦克菲 / 凯文·马修·麦克唐纳 / 贝尼亚·K·托马斯 / 肯尼思·马哈拉杰 / 索尼娅·达玛·洛佩斯 / 埃里卡·罗贝尔 / 盖尔·塞缪尔斯 / 卡伦·科尔 / 丹尼尔·哈格里夫 / 达伦·格罗夫纳 / 赛维·克劳福德 / 克里斯·特拉 / 约书亚·舒巴特 / 亚历克斯·休梅克 / 奥斯丁·谷 / 凯文·迈克尔·肯尼迪 / 黄西 / 詹姆斯·爱德华·亚历山大 / K·M·K· 联盟福音合唱团 / 纳德·哈桑 / 鲍比·哈登 / 文森·格尔曼 / 罗伯特·约翰·加拉格尔 / 斯丁克·费舍尔 / 迈克尔·德拉姆戈尔德 / 詹妮弗·董 / 利娜·戴维斯 / 珠儿·布里梅杰 / 斯佩尔曼·M·博布伦 / 因加·巴拉德 / 布雷特·阿扎尔 / 中国大陆 / 陈思诚 / 121分钟 / 喜剧 / 动作 / 悬疑 / 陈思诚 Sicheng Chen / 汉语普通话
28,寄生虫 / 기생충,https://movie.douban.com/subject/27010768/,2019-05-21,2019-05-21(戛纳电影节) / 2019-05-30(韩国) / 宋康昊 / 李善均 / 赵汝贞 / 崔宇植 / 朴素丹 / 李静恩 / 张慧珍 / 郑知晓 / 朴明勋 / 朴叙俊 / 朴根祿 / 郑贤俊 / 朴孝新 / 安德烈亚斯·弗龙克 / 郑益汉 / 李东勇 / 李柱亨 / 林艺恩 / 韩国 / 奉俊昊 / 132分钟 / 寄生虫 / 剧情 / 喜剧 / 奉俊昊 Joon-ho Bong / 韩进元  Jin-won Han / 韩语 / 英语
29,叶问4：完结篇 / 葉問4,https://movie.douban.com/subject/26885074/,2019-12-20,2019-12-20(中国大陆) / 甄子丹 / 吴樾 / 吴建豪 / 斯科特·阿金斯 / 李宛妲 / 郑则仕 / 陈国坤 / 敖嘉年 / 高战 / 叶禾 / 熊黛林 / 罗莽 / 刘敬宇 / 史蒂文·达兹 / 周小飞 / 达伦·格罗夫纳 / 大卫·约翰逊·伍德 / 内森·海德 / 梁峰 / 格雷斯·恩格勒 / 中国香港 / 叶伟信 / 107分钟 / 叶问4：完结篇 / 剧情 / 动作 / 黄子桓 Edmond Wong / 深泽寛 / 陈大利 Tai-lee Chan / 梁礼彦 Jill Leung Lai-yin / 粤语 / 英语
30,少年的你,https://movie.douban.com/subject/30166972/,2019-10-25,2019-10-25(中国大陆) / 周冬雨 / 易烊千玺 / 尹昉 / 周也 / 吴越 / 黄觉 / 张艺凡 / 张耀 / 张歆怡 / 赵润南 / 郜玄铭 / 谢欣桐 / 刘然 / 何廖侣匀 / 胖虎 / 罗俊林 / 王英明 / 李伟龙 / 中国大陆 / 曾国祥 / 135分钟 / 剧情 / 爱情 / 犯罪 / 林咏琛 Lam Wing Sum / 李媛 Yuan Li / 许伊萌 Yimeng Xu / 汉语普通话
31,密室逃生 / Escape Room,https://movie.douban.com/subject/27109679/,2019-01-04,2019-01-04(美国) / 2019-01-18(中国大陆) / 泰勒·拉塞尔 / 洛根·米勒 / 黛博拉·安沃尔 / 泰勒·莱伯恩 / 杰·埃利斯 / 尼克·多达尼 / 杰西卡·萨顿 / 约里克·范·韦杰宁根 / 杰米-李·蒙尼 / 亚当·罗比特尔 / 韦尔·廷德尔 / 肯尼思·霍 / 科尼利厄斯·吉尼 / 保罗·汉普赛尔 / 佩泰·塞彭克 / 丹·格伦伯格 / 吉诺·李 / 美国 / 南非 / 亚当·罗比特尔 / 99分钟 / 密室逃生 / 悬疑 / 惊悚 / 布拉吉·F·舒特 Bragi F. Schut / 玛丽亚·梅尔尼克 Maria Melnik / 英语
32,无名女尸 / The Autopsy of Jane Doe,https://movie.douban.com/subject/26339213/,2016-09-09,2016-09-09(多伦多电影节) / 2016-12-21(美国) / 2017-03-31(英国) / 埃米尔·赫斯基 / 布莱恩·考克斯 / 奥菲利亚·拉维邦德 / 迈克尔·麦克埃尔哈顿 / 奥尔雯·凯瑟琳·凯莉 / 帕克·索耶 / 简·佩里 / 英国 / 美国 / 安德烈·艾弗道夫 / 86分钟(网络版) / 99分钟(公映版) / 无名女尸 / 恐怖 / 伊恩·B·戈德堡 Ian B. Goldberg / 理查德·纳英 Richard Naing / 英语
33,1917,https://movie.douban.com/subject/30252495/,2019-12-25,2019-12-25(美国) / 2020-01-10(英国) / 2020(中国大陆) / 乔治·麦凯 / 迪恩·查尔斯·查普曼 / 科林·费尔斯 / 本尼迪克特·康伯巴奇 / 马克·斯特朗 / 理查德·麦登 / 安德鲁·斯科特 / 丹尼尔·梅斯 / 阿德里安·斯卡伯勒 / 约翰·霍林沃思 / 克里斯·瓦利 / 杰米·帕克 / 罗伯特‧马瑟 / 贾斯汀·爱德华兹 / 理查德·麦凯布 / 理查德·德姆西 / 安森·布恩 / 雅各布·詹姆斯·贝西克 / 特蕾莎·马奥尼 / 皮普·卡特 / 保罗·廷托 / 安迪·阿波罗 / 约瑟夫·戴维斯 / 比利·波斯特莱斯韦特 / 加布里埃尔·阿库乌迪克 / 斯派克·莱顿 / 亚当·赫吉尔 / 纳巴汉·里兹万 / 克莱尔·迪比尔克 / 乔纳·罗素 / 迈克尔·吉普森 / 格伦·霍威尔 / 美国 / 英国 / 印度 / 西班牙 / 加拿大 / 1917.movie / 萨姆·门德斯 / 119分钟 / 剧情 / 战争 / 萨姆·门德斯 Sam Mendes / 克里斯蒂·威尔逊-凯恩斯 Krysty Wilson-Cairns / 英语 / 法语 / 德语
34,小丑 / Joker,https://movie.douban.com/subject/27119724/,2019-08-31,2019-08-31(威尼斯电影节) / 2019-10-04(美国) / 华金·菲尼克斯 / 罗伯特·德尼罗 / 马克·马龙 / 莎姬·贝兹 / 谢伊·惠格姆 / 弗兰西丝·康罗伊 / 布莱恩·考伦 / 布莱恩·泰里·亨利 / 布莱特·卡伦 / 道格拉斯·霍奇斯 / 格伦·弗莱施勒 / 比尔·坎普 / 乔什·帕斯 / 但丁·佩雷拉-奥尔森 / 玛丽·凯特·马拉特 / 迈克尔·本茨 / 莎珑·华盛顿 / 桑德拉·詹姆斯 / 托尼·赫德 / 曼德拉·贝拉米 / 乔·奥克曼 / 卡尔·伦德施泰特 / 米克·奥罗克 / 大卫·吉布森 / 伊万·罗萨多 / 安妮·比萨比亚 / 布莱斯·科里根 / 乔恩·道格拉斯·雷尼 / 艾恩斯利·丹恩 / 杰森·约翰·奇卡莱塞 / 加里·古尔曼 / 贾斯汀·塞洛克斯 / 本·沃黑特 / 大卫·伊亚科诺 / 美国 / 加拿大 / www.jokermovie.net / 托德·菲利普斯 / 122分钟 / 118分钟(威尼斯电影节) / 小丑 / 剧情 / 犯罪 / 惊悚 / 托德·菲利普斯 Todd Phillips / 斯科特·西尔弗 Scott Silver / 鲍勃·凯恩 Bob Kane / 比尔·芬格 Bill Finger / 杰瑞·罗宾逊 Jerry Robinson / 英语
35,王国 第一季 / 킹덤 Season 1,https://movie.douban.com/subject/26947951/,2019-01-25,2019-01-25(韩国) / 朱智勋 / 裴斗娜 / 柳承龙 / 金相浩 / 周锡泰 / 许峻豪 / 金成圭 / 全锡浩 / 金惠濬 / 郑锡元 / 陈善圭 / 秋宪晔 / 权范泽 / 金贤彬 / 朱光弦 / 杨志洙 / 金泰律 / 郭真 / 郑圭洙 / 刘承睦 / 崔权 / 金钟秀 / 崔智延 / 安恩真 / 吴东旻 / 姜信哲 / 洪基俊 / 金艺恩 / 许真 / 金昇勋 / 吴雅琳 / 车来亨 / 美国 / 韩国 / 金成勋 / 王国 / 55分钟 / 王国 / 剧情 / 动作 / 惊悚 / 金恩熙 Eun-hee Kim / 韩语
36,传染病 / Contagion,https://movie.douban.com/subject/4301043/,2011-09-03,2011-09-03(威尼斯电影节) / 2011-09-09(美国) / 玛丽昂·歌迪亚 / 马特·达蒙 / 劳伦斯·菲什伯恩 / 裘德·洛 / 格温妮斯·帕特洛 / 凯特·温丝莱特 / 布莱恩·科兰斯顿 / 詹妮弗·艾莉 / 埃利奥特·古尔德 / 黄经汉 / 约翰·浩克斯 / 安娜·雅克贝-海伦 / 何超仪 / 桑娜·莱瑟 / 迪米特利·马丁 / 阿敏·罗德 / 恩里克·克兰东尼 / 拉里·克拉克 / 莫尼克·加布里埃拉·库尔内 / 徐天佑 / 达丽雅·斯托寇思 / 格里芬·凯恩 / 斯蒂夫·托瓦 / 格蕾丝·雷克斯 / 瑞贝卡·斯宾塞 / Dan Aho / Brian J. O'Donnell / Annabel Armour / Kara Zediker / 丹·弗兰纳里 / 史蒂文·索德伯格 / 洪金宝 / 黄子雄 / 海伦·萨德勒 / 蒋静菊 / 布兰登·乔纳森·王 / 亚历山大·卡内拉科斯 / 美国 / 阿联酋 / 史蒂文·索德伯格 / 106分钟 / 传染病 / 剧情 / 科幻 / 惊悚 / 灾难 / 斯科特·Z·本恩斯 Scott Z. Burns / 英语 / 汉语普通话 / 粤语
37,宠爱,https://movie.douban.com/subject/33417046/,2019-12-31,2019-12-31(中国大陆) / 于和伟 / 吴磊 / 张子枫 / 钟汉良 / 杨子姗 / 陈伟霆 / 钟楚曦 / 檀健次 / 阚清子 / 郭麒麟 / 李兰迪 / 郎月婷 / 李倩 / 龚蓓苾 / 余皑磊 / 王紫逸 / 陶虹 / 徐峥 / 贡佐 / Leon / Bell / Benny  / Luther / Que  / 赵蕴卓 / 木子洋 / 王阳 / 董力 / 钱洁 / 丁一 / 古斌 / 祖金良 / 中国大陆 / 杨子 / 108分钟 / 剧情 / 喜剧 / 爱情 / 冉甲男 Jia-nan Ran / 杨子 Larry Yang / 汉语普通话
38,囧妈,https://movie.douban.com/subject/30306570/,2020-01-25,2020-01-25(中国大陆网络) / 徐峥 / 黄梅莹 / 袁泉 / 郭京飞 / 黄景瑜 / 贾冰 / 高以翔 / 沈腾 / 宋小宝 / 黄渤 / 欧丽娅 / 陈奇 / 吴云芳 / 张建亚 / 吴竞 / 张芝华 / 唐群 / 徐玉兰 / 徐幸 / 陆燕芳 / 张翠翠 / 脑门额尔德尼 / 朱莉娜 / 刘泽星 / 薛晴 / 韩昊霖 / 郑颖娴 / 弗索夫·谢尔盖 / 杨峥 / 陶桃 / 崔大笨 / 潘启言 / 王斌 / 张勤 / 黄梓凌 / 杜凡昕之 / 李顺怡 / 闫虹宇 / 刘子瑞 / 谢尔比纳·甘纳 / 斯莫林·伊凡 / 张岩 / 邵巨宝 / 谢荣珍 / 中国大陆 / 徐峥 / 126分钟 / 喜剧 / 何可可 Keke He / 布鲁鲁夫 Bululufu / 何一禾 Yihe He / 徐峥 Zheng Xu / 汉语普通话 / 俄语
39,误杀,https://movie.douban.com/subject/30176393/,2019-12-07,2019-12-07(大规模点映) / 2019-12-13(中国大陆) / 肖央 / 谭卓 / 陈冲 / 姜皓文 / 秦沛 / 边天扬 / 许文姗 / 张熙然 / 施名帅 / 黄健玮 / 谷洋 / 陈志朋 / 张林 / 中国大陆 / 柯汶利 / 112分钟 / 剧情 / 犯罪 / 悬疑 / 杨薇薇 Weiwei Yang / 翟培 / 李鹏 / 范凯华 / 秦语谦 / 雷声 Sheng Lei / 汉语普通话
40,小丑回魂 / It,https://movie.douban.com/subject/3604148/,2017-08-29,2017-08-29(伦敦恐怖电影节) / 2017-09-08(美国) / 比尔·斯卡斯加德 / 杰登·马泰尔 / 杰里米·雷·泰勒 / 索菲娅·莉莉丝 / 菲恩·伍法德 / 乔森·雅各布 / 杰克·迪伦·格雷泽 / 瓦耶特·奥莱夫 / 杰克逊·罗伯特·斯科特 / 尼古拉斯·汉密尔顿 / 杰克·辛 / 洛根·汤普森 / 欧文·泰格 / 斯蒂夫·博加尔特 / 斯图尔特·休斯 / 杰弗里·庞塞特 / 皮普·德怀尔 / 莫莉·阿特金森 / 史蒂文·威廉姆斯 / 伊丽莎白·桑德斯 / 梅根·查彭提尔 / 安东尼·尤埃西 / 哈维尔·博泰特 / 伊莎贝尔·内利瑟 / 尼尔·克容 / 凯特·莫耶 / 美国 / 加拿大 / itthemovie.com / 安德斯·穆斯切蒂 / 135分钟 / 小丑回魂 / 剧情 / 儿童 / 恐怖 / 蔡斯·帕默 Chase Palmer / 凯瑞·福永 Cary Fukunaga / 加里·多伯曼 Gary Dauberman / 斯蒂芬·金 Stephen King / 英语
41,我和我的祖国,https://movie.douban.com/subject/32659890/,2019-09-30,2019-09-30(中国大陆) / 黄渤 / 张译 / 韩昊霖 / 杜江 / 葛优 / 刘昊然 / 宋佳 / 王千源 / 任素汐 / 吴京 / 朱一龙 / 王东 / 陈飞宇 / 佟丽娅 / 欧豪 / 张嘉译 / 惠英红 / 龚蓓苾 / 韩东君 / 辛柏青 / 周冬雨 / 任达华 / 江珊 / 王砚辉 / 耿乐 / 姜武 / 梁静 / 佟大为 / 魏晨 / 胡军 / 王天辰 / 彭昱畅 / 罗海琼 / 郭丞 / 周依然 / 樊雨洁 / 刘涛 / 马伊琍 / 张建亚 / 徐峥 / 王洛勇 / 高亚麟 / 王道铁 / 程禹森 / 马书良 / 景海鹏 / 陈冬 / 雷佳音 / 张子枫 / 陶虹 / 郭京飞 / 袁文康 / 贾晨飞 / 邵汶 / 张芝华 / 段博文 / 郎平 / 陶贤锋 / 河国荣 / 郭晓小 / 梁缘 / 牛犇 / 宋楠惜 / 葛奕德 / 张熙唯 / 张耀宇 / 徐玉兰 / 常凯宁 / 孙亮 / 程枫 / 张圣岳 / 娜塔莎·克里斯蒂安森 / 潘姝怡 / 钱大威 / 梁春书 / 李翰臣 / 杨根和 / 成家骥 / 周圣坤 / 张铂辰 / 刘轩宇 / 卡其尔 / 白光福 / 旦布日力 / 王天成 / 广格尔 / 崔根栓 / 邱洪晨 / 王子春 / 甘昀宸 / 于天川 / 倪学增 / 韩笑 / 姜新惠 / 张馨予 / 潘双宾 / 周建华 / 郭芷妍 / 安吉·阿维斯塔 / 曹卫宇 / 中国大陆 / 陈凯歌 / 张一白 / 管虎 / 薛晓路 / 徐峥 / 宁浩 / 文牧野 / 155分钟 / 剧情 / 文宁 Ning Wen / 修梦迪 Mengdi Xiu / 薛晓路 Xiaolu Xue / 何可可 Keke He / 徐峥 Zheng Xu / 管虎 Hu Guan / 张冀 Ji Zhang / 汉语普通话
42,罗小黑战记,https://movie.douban.com/subject/26709258/,2019-08-27,2019-08-27(大规模点映) / 2019-09-07(中国大陆) / 山新 / 郝祥海 / 刘明月 / 中国大陆 / 木头 / 皇贞季 / 101分钟 / 动作 / 动画 / 奇幻 / 木头 MTJJ / 彭可欣 Kexin Peng / 风息神泪 / 汉语普通话
43,速度与激情：特别行动 / Fast & Furious Presents: Hobbs & Shaw,https://movie.douban.com/subject/27163278/,2019-08-02,2019-08-02(美国) / 2019-08-23(中国大陆) / 道恩·强森 / 杰森·斯坦森 / 伊德里斯·艾尔巴 / 凡妮莎·柯比 / 艾莎·冈萨雷斯 / 海伦·米伦 / 瑞恩·雷诺兹 / 凯文·哈特 / 埃迪·马森 / 罗曼·雷恩斯 / 斯蒂芬妮·沃格特 / 维克托里娅·菲斯 / 康兰·卡萨尔 / 海伦娜·福尔摩斯 / 伯纳多·桑托斯 / 露丝·霍洛克斯 / 大卫·穆梅尼 / 马诺伊·阿南德 / 阿玛尔·阿达蒂亚 / 朱利安·费罗 / 丹尼尔·厄根 / 拉普洛斯·卡伦福佐斯 / 阿克塞尔·努 / 史蒂夫·莱温顿 / 安东尼奥·曼奇诺 / 斯特拉·斯托克尔 / 克利夫·柯蒂斯 / 大卫·雷奇 / 杰克·凯恩 / 美国 / 大卫·雷奇 / 137分钟 / 速度与激情：特别行动 / 动作 / 犯罪 / 克里斯·摩根 Chris Morgan / 盖瑞·斯科特·汤普森 Gary Scott Thompson / 德鲁·皮尔斯 Drew Pearce / 英语 / 萨摩亚语 / 俄语
44,哪吒之魔童降世,https://movie.douban.com/subject/26794435/,2019-07-13,2019-07-13(大规模点映) / 2019-07-26(中国大陆) / 吕艳婷 / 囧森瑟夫 / 瀚墨 / 陈浩 / 绿绮 / 张珈铭 / 杨卫 / 何禹祥 / 任俊鹏 / 雨辰 / 刘霖竺 / 大海 / 陶渊 / 李南 / 杏林儿 / 中国大陆 / 饺子 / 110分钟 / 剧情 / 喜剧 / 动画 / 奇幻 / 饺子 Yu Yang / 易巧 Qiao Yi / 魏芸芸 Yunyun Wei / 汉语普通话
45,飞驰人生,https://movie.douban.com/subject/30163509/,2019-02-05,2019-02-05(中国大陆) / 沈腾 / 黄景瑜 / 尹正 / 张本煜 / 尹昉 / 田雨 / 魏翔 / 赵文瑄 / 腾格尔 / 易小星 / 李庆誉 / 高华阳 / 刘帅良 / 李玲玉 / 何穗 / 潘晓婷 / 田原 / 李春嫒 / 冯绍峰 / 李兵 / 范高翔 / 沈南 / 徐才根 / 李微 / 王睿 / 刘丁菡 / 中国大陆 / 韩寒 / 98分钟 / 喜剧 / 韩寒 Han Han / 汉语普通话 / 英语
46,山村老尸,https://movie.douban.com/subject/1305114/,1999-11-04,1999-11-04(中国香港) / 吴镇宇 / 黎姿 / 海俊杰 / 施念慈 / Chow Yan-Yan / 周恩恩 / 莫家尧 / 周恩恩 / 中国香港 / 梁鸿华 / 85分钟 / 恐怖 / 梁鸿华 / 粤语
47,切肤之爱 / オーディション,https://movie.douban.com/subject/1302047/,1999-10-06,1999-10-06(温哥华电影节) / 2000-03-03(日本) / 石桥凌 / 椎名英姬 / 国村隼 / 松田美由纪 / 根岸季衣 / 泽木哲 / 齐木茂 / 光石研 / 大杉涟 / 石桥莲司 / 广冈由里子 / 小日向文世 / 远藤太津朗 / 津田宽治 / 加藤贵子 / 丸山智己 / 日本 / 三池崇史 / 115 分钟 / USA: 113 分钟(R-rated version) / 切肤之爱 / 剧情 / 悬疑 / 惊悚 / 天愿大介 Daisuke Tengan / 村上龙 Ryû Murakami / 日语
48,东京残酷警察 / 東京残酷警察,https://movie.douban.com/subject/2980431/,2008-10-04,2008-10-04 / 椎名英姬 / 板尾创路 / 中原翔子 / 堀部圭亮 / 神田茉里奈 / 町田玛丽 / 山本彩乃 / 清水崇 / 长泽筑实 / 神谷诚 / 园子温 / 日本 / 美国 / 西村喜广 / 109分钟 / 东京残酷警察 / 动作 / 恐怖 / 科幻 / 西村喜广 / 梶研吾 / 日语
49,哥斯拉2：怪兽之王 / Godzilla: King of the Monsters,https://movie.douban.com/subject/25890017/,2019-05-25,2019-05-25(大规模点映) / 2019-05-31(中国大陆) / 2019-05-31(美国) / 凯尔·钱德勒 / 维拉·法米加 / 米莉·波比·布朗 / 章子怡 / 渡边谦 / 布莱德利·惠特福德 / 托马斯·米德蒂奇 / 艾莎·辛德斯 / 莎莉·霍金斯 / 查尔斯·丹斯 / 大卫·斯特雷泽恩 / 小奥谢拉·杰克逊 / 希·庞德 / 安东尼·拉莫斯 / 杰森·莱尔斯 / 乔纳森·霍华德 / 莱尔·布罗卡托 / 兰德尔·P·海文斯 / T·C·马特恩 / 吉米·冈萨雷斯 / 萨莎·里翁达 / 文斯·福斯特 / 贾斯蒂斯·利克 / 菲奥娜·哈丁汉姆 / 露西·卡罗尔 / 约书亚·利瑞 / 艾伦·马克森 / 肯尼斯·以色列 / 阿尔·维森特 / 塞西尔·M·亨利 / 迈克尔·大卫·育尔 / 本杰明·韦弗 / 卡梅伦·布鲁姆布罗 / 帕蒂·舍尔哈斯 / 理查德·多顿 / 詹姆斯·斯特林 / 麦克斯威尔·海史密斯 / 贾斯汀·斯劳特 / 肖恩·索斯 / 马科·查卡 / 蒂莫西·卡尔 / 亚历珊德拉‧瑞秋·拉贝 / 戴安娜·隆博拉 / 乔·莫顿 / 詹姆斯·威廉·巴拉德 / 斯凯拉·丹尼 / 美国 / www.godzilla-movie.net / 迈克尔·道赫蒂 / 132分钟 / 哥斯拉2：怪兽之王 / 动作 / 科幻 / 冒险 / 灾难 / 迈克尔·道赫蒂 Michael Dougherty / 扎克·希尔兹 Zach Shields / 麦克思·鲍伦斯坦 Max Borenstein / 英语
50,咒怨 / 呪怨,https://movie.douban.com/subject/1306808/,2002-10-18,2002-10-18(Screamfest恐怖电影节) / 2003-01-25(日本) / 奥菜惠 / 伊东美咲 / 上原美佐 / 市川由衣 / 津田宽治 / 藤贵子 / 尾关优哉 / 小林万桜 / Risa Odagiri / 藤真美穗 / 榊英雄 / 松田珠里 / 柴田佳代子 / 米歇尔·拉夫 / 田中要次 / 温迪·李 / 井上博一 / 森下能幸 / 谷津勋 / 本田大辅 / 松山鹰志 / 菊利友佳子 / 日本 / 清水崇 / 92 分钟 / 咒怨 / 恐怖 / 悬疑 / 清水崇 Takashi Shimizu / 日语
51,电梯里的恶魔 / Devil,https://movie.douban.com/subject/3268171/,2010-09-17,2010-09-17 / 克里斯·梅西纳 / 罗根·马歇尔-格林 / 珍妮·奥哈拉 / 博亚娜·诺瓦科维奇 / 博基姆·伍德拜因 / 吉奥弗瑞·阿伦德 / 贾克波·瓦格斯 / 马特·克拉文 / 卡罗利娜·达韦纳 / 乔·柯布登  / 佐伊·帕尔默 / 维森特·拉雷斯卡 / 乔·平格 / 美国 / 约翰·埃里克·道达尔 / 80 分钟 / 电梯里的恶魔 / 恐怖 / 悬疑 / 惊悚 / M·奈特·沙马兰 M. Night Shyamalan / 布莱恩·尼尔森 Brian Nelson / 英语
52,极度深寒 / Deep Rising,https://movie.douban.com/subject/1293515/,1998-01-30,1998-01-30 / 特里特·威廉斯 / 法米克·詹森 / 安东尼·希尔德 / 凯文·J·奥康纳 / 韦斯·斯塔迪 / 伍娜·戴蒙 / 克利夫·柯蒂斯 / 杰曼·翰苏 / 杰森·弗莱明 / 美国 / 加拿大 / 斯蒂芬·索莫斯 / 106 分钟 / Germany: 97 分钟 / 极度深寒 / 动作 / 科幻 / 惊悚 / 灾难 / Stephen Sommers / 英语 / 韩语
53,致命弯道5 / Wrong Turn 5: Bloodlines,https://movie.douban.com/subject/10774980/,2012-10 / ,2012-10 / 道格·布拉德利 / 卡米拉·阿维森 / 罗姗妮·麦琪 / 保罗·路德维克 / Kyle Redmond-Jones / 拉多斯拉夫·巴瓦诺夫 / 菲恩·琼斯 / 安德鲁·伯恩 / 哈里·阿尼奇金 / 美国 / 德克兰·奥布莱恩 / 91分钟 / 致命弯道5 / 恐怖 / 德克兰·奥布莱恩 Declan O'Brien / 艾伦·B·罗伊 Alan B. McElroy / 英语
54,它在身后 / It Follows,https://movie.douban.com/subject/25870483/,2015-03-27,2015-03-27(美国) / 麦卡·梦露 / 凯尔·吉克瑞斯特 / 丹尼尔·祖瓦图 / 杰克·威利 / 奥莉维亚·卢卡尔迪 / 莉莉·塞佩 / Rich Vreeland / 克莱尔·斯洛玛 / 埃莱·巴德汉 / 罗兰·巴斯 / 美国 / itfollowsfilm.com / 大卫·罗伯特·米切尔 / 100分钟 / 它在身后 / 悬疑 / 恐怖 / 大卫·罗伯特·米切尔 David Robert Mitchell / 英语
55,群尸玩过界 / Braindead,https://movie.douban.com/subject/1300377/,1992-08-13,1992-08-13 / 蒂莫西·贝尔米 / 黛安娜·培耶 / 伊丽莎白·穆迪 / Murray Keane / 斯蒂芬·帕普斯 / George Port / 杰米·塞尔柯克 / Harry Sinclair / Tony Hiles / Jim Booth / 弗兰·威尔士 / 彼得·杰克逊 / 福里斯特·J·阿克曼 / 詹姆斯·格兰特 / Brenda Kendall / 布莱恩·瑟金特 / Ian Watkin / Davina Whitehouse / 新西兰 / 彼得·杰克逊 / 104 分钟 / South Korea: 85 分钟(heavily cut) / Germany: 94 分钟 / USA: 85 分钟(R-rated version) / 群尸玩过界 / 喜剧 / 恐怖 / Stephen Sinclair / 彼得·杰克逊 Peter Jackson / 英语 / 西班牙语
56,厉鬼将映 / โปรแกรมหน้า ว...,https://movie.douban.com/subject/3529375/,2008-10-30,2008-10-30 / 辰塔维·塔纳西维 / 窝拉甘·罗瓦查拉 / 莎琳雷特·托马斯 / 泰国 / 索分·沙达菲斯 / 95 分钟 / 83 分钟 / 厉鬼将映 / 恐怖 / 惊悚 / 索分·沙达菲斯 Sopon Sukdapisit / 泰语
57,幻影凶间 / 1408,https://movie.douban.com/subject/1793903/,2007-06-22,2007-06-22(美国) / 约翰·库萨克 / 塞缪尔·杰克逊 / 玛丽·麦克科马克 / 杰西米·杰西卡·安东尼 / 兰·卡琉 / 玛格特·莱斯特 / 乔翰·厄布 / 安德鲁·李·波兹 / 托尼·夏尔赫布 / 金·汤普森 / 德鲁·鲍威尔 / 小伊塞亚·维特洛克 / 宾尼·尤奎德兹 / 保罗·卡塞 / Walter Lewis / Alexandra Silber / 威廉·阿姆斯壮 / 诺亚里马吉茨 / 克里斯·凯里 / 乔治·科特尔 / 美国 / www.1408-themovie.com / 米凯尔·哈弗斯特罗姆 / 104 分钟 / 112 分钟(导演剪辑版) / 幻影凶间 / 恐怖 / 惊悚 / 麦特‧格林伯格 Matt Greenberg / 斯科特·亚历山大 Scott Alexander / 拉里·卡拉斯泽斯基 Larry Karaszewski / 斯蒂芬·金 Stephen King / 英语
58,猩球崛起2：黎明之战 / Dawn of the Planet of the Apes,https://movie.douban.com/subject/7046723/,2014-07-11,2014-07-11(美国) / 2014-08-29(中国大陆) / 安迪·瑟金斯 / 杰森·克拉克 / 加里·奥德曼 / 凯丽·拉塞尔 / 托比·凯贝尔 / 柯蒂·斯密特-麦菲 / 柯克·埃斯沃多 / 尼克·瑟斯顿 / 泰瑞·诺塔里 / 卡琳·考诺娃 / 朱迪·格雷尔 / 乔恩·阿兹 / 恩里克·穆西安诺 / 拉勒米·道克·肖 / 李·罗斯 / 凯文·兰金 / 基尔·奥唐纳 / 隆巴多·博伊尔 / 约克·西姆斯 / 阿尔·维森特 / 穆斯塔法·哈里斯 / J·D·埃弗摩尔 / 佩顿·威奇 / 迈克尔·帕帕约翰 / 杰夫·奎卡 / 克里斯托弗·贝瑞 / 安吉拉·克勒科兹 / 史蒂文·韦格 / 提摩西·怀安特 / 约翰·阿米乔 / 蒂莫西·皮克勒斯 / 迪索·拉莫斯 / 里奇·J·拉德纳 / 杰拉尔丁·格伦 / 凯瑞·西蒙斯 / 莫尼卡·雷内·安德森 / 爱德华·J·克莱尔 / 美国 / 马特·里夫斯 / 130分钟 / 猩球崛起2：黎明之战 / 剧情 / 动作 / 科幻 / 马克·鲍姆贝克 Mark Bomback / 里克·杰法 Rick Jaffa / 阿曼达·斯尔沃 Amanda Silver / 皮埃尔·布尔 Pierre Boulle / 英语 / 美国手语
59,猩球崛起 / Rise of the Planet of the Apes,https://movie.douban.com/subject/3274505/,2011-08-05,2011-08-05(美国) / 2011-10-28(中国大陆) / 詹姆斯·弗兰科 / 安迪·瑟金斯 / 汤姆·费尔顿 / 芙蕾达·平托 / 布莱恩·考克斯 / 泰勒·莱伯恩 / 约翰·利思戈 / 卡琳·考诺娃 / 泰瑞·诺塔里 / 理查德·赖丁斯 / 克里斯托弗·戈登 / 德文·达尔顿 / 杰·卡普托 / 大卫·奥伊罗 / 杰米·哈里斯 / 玛蒂 霍金斯 / 谢拉赫·霍斯达尔 / 凯文·欧格雷迪 / 大卫·里士满-佩克 / 迈克尔·科普萨 / 麦克·多普德 / 伊丽莎白·韦恩斯坦 / 乔伊·罗切 / 桑娅·本妮特 / 崔茜·史皮瑞达可斯 / 泰·奥尔森 / 詹姆斯·皮齐纳托 / 卢克·罗德里克 / 大卫·休莱特 / 美国 / 鲁伯特·瓦耶特 / 105分钟 / 猩球崛起 / 剧情 / 动作 / 科幻 / 里克·杰法 Rick Jaffa / 阿曼达·斯尔沃 Amanda Silver / 皮埃尔·布尔 Pierre Boulle / 英语 / 美国手语
60,猩球崛起3：终极之战 / War for the Planet of the Apes,https://movie.douban.com/subject/25808075/,2017-07-14,2017-07-14(美国) / 2017-09-15(中国大陆) / 安迪·瑟金斯 / 伍迪·哈里森 / 斯蒂夫·扎恩 / 卡琳·考诺娃 / 阿米尔·米勒 / 泰瑞·诺塔里 / 泰·奥尔森 / 迈克尔·亚当思韦特 / 托比·凯贝尔 / 加布里埃尔·查瓦里亚 / 朱迪·格雷尔 / 莎拉·坎宁 / 德文·达尔顿 / 阿莱克斯·潘诺维奇 / 亚历桑德罗·朱利安尼 / 马克斯·洛伊德-琼斯 / 蒂莫西·韦伯 / 比利·威克曼 / 列维·米登 / 劳洛·查坦德 / 罗杰·R.克劳斯 / 查德·洛克 / 美国 / 马特·里夫斯 / 140分钟 / 猩球崛起3：终极之战 / 剧情 / 动作 / 科幻 / 马特·里夫斯 Matt Reeves / 马克·鲍姆贝克 Mark Bomback / 里克·杰法 Rick Jaffa / 阿曼达·斯尔沃 Amanda Silver / 皮埃尔·布尔 Pierre Boulle / 英语 / 美国手语
61,雷神3：诸神黄昏 / Thor: Ragnarok,https://movie.douban.com/subject/25821634/,2017-10-24,2017-10-24(英国) / 2017-11-03(美国) / 2017-11-03(中国大陆) / 克里斯·海姆斯沃斯 / 汤姆·希德勒斯顿 / 凯特·布兰切特 / 伊德里斯·艾尔巴 / 杰夫·高布伦 / 泰莎·汤普森 / 卡尔·厄本 / 马克·鲁弗洛 / 安东尼·霍普金斯 / 本尼迪克特·康伯巴奇 / 塔伊加·维迪提 / 瑞切尔·豪斯 / 克兰西·布朗 / 浅野忠信 / 雷·史蒂文森 / 扎克瑞·莱维 / 卢克·海姆斯沃斯 / 马特·达蒙 / 山姆·尼尔 / 夏洛特·尼克道 / 斯坦·李 / 史蒂文·奥利弗 / 天海祐希 / 乔治亚·布利扎德 / 罗勃·梅耶斯 / 科恩·霍洛维 / 美国 / 塔伊加·维迪提 / 130分钟 / 雷神3：诸神黄昏 / 动作 / 奇幻 / 冒险 / 埃里克·皮尔森 Eric Pearson / 克雷格·凯尔 Craig Kyle / 克里斯托弗·约斯特 Christopher Yost / 斯坦·李 Stan Lee / 拉里·利伯 Larry Lieber / 杰克·科比 Jack Kirby / 英语
62,美女与野兽 / Beauty and the Beast,https://movie.douban.com/subject/25900945/,2017-03-17,2017-03-17(中国大陆) / 2017-03-17(美国) / 艾玛·沃森 / 丹·史蒂文斯 / 卢克·伊万斯 / 凯文·克莱恩 / 乔什·加德 / 伊万·麦克格雷格 / 伊恩·麦克莱恩 / 艾玛·汤普森 / 斯坦利·图齐 / 古古·姆巴塔-劳 / 奥德拉·麦克唐纳 / 内森·麦克 / 哈蒂·莫拉汉 / 迈克尔·吉普森 / 水野索诺娅 / 亨利·加勒特 / 戴尔·布兰斯顿 / 雷·费隆 / 托马斯·派登 / 阿德里安·席勒 / 丹尼尔·约安努  / Sophie Reid / 海顿·格温 / 张琦 / 美国 / 比尔·康顿 / 129分钟 / 美女与野兽 / 爱情 / 奇幻 / 歌舞 / 斯蒂芬·切波斯基 Stephen Chbosky / 埃文·斯彼里奥托普洛斯 Evan Spiliotopoulos / 琳达·伍尔芙顿 Linda Woolverton / Jeanne-Marie Leprince de Beaumont / 英语
63,攻壳机动队 / Ghost in the Shell,https://movie.douban.com/subject/25818101/,2017-03-29,2017-03-29(法国) / 2017-03-31(美国) / 2017-04-07(中国大陆) / 斯嘉丽·约翰逊 / 皮鲁·埃斯贝克 / 北野武 / 朱丽叶·比诺什 / 迈克尔·皮特 / 黄经汉 / 丹妮西娅·萨马尔 / 拉札勒斯·雷图勒 / 泉原豊 / 托万达·马尼莫 / 彼得·费迪南多 / 安娜玛丽亚·玛琳卡 / 丹尼尔·亨绍尔 / 安德鲁·斯特林 / 桃井薰 / 查尔斯·欧比 / 福岛莉拉 / 约瑟夫·纳瓦胡 / 迈克尔·维克特 / 张子夫 / 易宇航 / 伍玉琪 / 狼森 / 陈永尉 / 美国 / 鲁伯特·桑德斯 / 107分钟 / 攻壳机动队 / 动作 / 科幻 / 犯罪 / 士郎正宗 Masamune Shirow / 杰米·莫斯 Jamie Moss / 威廉·惠勒 William Wheeler / 伊伦·克鲁格 Ehren Kruger / 英语 / 日语
64,速度与激情8 / The Fate of the Furious,https://movie.douban.com/subject/26260853/,2017-04-12,2017-04-12(法国) / 2017-04-14(美国) / 2017-04-14(中国大陆) / 范·迪塞尔 / 道恩·强森 / 查理兹·塞隆 / 杰森·斯坦森 / 米歇尔·罗德里格兹 / 泰瑞斯·吉布森 / 卢达克里斯 / 库尔特·拉塞尔 / 娜塔莉·伊曼纽尔 / 卢克·伊万斯 / 埃尔莎·帕塔奇 / 克里斯托弗·海维尤 / 斯科特·伊斯特伍德 / 帕特里克·圣埃斯普利特 / 巴迪·沃特金斯 / 特戈·卡尔德隆 / 加里·维克斯 / 马科·查卡 / 卢克·霍克斯 / 海伦·米伦 / 美国 / F·加里·格雷 / 136分钟 / 149分钟(加长版) / 速度与激情8 / 动作 / 犯罪 / 克里斯·摩根 Chris Morgan / 盖瑞·斯科特·汤普森 Gary Scott Thompson / 英语
65,变形金刚5：最后的骑士 / Transformers: The Last Knight,https://movie.douban.com/subject/25824686/,2017-06-21,2017-06-21(美国) / 2017-06-23(中国大陆) / 马克·沃尔伯格 / 伊莎贝拉·莫奈 / 劳拉·哈德克 / 安东尼·霍普金斯 / 乔什·杜哈明 / 彼特·库伦 / 约翰·古德曼 / 斯坦利·图齐 / 桑地亚哥·卡布瑞拉 / 吉尔·伯明翰 / 渡边谦 / 约翰·迪·马吉欧 / 弗兰克·维尔克 / 米彻·佩勒吉 / 嘉玛·陈 / 约翰·特托罗 / 托尼·海尔 / 安迪·比恩 / 丽贝卡·弗朗特 / 格伦·莫肖尔 / 莎拉·斯图尔特 / 利亚姆·加里根 / 菲比·尼克尔斯 / 伯纳多·桑托斯 / 雅各布·扎哈尔 / 斯蒂芬·霍根 / 杰洛德·卡尔迈克 / 马丁·麦克里迪 / 小本杰明·弗洛雷斯 / 艾伦·菲尼克斯 / 美国 / 中国大陆 / 加拿大 / www.transformersmovie.com / 迈克尔·贝 / 155分钟 / 150分钟(中国大陆) / 变形金刚5：最后的骑士 / 动作 / 科幻 / 特·马库姆 Art Marcum / 马特·霍洛维 Matt Holloway / 肯·诺兰 Ken Nolan / 阿齐瓦·高斯曼 Akiva Goldsman / 英语
66,侏罗纪世界2 / Jurassic World: Fallen Kingdom,https://movie.douban.com/subject/26416062/,2018-06-15,2018-06-15(中国大陆) / 2018-06-22(美国) / 克里斯·帕拉特 / 布莱丝·达拉斯·霍华德 / 贾斯蒂斯·史密斯 / 伊莎贝拉·瑟蒙 / 拉菲·斯波 / 托比·琼斯 / 泰德·拉文 / 詹姆斯·克伦威尔 / 黄荣亮 / 丹妮艾拉·皮内达 / 杰拉丁·卓别林 / 杰夫·高布伦 / 卡米尔·雷米泽斯基 / 丹尼尔·斯蒂森 / 皮特·杰森 / 迈克尔·帕帕约翰 / 罗伯特·埃姆斯 / 罗南·萨莫尔斯 / 麦克斯·贝克 / 丹尼尔·厄根 / 戴维·奥拉瓦莱·阿印德 / 费斯·费伊 / 爵克·哈迪 / 吉尔·科雷林 / 贾格·帕特尔 / 美国 / www.jurassicworld.com / J·A·巴亚纳 / 128分钟 / 侏罗纪世界2 / 动作 / 科幻 / 冒险 / 科林·特雷沃罗 Colin Trevorrow / 德里克·康纳利 Derek Connolly / 迈克尔·克莱顿 Michael Crichton / 英语 / 俄语
67,记忆大师,https://movie.douban.com/subject/25884801/,2017-04-23,2017-04-23(北京电影节) / 2017-04-28(中国大陆) / 黄渤 / 段奕宏 / 徐静蕾 / 杨子姗 / 梁杰理 / 许玮甯 / 王真儿 / 焦刚 / 张隽溢 / 杜函梦 / 栾元晖 / 曹英睿 / 李燕生 / 许芳铱 / 王瑶 / 郑小毛 / 郑奇 / 邵胜杰 / 帕尔集拉·莱尔达韦威德 / 约恩·奥布赖恩 / 何禄 / 常进 / 阿尼莎·沙阿 / 蒙西乍·布涅西迪索邦 / 杜翊 / 孟宇 / 郑楚一 / 高叶 / 赵慧仙 / 靳锦 / 胡明 / 吴玉芳 / 杨凯迪 / 许薇 / 中国大陆 / 陈正道 / 119分钟 / 剧情 / 犯罪 / 悬疑 / 惊悚 / 任鹏 Peng Ren / 陈正道 Leste Chen / 汉语普通话
68,天才枪手 / ฉลาดเกมส์โกง,https://movie.douban.com/subject/27024903/,2017-05-03,2017-05-03(泰国) / 2017-10-13(中国大陆) / 茱蒂蒙·琼查容苏因 / 查侬·散顶腾古 / 依莎亚·贺苏汪 / 披纳若·苏潘平佑 / 塔内·瓦拉库努娄 / 莎琳雷特·托马斯 / 伊戈·米基塔斯 / 帕辛·宽萨塔彭 / 萨哈贾克·波斯安吉特 / 坎嘉娜·维耐潘尼 / 育塔彭·瓦拉努科洛楚 / 诺帕瓦特·里基特王 / Best Vittawin Veeravidhayanant / 维塔文·维拉维达亚南特 / 泰国 / 纳塔吾·彭皮里亚 / 130分钟 / 天才枪手 / 剧情 / 犯罪 / 悬疑 / 塔妮达·汉塔维瓦塔娜 Tanida Hantaweewatana / 瓦苏红·皮娅罗姆娜 Vasudhorn Piyaromna / 纳塔吾·彭皮里亚 Nattawut Poonpiriya / 泰语 / 英语
69,王牌特工2：黄金圈 / Kingsman: The Golden Circle,https://movie.douban.com/subject/26378579/,2017-09-20,2017-09-20(英国) / 2017-09-22(美国) / 2017-10-20(中国大陆) / 塔伦·埃哲顿 / 科林·费尔斯 / 马克·斯特朗 / 朱丽安·摩尔 / 埃尔顿·约翰 / 爱德华·霍尔克罗夫特 / 哈莉·贝瑞 / 佩德罗·帕斯卡 / 查宁·塔图姆 / 杰夫·布里吉斯 / 迈克尔·刚本 / 索菲·库克森 / 汉娜·奥斯特罗姆 / 比约恩·格拉纳特 / 莱娜·恩卓 / 波比·迪瓦伊 / 汤姆·本尼迪克·奈特 / 托马斯·图尔格斯 / 基思·艾伦 / 艾米丽·沃森 / 布鲁斯·格林伍德 / 戈登·亚历山大 / 马丁·福特 / 明格斯·约翰斯顿 / 斯图尔特·惠兰 / 劳伦斯·波萨 / 萨曼莎·考格兰 / 杰夫·里基茨 / 蒋静菊 / 英国 / 美国 / 马修·沃恩 / 141分钟 / 139分钟(中国大陆) / 王牌特工2：黄金圈 / 喜剧 / 动作 / 冒险 / 简·古德曼 Jane Goldman / 马修·沃恩 Matthew Vaughn / 马克·米勒 Mark Millar / 戴夫·吉布森 Dave Gibbons / 英语 / 意大利语 / 瑞典语
70,羞羞的铁拳,https://movie.douban.com/subject/27038183/,2017-09-30,2017-09-30(中国大陆) / 艾伦 / 马丽 / 沈腾 / 田雨 / 宋阳 / 薛皓文 / 常远 / 黄才伦 / 王智 / 尹正 / 林威 / 王成思 / 贾金金 / 杨阳 / 李海银 / 龚锐 / 魏凯 / 许猛 / 于瀚钧 / 高志恒 / 法尔德·哈米德·礼萨 / 魏玮 / 高旭东 / 高海宝 / 中国大陆 / 宋阳 / 张吃鱼 / 100分钟 / 喜剧 / 奇幻 / 张吃鱼 / 宋阳 Yang Song / 汉语普通话
71,正义联盟 / Justice League,https://movie.douban.com/subject/2158490/,2017-11-17,2017-11-17(美国) / 2017-11-17(中国大陆) / 本·阿弗莱克 / 亨利·卡维尔 / 盖尔·加朵 / 埃兹拉·米勒 / 杰森·莫玛 / 雷·费舍尔 / 杰瑞米·艾恩斯 / 艾米·亚当斯 / 戴安·琳恩 / 康妮·尼尔森 / J·K·西蒙斯 / 塞伦·希德 / 艾梅柏·希尔德 / 乔·莫顿 / 丽莎·洛文·孔斯利 / 大卫·休里斯 / 迈克尔·麦克埃尔哈顿 / 理查德·克里弗特 / 英格瓦·埃盖特·西古德松 / 比利·克鲁德普 / 赛吉·康斯坦斯 / 乔·曼根尼罗 / 杰西·艾森伯格 / 罗宾·怀特 / 霍特·麦克卡兰尼 / 科雷西·克莱门斯 / 萨曼塔·若 / 丹尼尔·斯蒂森 / 埃莉诺·松浦 / 罗莎·埃斯科达 / 奥萝尔·劳泽瑞尔 / 美国 / www.justiceleaguethemovie.com / 扎克·施奈德 / 120分钟 / 214分钟(施耐德剪辑版) / 正义联盟 / 动作 / 科幻 / 奇幻 / 冒险 / 扎克·施奈德 Zack Snyder / 克里斯·特里奥 Chris Terrio / 乔斯·韦登 Joss Whedon / 比尔·芬格 Bill Finger / 鲍勃·凯恩 Bob Kane / 乔·舒斯特 Joe Shuster / 杰里·西格尔 Jerry Siegel / 威廉·马斯顿 William M. Marston / 英语 / 冰岛语 / 俄语
72,黑豹 / Black Panther,https://movie.douban.com/subject/6390825/,2018-02-16,2018-02-16(美国) / 2018-03-09(中国大陆) / 查德维克·博斯曼 / 露皮塔·尼永奥 / 迈克尔·B·乔丹 / 丹娜·奎里拉 / 马丁·弗瑞曼 / 丹尼尔·卡卢亚 / 利蒂希娅·赖特 / 温斯顿·杜克 / 斯特林·K·布朗 / 安吉拉·贝塞特 / 福里斯特·惠特克 / 安迪·瑟金斯 / 弗洛伦丝·卡松巴 / 约翰·卡尼 / 大卫·S·李 / 娜比娅·毕 / 斯坦·李 / 阿特达万·卡尼 / 艾利克斯·希伯特 / 塞巴斯蒂安·斯坦 / 伊丽莎白艾尔金斯 / Sasha Morfaw / 班巴德贾恩·班巴 / 丹泽尔·惠特克 / 西黛尔·诺尔 / 丹尼·萨帕尼 / 伊萨赫·德·班克尔 / 香奈特·芮妮·威尔逊 / 美国 / 南非 / 韩国 / 澳大利亚 / 瑞恩·库格勒 / 134分钟 / 135分钟(中国大陆) / 黑豹 / 动作 / 科幻 / 冒险 / 瑞恩·库格勒 Ryan Coogler / 乔·罗伯特·科尔 Joe Robert Cole / 斯坦·李 Stan Lee / 杰克·科比 Jack Kirby / 斯瓦希里语 / 英语 / 科萨语 / 韩语
73,金刚狼3：殊死一战 / Logan,https://movie.douban.com/subject/25765735/,2017-02-17,2017-02-17(柏林电影节) / 2017-03-03(中国大陆) / 2017-03-03(美国) / 2017-05-16(黑白版) / 休·杰克曼 / 帕特里克·斯图尔特 / 达芙妮·基恩 / 波伊德·霍布鲁克 / 斯戴芬·莫昌特 / 伊丽莎白·罗德里格斯 / 多丽丝·莫尔加多 / 理查德·E·格兰特 / 玛丽·佩顿·斯图尔特 / 伊利斯·尼尔 / 埃里克·拉萨尔 / 劳伦·格罗斯 / 胡安·贾斯帕 / 克日什托夫·索什斯基 / 萨博·班克森 / 弗兰克·加列戈斯 / 丹尼尔·伯哈特 / 杰罗米菲茨杰罗德 / 卢克·霍克斯 / 昆西·佛斯 / 约翰·伯纳克 / 戴夫·戴维斯 / 朱莉娅·霍特 / 埃尔考勒诺 / 西耶娜·诺维科夫 / 美国 / 詹姆斯·曼高德 / 123分钟(中国大陆) / 135分钟(柏林电影节) / 137分钟(美国) / 金刚狼3：殊死一战 / 剧情 / 动作 / 科幻 / 詹姆斯·曼高德 James Mangold / 迈克尔·格林 Michael Green / 斯科特·弗兰克 Scott Frank / 英语 / 西班牙语
74,海王 / Aquaman,https://movie.douban.com/subject/3878007/,2018-12-07,2018-12-07(中国大陆) / 2018-12-21(美国) / 杰森·莫玛 / 艾梅柏·希尔德 / 威廉·达福 / 帕特里克·威尔森 / 妮可·基德曼 / 杜夫·龙格尔 / 叶海亚·阿卜杜勒-迈丁 / 特穆拉·莫里森 / 林路迪 / 迈克尔·比奇 / 兰道尔·朴 / 格拉汉姆·麦克泰维什 / 雷·沃纳尔 / 泰努伊·柯克伍德 / 塔穆尔·柯克伍德 / 丹泽尔·夸克 / 卡恩·古尔杜尔 / 奥蒂斯·丹吉 / 克考亚·克库毛诺 / 朱莉·安德鲁斯 / 约翰·瑞斯-戴维斯 / 杰曼·翰苏 / 索菲亚·福雷斯特 / 娜塔莉·萨福兰 / 杰克·安德鲁 / 汉克·阿莫斯 / 帕特里克·考克斯 / 罗伯特·朗斯特里特 / 德维卡·帕利赫 / 梅布尔·塔莫内 / 文森特·B·拉戈斯 / 加布里埃拉·佩特科娃 / 爱丽丝·兰斯伯里 / 帕特里克·艾奇逊 / 约翰·盖蒂尔 / 塔丽亚·杰德·霍尔特 / 罗斯·克纳汉 / 布拉登·刘易斯 / 萨尔瓦多·梅伦达 / 山姆·莫纳汉 / 温妮·穆赞贝 / 凯·潘塔诺 / 安娜·帕奇 / 乔恩·奎斯蒂德 / 迪伦·斯图默 / 米奇·武尔夫 / 阿明·阿卜杜勒·奎德 / 彼得·阿佩塞拉 / 美国 / 澳大利亚 / www.aquamanmovie.com / 温子仁 / 143分钟 / 海王 / 动作 / 奇幻 / 冒险 / 大卫·莱斯利·约翰逊-麦戈德里克 David Leslie Johnson-McGoldrick / 威尔·比尔 Will Beall / 乔夫·琼斯 Geoff Johns / 温子仁 James Wan / 莫尔特·魏辛格 Mort Weisinger / 保罗·诺里斯 Paul Norris / 英语 / 毛利语 / 意大利语 / 俄语
75,孤儿怨 / Orphan,https://movie.douban.com/subject/3011308/,2009-07-24,2009-07-24(美国) / 2009-07-24(加拿大) / 维拉·法米加 / 彼得·萨斯加德 / 伊莎贝拉·弗尔曼 / 希·庞德 / 吉米·本内特 / 玛格·马丁戴尔 / 卡瑞尔·罗登 / 阿娅娜·恩吉妮尔 / 萝丝玛丽·邓斯莫尔 / 杰米·杨 / 洛瑞埃尔斯 / 布兰登·沃尔 / 盖内尔·威廉姆斯 / 穆斯塔法·阿卜杜勒卡里姆 / 兰登诺里斯 / 莱尼·帕克 / 马修·劳德塞普 / 朱利安埃利亚 / 美国 / 加拿大 / 德国 / 法国 / 佐米·希尔拉 / 123 分钟 / 孤儿怨 / 悬疑 / 惊悚 / 恐怖 / 大卫·约翰逊 David Johnson / 艾利克斯·马斯 Alex Mace / 英语 / 美国手语 / 爱沙尼亚语
76,闪灵 / The Shining,https://movie.douban.com/subject/1292225/,1980-05-23,1980-05-23(美国) / 杰克·尼科尔森 / 谢莉·杜瓦尔 / 丹尼·劳埃德 / 斯加特曼·克罗索斯 / 巴瑞·尼尔森 / 菲利普·斯通 / 乔·托克尔 / 安妮·杰克逊 / 托尼·伯顿 / 薇薇安·库布里克 / 莉娅·贝尔达姆 / 巴里·丹尼 / 英国 / 美国 / 斯坦利·库布里克 / 119分钟(欧洲版) / 142分钟(DVD) / 144分钟(北美版) / 146分钟(初始版) / 闪灵 / 剧情 / 悬疑 / 恐怖 / 斯坦利·库布里克 Stanley Kubrick / 黛安·约翰逊 Diane Johnson / 斯蒂芬·金 Stephen King / 英语
77,神奇女侠 / Wonder Woman,https://movie.douban.com/subject/1578714/,2017-05-30,2017-05-30(中国香港/台湾) / 2017-06-02(中国大陆) / 2017-06-02(美国) / 盖尔·加朵 / 克里斯·派恩 / 康妮·尼尔森 / 罗宾·怀特 / 丹尼·赫斯顿 / 大卫·休里斯 / 萨伊德·塔格马奥 / 艾文·布莱纳 / 尤金·布雷弗·洛克 / 露茜·戴维斯 / 埃伦娜·安纳亚 / 莉莉·阿斯佩尔 / 艾米丽·凯里 / 丽莎·洛文·孔斯利 / 安·奥戈博莫 / 杜晨·科洛斯 / 扎克·施奈德 / 艾丽西娅·维拉-贝利 / 詹姆斯·科兹莫 / 萨曼塔·若 / 弗洛伦丝·卡松巴 / 赖纳·博克 / 蕾切尔·皮卡普 / 芙洛·费拉科 / 沃尔夫·卡赫勒 / 布鲁克恩斯 / 彼得·斯塔克 / 萨米·海曼 / 马丁·贝肖普 / 弗莱迪·卡特 / 美国 / 中国大陆 / 中国香港 / wonderwomanfilm.com / 派蒂·杰金斯 / 141分钟 / 神奇女侠 / 动作 / 奇幻 / 冒险 / 艾伦·海因伯格 Allan Heinberg / 扎克·施奈德 Zack Snyder / 贾森·福克斯 Jason Fuchs / 威廉·马斯顿 William M. Marston / 英语
78,死寂 / Dead Silence,https://movie.douban.com/subject/1895120/,2007-03-16,2007-03-16(美国) / 唐尼·沃尔伯格 / 安贝·瓦莱塔 / 瑞恩·柯万腾 / 迈克尔·费尔曼 / 鲍勃·冈顿 / 劳拉·里根 / 斯蒂夫·亚当斯 / 凯尔·吉克瑞斯特 / 奥斯汀·马乔斯 / 恩·赖特尔 / 美国 / 温子仁 / 89 分钟 / 92 分钟(未分级版) / 死寂 / 悬疑 / 恐怖 / 雷·沃纳尔 Leigh Whannell / 英语
79,战狼2,https://movie.douban.com/subject/26363254/,2017-07-27,2017-07-27(中国大陆) / 吴京 / 弗兰克·格里罗 / 吴刚 / 张翰 / 卢靖姗 / 丁海峰 / 淳于珊珊 / 余男 / 于谦 / 石兆琪 / 海蒂·莫尼梅克 / 奥列格·普鲁迪乌斯 / 艾伦·托尼 / 赛尔·哈里斯 / 高明 / 王森 / 苇青 / 程愫 / 张永达 / 郭秋成 / 杜建桥 / 周冠廷 / 安·詹姆斯 / 黛安娜·希拉 / 孙率航 / 张馨月 / 关海龙 / 安妮塔·斯图尔特 / 特雷弗·琼斯 / 奥斯汀·普里斯特 / 克莱·方特诺特 / 保罗·艾力卡 / 丹尼尔·哈格里夫 / 李镇男 / 庄小龙 / 陈云志 / 肯尼迪 / 希尔维斯塔·斯图尔特 / 喜利图 / 宋歌 / 中国大陆 / 吴京 / 123分钟 / 动作 / 战争 / 吴京 Jing Wu / 董群 Qun Dong / 刘毅 Yi Liu / 汉语普通话 / 英语
80,毒液：致命守护者 / Venom,https://movie.douban.com/subject/3168101/,2018-10-05,2018-10-05(美国) / 2018-11-09(中国大陆) / 汤姆·哈迪 / 米歇尔·威廉姆斯 / 里兹·阿迈德 / 斯科特·黑兹 / 里德·斯科特 / 珍妮·斯蕾特 / 梅洛拉·沃尔特斯 / 伍迪·哈里森 / 佩吉·陆 / 马尔科姆·C·默里 / 索佩·阿卢科 / 韦恩·佩雷 / 米歇尔·李 / 库尔特·岳 / 克里斯·奥哈拉 / 埃米里奥·瑞弗拉 / 阿里亚当娜·约瑟夫 / 袁之正 / 朴云龙 / 麦克·勃兰特 / 尼克·图恩 / 山姆·麦地那 / 迪塞尔·马德金斯 / 简·麦克尼尔 / 维克托·麦凯 / 马丁·巴特斯·布拉德福德 / 布兰顿·莫拉莱斯 / 马修·康威尔 / 斯坦·李 / 韦德·威廉姆斯 / 约瑟夫·阿梅 / 威廉·W·巴伯 / 玛塞拉·布拉吉奥 / 卡特·伯奇 / 克里斯蒂安·康佛瑞 / 詹姆斯·富尔特斯 / 丹妮拉·加斯基 / 约翰·盖蒂尔 / 艾米丽塔·T·冈萨雷斯 / 杰克·汉森 / 安东尼·B·哈里斯 / 卡茜·亨德利 / 罗恩·彼得·琼斯 / 霍梅洛·洛佩兹 / 万恩·姆约维奇 / 米歇尔·方 / 盖尔·甘布尔 / 詹姆斯·D·韦斯顿二世 / 丹尼·皮尔斯 / 艾蒂安·维克 / 格雷丝·万 / 保罗·皮尔斯伯里 / 伊斯拉·瑟尔维利 / 波士顿·拉什·弗里曼 / 杰拉德·班肯斯 / 詹姆斯·威廉·巴拉德 / 美国 / 中国大陆 / www.venom.movie/site/ / 鲁本·弗雷斯彻 / 112分钟 / 107分钟(中国大陆) / 毒液：致命守护者 / 动作 / 科幻 / 惊悚 / 杰夫·皮克纳 Jeff Pinkner / 斯科特·罗森伯格 Scott Rosenberg / 凯莉·马塞尔 Kelly Marcel / 托德·麦克法兰 Todd McFarlane / 戴维·麦克法兰 David Michelinie / 英语 / 汉语普通话
81,芳华,https://movie.douban.com/subject/26862829/,2017-09-07,2017-09-07(多伦多电影节) / 2017-12-15(中国大陆) / 黄轩 / 苗苗 / 钟楚曦 / 杨采钰 / 李晓峰 / 王天辰 / 王可如 / 隋源 / 张仁博 / 苏岩 / 张国立 / 赵立新 / 李彦漫 / 郭沛志 / 李卓航 / 杨烁 / 罗攀 / 周放 / 中国大陆 / 冯小刚 / 136分钟 / 146分钟(多伦多电影节) / 剧情 / 历史 / 战争 / 严歌苓 Geling Yan / 汉语普通话
82,奇异博士 / Doctor Strange,https://movie.douban.com/subject/3025375/,2016-10-25,2016-10-25(英国) / 2016-11-04(中国大陆) / 2016-11-04(美国) / 本尼迪克特·康伯巴奇 / 蒂尔达·斯文顿 / 麦斯·米科尔森 / 切瓦特·埃加福 / 瑞秋·麦克亚当斯 / 迈克尔·斯图巴 / 本尼迪克特·王 / 本杰明·布拉特 / 斯科特·阿金斯 / 莎拉·费希恩 / 阿拉·萨菲 / 斯坦·李 / 安蒂·哈卡拉 / 寇布勒·霍尔德布鲁克-史密斯 / Nan Li / 克里斯·海姆斯沃斯 / 卡特莉娜德登 / 梅拉·沙尔 / 艾米·兰德克 / 李楠 / 美国 / 斯科特·德瑞克森 / 115分钟 / 奇异博士 / 动作 / 奇幻 / 冒险 / 史蒂夫·迪特寇 Steve Ditko / 托马斯·迪恩·唐纳利 Thomas Dean Donnelly / 斯坦·李 Stan Lee / 乔·斯派茨 Jon Spaihts / Joshua Oppenheimer / 英语
83,湄公河行动,https://movie.douban.com/subject/25815034/,2016-09-30,2016-09-30(中国大陆) / 张涵予 / 彭于晏 / 孙淳 / 陈宝国 / 冯文娟 / 刘显达 / 赵健 / 吴旭东 / 吴嘉龙 / 卢惠光 / 柏华力·莫高彼斯彻 / 维他亚·潘斯林加姆 / 战立国 / 石占杰 / 伍麟凯 / 魏蔓 / 李佳璇 / 郝文婷 / 王笑龙 / 任蕊 / 詹姆斯·阿媞邦德 / 林美芬 / 陈沛兴 / 钟建龙 / 纳卡琳·加汉 / 萨里特·沃林 / 王斑 / 于冬 / 张敏嘉 / 差拉·恩萨隆 / 徐添发 / Subash A/L Sundaramoorthy / Nongmal Bunchu / Sarawoot Kumsorn / 润·威弗 / Vattcharachai Sunthomsin / Alyaret Junamnoong / Keerali Sivakuae / Nitidet Chery Junphli / Achaya Vishwanath Govind / Bhubhing Bhangsa-Ard / 中国大陆 / 中国香港 / 林超贤 / 124分钟 / 剧情 / 动作 / 犯罪 / 林超贤 Dante Lam / 朱镜祺 Kang Kei Chu / 刘小群 Siu Kwan Lau / 谭惠贞 Wai-ching Tam / 林明杰 Eric Lin / 汉语普通话 / 粤语 / 泰语 / 缅甸语 / 英语
84,速度与激情7 / Furious 7,https://movie.douban.com/subject/23761370/,2015-04-03,2015-04-03(美国) / 2015-04-12(中国大陆) / 范·迪塞尔 / 保罗·沃克 / 杰森·斯坦森 / 米歇尔·罗德里格兹 / 乔丹娜·布鲁斯特 / 泰瑞斯·吉布森 / 卢达克里斯 / 道恩·强森 / 卢卡斯·布莱克 / 库尔特·拉塞尔 / 娜塔莉·伊曼纽尔 / 埃尔莎·帕塔奇 / 盖尔·加朵 / 约翰·布罗特顿 / 卢克·伊万斯 / 托尼·贾 / 杰曼·翰苏 / 诺尔·古格雷米 / 阿里·法扎勒 / 姜成镐 / 龙达·鲁西 / 伊吉·阿德利亚 / 乔恩·李·布罗迪 / 安娜·科尔韦尔 / Luke Evans / 斯蒂芬·考特尔 / 罗伯特·普拉尔戈 / 法希姆·纳吉 / 布莱恩·马霍尼 / 乔赛琳·唐娜休 / 卡莉·普雷斯科特 / 查理·普斯 / 托娜塔·摩根 / 萨拉·米博·孙 / 阿莉莎·威尼斯 / 柯迪·沃克 / 若泽·阿布利尔 / 布里特妮·阿尔格 / 贾内尔·伊斯拉斯 / 凯瑟琳陈 / 宝娃 / 切尔西·佩雷拉 / 美国 / 中国大陆 / 日本 / 温子仁 / 137分钟 / 140分钟(加长版) / 速度与激情7 / 动作 / 犯罪 / 克里斯·摩根 Chris Morgan / 盖瑞·斯科特·汤普森 Gary Scott Thompson / 英语
85,王牌特工：特工学院 / Kingsman: The Secret Service,https://movie.douban.com/subject/24405378/,2014-12-13,"2014-12-13(BNAT电影节) / 2015-01-29(英国) / 2015-03-27(中国大陆) / 塔伦·埃哲顿 / 科林·费尔斯 / 塞缪尔·杰克逊 / 迈克尔·凯恩 / 马克·斯特朗 / 索菲·库克森 / 索菲亚·波多拉 / 马克·哈米尔 / 杰克·达文波特 / 萨曼塔·沃马克 / 汉娜·奥斯特罗姆 / 约诺·戴维斯 / 亚历克斯·尼科洛夫 / 维利贝·托皮奇 / 杰夫·贝尔 / 艾德里安·奎因顿 / 乔丹·朗 / 西奥·巴克利姆-比格斯 / 摩根·华金斯 / 拉尔夫·伊内森 / 爱德华·霍尔克罗夫特 / 尼古拉斯·班克斯 / 罗温·波隆斯基 / 阿拉斯泰尔·麦金托什 / 杰克·卡特莫尔-斯科特 / 理查德·布雷克 / 安德烈·莱纳 / 张欣 / Jack ""JB"" Bauer  / 马特·霍金斯 / 郭易峰 / 刘北辰 / 莉莉·崔佛斯 / 内芙·加切夫 / 克里·约翰逊 / 汤姆·普赖尔 / 卡利·内勒 / 保利娜·博内瓦 / 丹尼尔·韦斯特伍德 / 英国 / 美国 / www.kingsmanmovie.com / 马修·沃恩 / 125分钟(中国大陆) / 129分钟 / 王牌特工：特工学院 / 喜剧 / 动作 / 冒险 / 简·古德曼 Jane Goldman / 马修·沃恩 Matthew Vaughn / 马克·米勒 Mark Millar / 戴夫·吉布森 Dave Gibbons / 英语 / 阿拉伯语 / 瑞典语"
86,老炮儿,https://movie.douban.com/subject/24751756/,2015-09-09,2015-09-09(威尼斯电影节) / 2015-12-24(中国大陆) / 冯小刚 / 许晴 / 张涵予 / 刘桦 / 李易峰 / 吴亦凡 / 梁静 / 白举纲 / 于和伟 / 连奕名 / 尚语贤 / 鲁诺 / 管宗祥 / 尹力 / 余皑磊 / 宁浩 / 江珊 / 张译 / 郭京飞 / 张鲁一 / 赵毅 / 梁天 / 张一山 / 王俊凯 / 王源 / 易烊千玺 / 巴图 / 陶泽如 / 吴谨言 / 马元 / 马书良 / 佟磊 / 胡晓光 / 姜怡伊 / 肖彦博 / 王盛 / 刘云龙 / 杜珺 / 中国大陆 / 管虎 / 137分钟(中国大陆) / 140分钟(威尼斯电影节版) / 剧情 / 犯罪 / 管虎 Hu Guan / 董润年 Runnian Dong / 汉语普通话
87,变形金刚4：绝迹重生 / Transformers: Age of Extinction,https://movie.douban.com/subject/7054604/,2014-06-19,2014-06-19(中国香港首映) / 2014-06-27(美国) / 2014-06-27(中国大陆) / 马克·沃尔伯格 / 斯坦利·图齐 / 凯尔希·格兰莫 / 妮可拉·佩尔茨 / 杰克·莱诺 / 提图斯·维里沃 / 索菲娅·迈尔斯 / 李冰冰 / T·J·米勒 / 彼特·库伦 / 约翰·迪·马吉欧 / 罗伯特·福克沃斯 / 约翰·古德曼 / 马克·瑞安 / 渡边谦 / 弗兰克·维尔克 / 雷诺·维尔森 / 阿比盖尔·克莱恩 / 托马斯·列农 / 韩庚 / 巫刚 / 吕良伟 / 王敏德 / 纪培慧 / 邹市明 / 夏奈尔·塞拉亚 / 凯文·柯威斯 / 贾米森·哈塞 / 杰西卡·戈麦斯 / 克利奥·金 / 詹姆斯·巴克曼 / 帕特里克·布利斯托夫 / 理查德·里尔 / Mike Collins / 姜广涛 / Jenny Zhang / 佩吉·莫布里 / 吴冬妮 / 林路迪 / 迈克尔·贝 / 查尔斯·帕内尔 / 维多利亚·萨默 / 格伦·基奥 / 大卫·米德桑德 / B. Adam Baillio / Drew Wicks / Andreas Beckett / 丹·莱瑟姆 / 米卡尔·威戈 / 黛米卡扎尼斯 / 克丽丝汀·米勒 / 美国 / 中国大陆 / 迈克尔·贝 / 166分钟 / 变形金刚4：绝迹重生 / 动作 / 科幻 / 伊伦·克鲁格 Ehren Kruger / 英语 / 汉语普通话 / 粤语
88,恐怖蜡像馆 / House of Wax,https://movie.douban.com/subject/1309184/,2005-05-06,2005-05-06(美国) / 伊丽莎·库斯伯特 / 查德·迈克尔·墨瑞 / 布莱恩·范·霍尔特 / 帕丽斯·希尔顿 / 贾德·帕达里克 / 乔恩·亚伯拉罕斯 / 肯德尔•雷 / 艾玛·朗 / 达蒙·海瑞曼 / 安迪·安德森 / 罗伯特·理查德 / 美国 / 澳大利亚 / 佐米·希尔拉 / 113 分钟 / 恐怖蜡像馆 / 恐怖 / 惊悚 / Chad Hayes / Carey Hayes / Charles Belden / 英语
89,伊甸湖 / Eden Lake,https://movie.douban.com/subject/3011997/,2008-09-12,2008-09-12(英国) / 凯利·蕾莉 / 迈克尔·法斯宾德 / 塔拉·艾利斯 / 杰克·奥康奈尔 / 托马斯·图尔格斯 / 詹姆斯·伯罗斯 / 邵恩·杜里 / 布隆森·韦伯 / 芬·阿特金斯 / 劳琳·斯坦利 / 英国 / 詹姆斯·瓦特金斯 / 91分钟 / 伊甸湖 / 惊悚 / 恐怖 / 詹姆斯·瓦特金斯 James Watkins / 英语
90,林中小屋 / The Cabin in the Woods,https://movie.douban.com/subject/3143676/,2012-03-09,2012-03-09(西南偏南电影节) / 2012-04-13(美国) / 克里斯汀·康奈利 / 理查德·詹金斯 / 弗兰·克朗茨 / 布莱德利·惠特福德 / 杰西·威廉姆斯 / 克里斯·海姆斯沃斯 / 安娜·哈彻森 / 西格妮·韦弗 / 艾米·阿克 / 布莱恩·J·怀特 / Aya Furukawa / 路知行 / 泰瑞·诺塔里 / 帕特里克·萨邦圭 / 希瑟·多克森 / 祖蒂·弗兰 / 丹·佩恩 / 美国 / discoverthecabininthewoods.com / 德鲁·高达 / 95分钟 / 林中小屋 / 恐怖 / 德鲁·高达 Drew Goddard / 乔斯·韦登 Joss Whedon / 英语 / 日语
91,请叫我英雄 / アイアムアヒーロー,https://movie.douban.com/subject/25899379/,2015-10-13,2015-10-13(锡切斯电影节) / 2016-04-23(日本) / 大泉洋 / 有村架纯 / 长泽雅美 / 吉泽悠 / 冈田义德 / 片濑那奈 / 片桐仁 / 槙田雄司 / 塚地武雅 / 德井优 / 风间彻 / 美秀铃木 / 大塚弘太 / 日本 / www.iamahero-movie.com / 佐藤信介 / 126分钟 / 请叫我英雄 / 动作 / 恐怖 / 野木亚纪子 Akiko Nogi / 花沢健吾 Kengo Hanazawa / 日语
92,死神来了 / Final Destination,https://movie.douban.com/subject/1300300/,2000-03-17,2000-03-17(美国) / 戴文·萨瓦 / 艾丽·拉特 / 科尔·史密斯 / 克里森·克拉克 / 丹尼尔·洛巴克 / 罗杰·格午埃文·史密斯 / 查德·多纳拉 / 西恩·威廉·斯科特 / 托尼·托德 / 阿曼达·达特曼 / 布兰登·费尔 / 克里斯汀·查特莱恩 / 芭芭拉·泰森 / 丽莎·玛丽·卡鲁克 / 美国 / 加拿大 / 黄毅瑜 / 98 分钟 / 死神来了 / 惊悚 / 恐怖 / Glen Morgan / 黄毅瑜 James Wong / Jeffrey Reddick / 英语 / 法语
93,滚蛋吧！肿瘤君,https://movie.douban.com/subject/26289144/,2015-08-13,2015-08-13(中国大陆) / 白百何 / 吴彦祖 / 李媛 / 刘芮麟 / 程伊 / 刘莉莉 / 李建义 / 张子萱 / 沈腾 / 李晓川 / 秦丽 / 魏潇霞 / 乔·埃德里安 / 中国大陆 / 韩延 / 128分钟 / 喜剧 / 爱情 / 袁媛 Yuan Yuan / 张维重 Weizhong Zhang / 汉语普通话 / 英语 / 韩语
94,捉妖记,https://movie.douban.com/subject/25723907/,2015-07-16,2015-07-16(中国大陆) / 白百何 / 井柏然 / 姜武 / 金燕玲 / 钟汉良 / 曾志伟 / 吴君如 / 汤唯 / 姚晨 / 闫妮 / 保剑锋 / 王栎鑫 / 郭晓东 / 李菁菁 / 田雨橙 / 张悦轩 / 王巍 / 阿杰 / 谭广沙 / 李恩晟 / 潘芳芳 / 康潇诺 / 李勇 / 于谷鸣 / 林路迪 / 中国大陆 / 中国香港 / 许诚毅 / 118分钟 / 喜剧 / 奇幻 / 古装 / 袁锦麟 Alan Yuen / 汉语普通话
95,战狼,https://movie.douban.com/subject/24753810/,2015-04-02,2015-04-02(中国大陆) / 吴京 / 余男 / 斯科特·阿金斯 / 凯文·李 / 倪大红 / 凯尔·夏皮罗 / 石兆琪 / 周晓鸥 / 房子斌 / 郭广平 / 茹萍 / 洪卫 / 刘腾远 / 索纳·伊姆贝 / 塞缪尔·西维尔奇 / 庄小龙 / 郑好 / 张永达 / 邓紫衣 / 闪媛媛 / 高战 / 王森 / 马东延 / 中国大陆 / 吴京 / 90分钟 / 动作 / 战争 / 吴京 Jacky Wu / 刘毅 Yi Liu / 董群 Qun Dong / 高岩 Yan Gao / 汉语普通话 / 英语
96,昨日青空,https://movie.douban.com/subject/26290410/,2018-10-26,2018-10-26(中国大陆) / 苏尚卿 / 王一博 / 段艺璇 / 马斑马 / 林强 / 中国大陆 / 奚超 / 82分钟 / 爱情 / 动画 / 汉语普通话
97,美人鱼,https://movie.douban.com/subject/19944106/,2016-02-08,2016-02-08(中国大陆) / 2016-02-08(中国香港) / 邓超 / 罗志祥 / 张雨绮 / 林允 / 徐克 / 吴亦凡 / 李尚正 / 卢正雨 / 白客 / 孔连顺 / 田启文 / 文章 / 杨能 / 张美娥 / 李叶青 / 林子聪 / 赵志凌 / 钱国伟 / 范淑珍 / 艾文·科蒂克 / 松冈李那 / 夏尉喻 / 孙嘉灵 / 许雅婷 / 虞嘉娜 / 宁小花 / 孙乐天 / 谭俊彦 / 郭小炜 / 徐轸轸 / 赵芳华 / 田惺 / 叶竞生 / 火火 / 勃小龙 / 李应七 / 赵芷柠 / 中国大陆 / 中国香港 / 周星驰 / 93分钟 / 喜剧 / 爱情 / 奇幻 / 周星驰 Stephen Chow / 李思臻 Kelvin Lee / 何妙祺 Miu-Kei Ho / 卢正雨 Zhengyu Lu / 冯志强 Chi Keung Fung / 陈庆嘉 Hing-Ka Chan / 江玉仪 Ivy Kong / 曾谨昌 Kan-Cheung Tsang / 汉语普通话 / 英语 / 日语
98,致青春·原来你还在这里,https://movie.douban.com/subject/26290642/,2016-07-08,2016-07-08(中国大陆) / 吴亦凡 / 刘亦菲 / 金世佳 / 李沁 / 李梦 / 郝劭文 / 陈燃 / 乔任梁 / 陈果 / 程昱泓 / 潘启言 / 中国大陆 / 周拓如 / 98分钟 / 剧情 / 爱情 / 周拓如 Tuoru Zhou / 辛夷坞 Yiwu Xin / 汉语普通话
99,万万没想到,https://movie.douban.com/subject/26320029/,2015-12-18,2015-12-18(中国大陆) / 白客 / 杨子姗 / 陈柏霖 / 马天宇 / 刘循子墨 / 迈克·安吉洛 / 易小星 / 曾志伟 / 赵文瑄 / 贾玲 / 孔连顺 / 佟丽娅 / 乔任梁 / 刘浩 / 张本煜 / 葛布 / 柯达 / 赵英俊 / 韩寒 / 纪姿含 / 胡洁琼 / 阿杰 / 姜广涛 / 中国大陆 / 易小星 / 95分钟 / 喜剧 / 奇幻 / 冒险 / 古装 / 易小星 Show Joy / 刘循子墨 Xunzimo Liu / 柯达 Ke Da / 胡舒欣 Shuxin Hu / 王伟杰 Weijie Wang / 汉语普通话
100,西游记之孙悟空三打白骨精,https://movie.douban.com/subject/25827963/,2016-02-08,2016-02-08(中国大陆) / 郭富城 / 巩俐 / 冯绍峰 / 小沈阳 / 罗仲谦 / 费翔 / 陈慧琳 / 阿旺仁青 / 彭宇 / 程东 / 刘楚恬 / 余辛 / 魏璐 / 齐浠儿 / 母其弥雅 / 张籽沐 / 叶淑铃 / 赵芷柠 / 中国大陆 / 中国香港 / 郑保瑞 / 120分钟 / 喜剧 / 动作 / 奇幻 / 冉平 Ping Ran / 冉甲男 Jia-nan Ran / 文宁 Ning Wen / 汉语普通话
101,解忧杂货店,https://movie.douban.com/subject/26654146/,2017-12-29,2017-12-29(中国大陆) / 王俊凯 / 迪丽热巴 / 董子健 / 李鸿其 / 董李无忧 / 成龙 / 秦昊 / 陈都灵 / 郝蕾 / 李梦 / 成泰燊 / 高华阳 / 潘斌龙 / 孟慧圆 / 达伦·格罗夫纳 / 高至霆 / 韩震魁 / 韩伏生  / 仉上明珠 / 纪焕博 / 杨奇雨 / 严晓频 / 邢佳栋 / 王骁 / 赵培琳 / 中国大陆 / 韩杰 / 109分钟 / 剧情 / 奇幻 / 宋啸 Xiao Song / 东野圭吾 Keigo Higashino / 孙思雨 Siyu Sun / 朱思溢 Siyi Zhu / 汉语普通话
102,环太平洋：雷霆再起 / Pacific Rim: Uprising,https://movie.douban.com/subject/20435622/,2018-03-23,2018-03-23(美国) / 2018-03-23(中国大陆) / 约翰·博耶加 / 斯科特·伊斯特伍德 / 卡莉·史派妮 / 景甜 / 查理·戴 / 伯恩·戈曼 / 张晋 / 阿德里娅·阿霍纳 / 菊地凛子 / 卡兰·布拉尔 / 黄恺杰 / 伊万娜·萨赫诺 / 新田真剑佑 / 吉丽 / 雪莉·罗德里格斯 / 拉哈特·亚当斯 / 列维·米登 / 达斯汀·克莱尔 / 陈梓童 / 于小伟 / 钱泳辰 / 郭家铭 / 蓝盈莹 / 金桢勋 / 菊池润美 / 丹尼尔·弗雷里格尔 / 齐柏林·汉密尔顿 / 尼克·塔拉贝 / 布里德基·萨蒂纳 / 小蒂姆·约翰逊 / 玛德琳·麦格劳 / 乔什·斯坦伯 / 斯蒂芬妮·阿琳 / 卢克·朱迪 / 马钦承 / 萨曼莎·吉恩 / 美国 / 中国大陆 / www.pacificrimmovie.com / 斯蒂文·S·迪奈特 / 111分钟 / 环太平洋：雷霆再起 / 动作 / 科幻 / 冒险 / 斯蒂文·S·迪奈特 Steven S. DeKnight / 艾米丽·卡迈克尔 Emily Carmichael / 吉拉·斯奈德 Kira Snyder / T·S·诺林 T.S. Nowlin / 特拉维斯·比彻姆 Travis Beacham / 英语 / 汉语普通话
103,独立日2：卷土重来 / Independence Day: Resurgence,https://movie.douban.com/subject/4811813/,2016-06-24,2016-06-24(中国大陆) / 2016-06-24(美国) / 利亚姆·海姆斯沃斯 / 杰夫·高布伦 / 比尔·普尔曼 / 麦卡·梦露 / 杰西·厄舍 / 特拉维斯·托普 / 威廉·菲克纳 / 夏洛特·甘斯布 / 贾德·赫希 / 雪拉·渥德 / 布伦特·斯皮内 / 杨颖 / 薇薇卡·福克斯 / 乔伊·金 / 麦肯娜·格瑞丝 / 道比·欧帕瑞 / 袁文忠 / 史蒂芬·布莱克史密斯 / 乔尔·维里格尔 / 瑞恩·卡特赖特 / 斯塔福德·道格拉斯 / 贝丝·贝利 / 黄芝琪 / 赵路 / 凯茜·梅瑟 / Ivan G'Vera / 约翰·斯托里 / 约书亚·米克尔 / 海斯·威尔弗德 / 加勒特·沃灵 / 罗伯特·劳吉亚 / 格本加·阿金纳格贝 / 帕特里克·圣埃斯普利特 / 泽博·桑德斯 / 黄经汉 / 美国 / 罗兰·艾默里奇 / 120分钟 / 独立日2：卷土重来 / 动作 / 科幻 / 冒险 / 灾难 / 罗兰·艾默里奇 Roland Emmerich / 迪安·德夫林 Dean Devlin / 尼古拉斯·莱特 Nicolas Wright / 詹姆斯·A·伍兹 James A. Woods / 詹姆斯·范德比尔特 James Vanderbilt / 卡特·布兰查德 Carter Blanchard / 英语 / 汉语普通话 / 阿拉伯语
104,复仇者联盟2：奥创纪元 / Avengers: Age of Ultron,https://movie.douban.com/subject/10741834/,2015-05-01,2015-05-01(美国) / 2015-05-12(中国大陆) / 小罗伯特·唐尼 / 克里斯·海姆斯沃斯 / 马克·鲁弗洛 / 克里斯·埃文斯 / 斯嘉丽·约翰逊 / 杰瑞米·雷纳 / 詹姆斯·斯派德 / 塞缪尔·杰克逊 / 唐·钱德尔 / 亚伦·泰勒-约翰逊 / 伊丽莎白·奥尔森 / 保罗·贝坦尼 / 寇碧·史莫德斯 / 安东尼·麦凯 / 海莉·阿特维尔 / 伊德里斯·艾尔巴 / 斯特兰·斯卡斯加德 / 金秀贤 / 托马斯·克莱舒曼 / 安迪·瑟金斯 / 朱莉·德尔佩 / 斯坦·李 / 亨利·古德曼 / 多米尼克·普罗沃斯特-切克利 / 艾萨克·安德鲁斯 / 朱利安·布里奇 / 亚伦·希梅尔斯坦 / 曼德拉·加杜卡 / 费伊·塞维尔 / 凯瑞·康顿 / 英维尔德·黛拉 / 张磊 / 琳达·卡德里尼 / 乔什·布洛林 / B·J·布里特 / 蒂姆·鲍威尔 / 宾利·卡鲁 / 朱莉娅·卡瑞内克 / 汉娜·弗林 / 丹尼尔·韦斯特伍德 / 尼克·W·尼克尔森 / 玛瑞沃拉·嘉沃斯卡 / 卢·弗里基诺 / 王丽雅 / 美国 / marvel.com/avengers / 乔斯·韦登 / 142分钟 / 复仇者联盟2：奥创纪元 / 动作 / 科幻 / 奇幻 / 冒险 / 乔斯·韦登 Joss Whedon / 斯坦·李 Stan Lee / 杰克·科比 Jack Kirby / 英语 / 韩语
105,西游记女儿国,https://movie.douban.com/subject/25829175/,2018-02-16,2018-02-16(中国大陆) / 郭富城 / 冯绍峰 / 赵丽颖 / 小沈阳 / 罗仲谦 / 林志玲 / 梁咏琪 / 刘涛 / 孙伊涵 / 苑琼丹 / 潘斌龙 / 陈雅丽 / 施诗 / 苏丽珊 / 苏菲 / 马赛 / 赵芷柠 / 汤畅 / 管乐 / 孙若淇 / 王路晴 / 李谯玉 / Carolyn Chi-Ning Binti Ahmed / 彭必瑶  / 中国大陆 / 中国香港 / 郑保瑞 / 116分钟 / 喜剧 / 爱情 / 奇幻 / 文宁 Ning Wen / 汉语普通话
106,动物世界,https://movie.douban.com/subject/26925317/,2018-06-29,2018-06-29(中国大陆) / 李易峰 / 迈克尔·道格拉斯 / 周冬雨 / 曹炳琨 / 王戈 / 苏可 / 吴彦姝 / 姚安濂 / 雷汉 / 李宜娟 / 衣云鹤 / 凯文·李 / 喜利图 / 阿尔贝托·兰切洛蒂 / 迟嘉 / 张隽溢 / 王放 / 贾清茹 / 中国大陆 / 韩延 / 132分钟 / 剧情 / 动作 / 冒险 / 韩延 Yan Han / 汉语普通话 / 英语
107,长城 / The Great Wall,https://movie.douban.com/subject/6982558/,2016-12-16,2016-12-16(中国大陆) / 2017-02-17(美国) / 马特·达蒙 / 景甜 / 佩德罗·帕斯卡 / 刘德华 / 威廉·达福 / 张涵予 / 鹿晗 / 彭于晏 / 林更新 / 郑恺 / 黄轩 / 陈学冬 / 王俊凯 / 余心恬 / 刘恩佳 / 李亨 / 李京沐 / 纽曼·阿卡 / 约翰尼·希科 / 皮鲁·埃斯贝克 / 杨伊墨 / 刘文迪 / 凌玲 / 中国大陆 / 美国 / 张艺谋 / 104分钟 / 长城 / 动作 / 奇幻 / 冒险 / 卡洛·伯纳德 Carlo Bernard / 道格·米洛 Doug Miro / 托尼·吉尔罗伊 Tony Gilroy / 马克斯·布鲁克斯 Max Brooks / 爱德华·兹威克 Edward Zwick / 马歇尔·赫斯科维兹 Marshall Herskovitz / 英语 / 汉语普通话
108,狄仁杰之四大天王,https://movie.douban.com/subject/25882296/,2018-07-27,2018-07-27(中国大陆) / 赵又廷 / 冯绍峰 / 林更新 / 阮经天 / 马思纯 / 刘嘉玲 / 盛鉴 / 杨一威 / 唐古特·宝日夫 / 张傲月 / 孙蛟龙 / 汪汐潮 / 铁男 / 李炳雷 / 许明虎 / 王青青 / 刘芊孜 / 黄路霏 / 程昱泓 / 张艺骞 / 吴潇娜 / 贾伟 / 牟凯凯 / 山新 / 中国大陆 / 中国香港 / 徐克 / 132分钟 / 动作 / 悬疑 / 奇幻 / 武侠 / 古装 / 张家鲁 Chia-lu Chang / 徐克 Hark Tsui / 陈国富 Kuo-fu Chen / 汉语普通话
109,一条狗的使命 / A Dog's Purpose,https://movie.douban.com/subject/6873143/,2017-01-27,2017-01-27(美国) / 2017-03-03(中国大陆) / 乔什·加德 / 布丽特·罗伯森 / 丹尼斯·奎德 / 佩吉·利普顿 / K·J·阿帕 / 布莱斯·吉扎尔 / 朱丽叶·赖伦斯 / 卢克·科比  / 加布里埃尔·罗斯 / 迈克尔·博夫舍维尔 / 洛根·米勒 / 柯尔比·豪威尔-巴普蒂斯特 / 普奇·豪尔 / 约翰·奥提兹 / 妮科尔·勒普拉卡 / 彼特·科拉米斯 / 卡罗琳·凯芙 / 简·迈克格雷格 / 科维西·阿梅扬 / 卡琳·博姆拜克 / 娜奥米·弗伦内特 / 美国 / 拉斯·霍尔斯道姆 / 101分钟 / 一条狗的使命 / 剧情 / 喜剧 / 家庭 / W·布鲁斯·卡梅伦 W. Bruce Cameron / 凯瑟琳·迈克 Cathryn Michon / 奥黛丽·威尔斯 Audrey Wells / 玛雅·福布斯 Maya Forbes / 沃利·亚历斯戴尔 Wally Wolodarsky / 英语
110,超时空同居,https://movie.douban.com/subject/27133303/,2018-05-18,2018-05-18(中国大陆) / 雷佳音 / 佟丽娅 / 张衣 / 于和伟 / 王正佳 / 陶虹 / 李念 / 李光洁 / 杨玏 / 范明 / 徐峥 / 杨迪 / 方龄 / 陈昊 / 中国大陆 / 苏伦 / 101分钟 / 喜剧 / 爱情 / 奇幻 / 苏伦 Lun Su / 汉语普通话
111,捉妖记2,https://movie.douban.com/subject/26575103/,2018-02-16,2018-02-16(中国大陆) / 梁朝伟 / 白百何 / 井柏然 / 李宇春 / 杨祐宁 / 大鹏 / 吴君如 / 曾志伟 / 黄磊 / 柳岩 / 吴莫愁 / 伍嘉成 / 赵磊 / 谷嘉诚 / 彭楚粤 / 陈泽希 / 郭子凡 / 肖战 / 焉栩嘉 / 夏之光 / 姜超 / 娄艺潇 / 张俪 / 高赫一 / 巩承琪 / 谭广沙 / 于谷鸣 / 辛雨锡 / 蔡瀚亿 / 陈嘉佳 / 周柏豪  / 颜卓灵 / 彭梓洋 / 中国大陆 / 中国香港 / 许诚毅 / 110分钟 / 喜剧 / 动作 / 奇幻 / 古装 / 吴炜伦 Wai Lun Ng / 陈咏燊 Sunny Chan / 苏亮 Liang Su / 汉语普通话
112,嫌疑人X的献身,https://movie.douban.com/subject/26606743/,2017-03-31,2017-03-31(中国大陆) / 王凯 / 张鲁一 / 林心如 / 叶祖新 / 丁冠森 / 邓恩熙 / 成泰燊 / 赵阳 / 侯明昊 / 焉栩嘉 / 任熙青 / 李炳易 / 赵燕国彰 / 管轩 / 中国大陆 / 苏有朋 / 112分钟 / 剧情 / 犯罪 / 悬疑 / 李佳颖 Carol Li / 黄海 Hai Huang / 苌江 Jiang Chang / 王潮 Chao Wang / 迟海 Hai Chi / 冯元良 Yuanliang Feng / 东野圭吾 Keigo Higashino / 汉语普通话
113,刺客信条 / Assassin's Creed,https://movie.douban.com/subject/11526817/,2016-12-21,2016-12-21(美国) / 2017-02-24(中国大陆) / 迈克尔·法斯宾德 / 玛丽昂·歌迪亚 / 杰瑞米·艾恩斯 / 布莱丹·格里森 / 夏洛特·兰普林 / 迈克尔·肯尼斯·威廉姆斯 / 德尼·梅诺谢 / 亚里安妮·拉贝德 / 赫立德·阿卜杜拉 / 埃茜·戴维斯 / 马蒂亚斯·瓦雷拉 / 卡勒姆·特纳 / 卡洛斯·巴登 / 哈维尔·古铁雷斯 / 霍威克·库区科利安 / 米歇尔·H·林 / 胡安·巴勃罗·舒克 / 鲁弗斯·赖特 / 克里斯塔·克拉克 / 芙洛·费拉科 / 布莱恩·格里森 / 格拉姆·柯里 / 珂珂柯尼希 / 乔·肯纳德 / 美国 / 法国 / 中国香港 / 英国 / 中国台湾 / 马耳他 / 加拿大 / www.foxmovies.com/movies/assassins-creed / 贾斯汀·库泽尔  / 116分钟 / 刺客信条 / 动作 / 历史 / 科幻 / 冒险 / 比尔·科拉奇 Bill Collage / 亚当·库珀 Adam Cooper / 迈克尔·莱斯利 Michael Lesslie / 英语 / 西班牙语
114,加勒比海盗5：死无对证 / Pirates of the Caribbean: Dead Men Tel...,https://movie.douban.com/subject/6311303/,2017-05-26,2017-05-26(中国大陆) / 2017-05-26(美国) / 约翰尼·德普 / 哈维尔·巴登 / 杰弗里·拉什 / 布伦顿·思韦茨 / 卡雅·斯考达里奥 / 凯文·麦克纳利 / 格什菲·法拉哈尼 / 奥兰多·布鲁姆 / 凯拉·奈特莉 / 斯蒂芬·格拉汉姆 / 大卫·文翰 / 保罗·麦卡特尼 / 马丁·科勒巴 / 亚当·布朗 / 丹尼·基兰 / 马赫什·扎杜 / 胡安·卡洛斯·凡希多 / 安东尼·德拉托尔 / 詹姆斯·麦凯 / 罗伯特·摩根 / 派珀·奈恩 / 美国 / 艾斯彭·山德伯格 / 乔阿吉姆·罗恩尼 / 129分钟 / 加勒比海盗5：死无对证 / 动作 / 奇幻 / 冒险 / 特里·鲁西奥 Terry Rossio / 泰德·艾略特 Ted Elliott / 斯图尔特·贝亚蒂耶 Stuart Beattie / 杰夫·内桑森 Jeff Nathanson / 杰·沃尔伯特 Jay Wolpert / 英语
115,古墓丽影：源起之战 / Tomb Raider,https://movie.douban.com/subject/3445906/,2018-03-16,2018-03-16(美国/中国大陆) / 艾丽西亚·维坎德 / 多米尼克·韦斯特 / 沃尔顿·戈金斯 / 吴彦祖 / 克里斯汀·斯科特·托马斯 / 汉娜·乔恩-卡门 / 尼克·弗罗斯特 / 德里克·雅各比 / 安东尼奥·阿克儿 / 亚历山大·维尧姆 / 杰美·温斯顿 / 迈克尔·奥拜奥拉 / 艾米丽·凯里 / 肯尼思·霍 / 伯纳多·桑托斯 / 约瑟夫·阿尔京 / 密尔顿·施尔 / 罗温·波隆斯基 / 邓肯·艾尔利·詹姆斯 / 美国 / 罗阿尔·乌索格 / 118分钟 / 古墓丽影：源起之战 / 动作 / 冒险 / 吉内瓦·德沃莱特-罗宾森 Geneva Dworet-Robertson / 阿拉斯泰尔·西登斯 Alastair Siddons / 埃文·达赫迪 Evan Daughterty / 英语
116,全球风暴 / Geostorm,https://movie.douban.com/subject/22266012/,2017-10-20,2017-10-20(美国) / 2017-10-27(中国大陆) / 杰拉德·巴特勒 / 吉姆·斯特吉斯 / 艾比·考尼什 / 亚历山德拉·玛丽亚·拉娜 / 吴彦祖 / 欧赫尼奥·德尔维斯 / 阿马尔·维克德 / 阿德普波·奥杜耶 / 安迪·加西亚 / 艾德·哈里斯 / 罗伯特·席安 / 理查德·希夫 / 梅尔·温宁汉姆 / 莎姬·贝兹 / 特丽莎·贝特曼 / 肖恩·保罗·布劳德 / 杰里米·雷·泰勒 / 兰德尔·P·海文斯 / 德鲁·鲍威尔 / 丹妮娜佳西雅罗丽朵 / 美国 / 迪安·德夫林 / 109分钟 / 全球风暴 / 动作 / 科幻 / 灾难 / 迪安·德夫林 Dean Devlin / 保罗·盖特 Paul Guyot / 英语 / 粤语 / 俄语 / 印地语 / 西班牙语
117,极盗车神 / Baby Driver,https://movie.douban.com/subject/25933890/,2017-03-11,2017-03-11(西南偏南电影节) / 2017-06-28(英国/美国) / 2017-08-25(中国大陆) / 安塞尔·艾尔高特 / 凯文·史派西 / 杰米·福克斯 / 乔恩·哈姆 / 艾莎·冈萨雷斯 / 莉莉·詹姆斯 / 乔·博恩瑟 / 米迦·霍华德 / 摩根·布朗 / CJ·琼斯 / 斯凯·费雷拉 / 兰斯·帕默 / 哈德森·米克 / 薇薇安娜·查维斯 / 哈尔·怀特塞德 / 弗利 / 兰尼·琼 / 克莱·方特诺特 / R·马科斯·泰勒 / 帕特里克·R·沃克 / 保罗·威廉姆斯 / 维布尔·弗利茨杰拉德 / 大冯波 / 本·范德梅 / 杰夫·蔡斯 / 英国 / 美国 / 埃德加·赖特 / 113分钟 / 112分钟(中国大陆) / 极盗车神 / 动作 / 犯罪 / 音乐 / 埃德加·赖特 Edgar Wright / 英语 / 美国手语
