,title,link,views
0,B3log å¼€æºç¤¾åŒºæ¬¢è¿å¤§å®¶åŠ å…¥ï¼,https://hacpai.com/article/1463025124998,19400.0
1,å¼€æºç»éªŒè°ˆ,https://hacpai.com/article/1501603146956,6700.0
2,å¦‚æœä½ æƒ³åšä¸ªç¨‹åºå‘˜ç›¸å…³çš„è®ºå›ï¼Œè¯·ä¸‰æ€,https://hacpai.com/article/1471007706462,6600.0
3,å¬äº›ä¸ä¸€æ ·çš„éŸ³ä¹å§ã€nikolai kapustinã€‘,https://hacpai.com/article/1460559052167,5800.0
4,æœ‰æ²¡æœ‰ä¸Š v2ex ç¤¾åŒºï¼Œæ„Ÿè§‰é‡Œé¢éƒ½æ˜¯æŠ€æœ¯å¤§ç‰›ã€éƒ½æ˜¯äººç”Ÿèµ¢å®¶å•Šã€‚,https://hacpai.com/article/1499011237425,5400.0
5,2017 æˆä¸ºæŠ¥åºŸç¨‹åºå‘˜çš„å‰ä¸€å¹´,https://hacpai.com/article/1514687638181,4700.0
6,å¯¹äºæˆ‘ä»¬è€Œè¨€ï¼ŒæŠ€æœ¯ç©¶ç«Ÿæ˜¯ä»€ä¹ˆï¼Ÿ,https://hacpai.com/article/1521119918775,3700.0
7,é»„å±± - æ­å·äº”æ—¥æ¸¸è®°,https://hacpai.com/article/1488300132138,3700.0
8,æˆ‘è¦åæ§½é˜¿é‡Œäº‘çš„å¤‡æ¡ˆå¹•å¸ƒ,https://hacpai.com/article/1483607951510,3700.0
9,ã€åŸåˆ›å¹²è´§ã€‘å¾®ä¿¡å°æ¸¸æˆæµ·ç›—æ¥äº†æºç åˆ†æ (JAVA è¾…åŠ©),https://hacpai.com/article/1525115554985,3600.0
10,2016 ä¸€ä¸ªæƒ³åšæ¶æ„å¸ˆçš„ç å†œ,https://hacpai.com/article/1483027307708,3200.0
11,ä¸ªä¸ªæµ‘èº«æ˜¯èƒ†ï¼Œéƒ¨éƒ¨çƒ­è¡€æ²¸è…¾â€”â€”æ¨è9éƒ¨é«˜åˆ†ç‰¹ç§ä½œæˆ˜ç”µå½±,https://hacpai.com/article/1446525877379,2500.0
12,Java å¼€æºåšå®¢ Solo 2.7.0 å‘å¸ƒ,https://hacpai.com/article/1520345077734,2400.0
13,2018 æˆä¸ºæŠ¥åºŸç¨‹åºå‘˜çš„ç¬¬ä¸€å¹´,https://hacpai.com/article/1546225387284,2300.0
14,æ—¶éš”åå¹´å†æ¸¸è½¿å­é›ªå±±,https://hacpai.com/article/1488208904651,2300.0
15,ç®€æ´ç¾è§‚çš„ Java åšå®¢ç³»ç»Ÿ Tale å¼€æºäº†ï¼Œè®©æ¯ä¸€ä¸ªæœ‰æ•…äº‹çš„äººæ›´å¥½çš„è¡¨è¾¾æƒ³æ³•,https://hacpai.com/article/1488033951901,2300.0
16,ä»è‡ªåŠ¨åŒ–è„šæœ¬è°ˆå›åˆåˆ¶æ¸¸æˆ,https://hacpai.com/article/1458203478626,2300.0
17,2015ï¼Œè½°åŠ¨å…¨çƒçš„8éƒ¨é€†å¤©ç¥å‰§ï¼Œéœ‡æ’¼ï¼,https://hacpai.com/article/1450948425795,2300.0
18,Java å¼€æºåšå®¢ â€”â€” Solo 1.0.0 å‘å¸ƒäº†ï¼,https://hacpai.com/article/1442461563547,2100.0
19,Go è¯­è¨€ IDE - Wide 1.5.3 å‘å¸ƒ,https://hacpai.com/article/1502247172047,2100.0
20,Java å¼€æºåšå®¢ Solo 1.3.0 å‘å¸ƒ - Docker æ”¯æŒ,https://hacpai.com/article/1450507069972,2100.0
21,æˆ‘ä¸ºä»€ä¹ˆè¦ç”¨ä¸­æ–‡å†™é¡¹ç›®æ–‡æ¡£,https://hacpai.com/article/1566191673842,2000.0
22,Go å¼€æºåšå®¢å¹³å° Pipe 1.4.0 å‘å¸ƒï¼,https://hacpai.com/article/1521599743284,2000.0
23,Thief-Book â€“ ä¸Šç­æ‘¸é±¼ç¥å™¨ [Win/Mac/VS Code],https://hacpai.com/article/1563849126172,1900.0
24,Java å¼€æºåšå®¢â€”â€”B3log Solo 0.6.6 æ­£å¼ç‰ˆå‘å¸ƒäº†ï¼,https://hacpai.com/article/1398400707269,1900.0
25,é€ƒç¦»åŒ—ä¸Šå¹¿ï¼ˆè–ªèµ„ / æˆ¿ä»·ï¼‰,https://hacpai.com/article/1563953586287,1800.0
26,20190215 TGIF,https://hacpai.com/article/1550192905665,1800.0
27,B3log å¼€æº Q ç¾¤ç®¡ç†å‘˜æ‹›è˜å•¦,https://hacpai.com/article/1463924826738,1800.0
28,åŸºäº Web çš„ Go è¯­è¨€ IDE - Wide 1.5.0 å‘å¸ƒï¼,https://hacpai.com/article/1454642390522,1800.0
29,åä¸ºå¼€æºå¹³å°ä¸Šçº¿,https://hacpai.com/article/1567220590114,1700.0
30,Java å¼€æºåšå®¢ â€”â€” Solo 0.6.9 å‘å¸ƒäº†ï¼,https://hacpai.com/article/1435544295119,1700.0
31,å…è´¹é¢†å–ç™¾åº¦åŒºå—é“¾â€œè±èŒ¨ç‹—â€,https://hacpai.com/article/1517892079003,1700.0
32,Go å¼€æºåšå®¢å¹³å° Pipe 1.0.0 å‘å¸ƒï¼,https://hacpai.com/article/1514431709556,1700.0
33,æ€ä¹ˆè®© Q ç¾¤ä¸¤ä¸ªæœºå™¨äººèŠèµ·æ¥ï¼Ÿï¼,https://hacpai.com/article/1495184056384,1700.0
34,Java å¼€æºåšå®¢ Solo 1.2.0 å‘å¸ƒ - ä¸€é”®å¯åŠ¨,https://hacpai.com/article/1449026390274,1700.0
35,B ç«™åç«¯æºç è¢«å…¬å¼€äº†,https://hacpai.com/article/1555927598689,1600.0
36,Java å¼€æºåšå®¢ Solo 2.3.0 å‘å¸ƒ,https://hacpai.com/article/1504150339315,1600.0
37,æ­å»º Ogame é“¶æ²³å¸å›½æœåŠ¡å™¨çš„é‚£äº›äº‹å„¿ ~,https://hacpai.com/article/1497871498842,1600.0
38,åŸºäº Web çš„ Go è¯­è¨€ IDE - Wide 1.5.2 å‘å¸ƒï¼,https://hacpai.com/article/1481769670521,1600.0
39,Java å¼€æºåšå®¢ Solo 2.8.0 å‘å¸ƒ,https://hacpai.com/article/1523932059345,1500.0
40,Java å¼€æºåšå®¢ Solo 2.5.0 å‘å¸ƒ,https://hacpai.com/article/1513746439653,1500.0
41,ä¸€æ¬¾ç»“æ„åŒ–çš„ Markdown å¼•æ“ï¼Œä¸ºæœªæ¥è€Œæ„å»º,https://hacpai.com/article/1567047822949,1400.0
42,Java å¼€æºåšå®¢ Solo 2.4.0 å‘å¸ƒ,https://hacpai.com/article/1506050482466,1400.0
43,ç¤¾åŒºç‹è€…è£è€€ç»„é˜Ÿç¾¤ï¼ˆé•¿æœŸæœ‰æ•ˆæ›´æ–°ï¼‰,https://hacpai.com/article/1484214011718,1400.0
44,Java ç¤¾åŒºè®ºå› - Sym 1.5.0 å‘å¸ƒ,https://hacpai.com/article/1471574493590,1400.0
45,Java å¼€æºåšå®¢â€”â€”B3log Solo 0.6.5 æ­£å¼ç‰ˆå‘å¸ƒäº†ï¼,https://hacpai.com/article/1383269580969,1300.0
46,Java ç¤¾åŒºå¹³å° Sym 2.6.0 å‘å¸ƒ,https://hacpai.com/article/1523320655615,1300.0
47,Java Web å¼€æºæ¡†æ¶ Latke 2.4.1 å‘å¸ƒï¼ŒORM ç”Ÿæˆæ”¹è¿›,https://hacpai.com/article/1522908946586,1300.0
48,Java å¼€æºåšå®¢ Solo 2.6.0 å‘å¸ƒ,https://hacpai.com/article/1517468377777,1300.0
49,Java å¼€æºåšå®¢ Solo 2.2.0 å‘å¸ƒ,https://hacpai.com/article/1499692251155,1300.0
50,å‰ç«¯ç°åœ¨å€¼å‡ ä¸ªä»· ~,https://hacpai.com/article/1487138358965,1300.0
51,Pentaho 6.0 å®‰è£…ä¸å¯åŠ¨æ•™ç¨‹,https://hacpai.com/article/1457440717408,1300.0
52,20190719 TGIF,https://hacpai.com/article/1563498267746,1200.0
53,YGOPRO-520DIY,https://hacpai.com/article/1541768258435,1200.0
54,ç”µå½±å›½åº¦ - ä¸“æ³¨ç”µå½±åˆ†äº« 20 å¹´,https://hacpai.com/article/1525445224063,1200.0
55,Go å¼€æºåšå®¢å¹³å° Pipe 1.3.0 å‘å¸ƒï¼,https://hacpai.com/article/1518154723635,1200.0
56,Java å®æ—¶è®ºå› - Sym 1.4.0 å‘å¸ƒ,https://hacpai.com/article/1469762913967,1200.0
57,éŸ©å›½ç”µå½± -028- å¯„ç”Ÿè™« - Parasite -2019,https://hacpai.com/article/1565164696623,1100.0
58,GitHub å°é”ä¼Šæœ—ç”¨æˆ·ç§æœ‰ä»“åº“,https://hacpai.com/article/1564163536954,1100.0
59,ç”µå½±å›½åº¦ - è“å…‰ç”µå½±ä¸‹è½½ç«™,https://hacpai.com/article/1525776055436,1100.0
60,Java ç¤¾åŒºå¹³å° Sym 2.7.0 å‘å¸ƒï¼Œé¦–é¡µæ”¹ç‰ˆ,https://hacpai.com/article/1525364510282,1100.0
61,åŸºäº Spring Boot å’Œ Shiro çš„æƒé™ç®¡ç†ç³»ç»Ÿï¼Œç•Œé¢é£æ ¼ä¸º Material Designï¼Œæ±‚ä¸ª StarğŸ˜‹,https://hacpai.com/article/1521705587628,1100.0
62,è¯´å‡ºä½ æœ€å­¤ç‹¬çš„æ—¶å€™,https://hacpai.com/article/1520576168252,1100.0
63,Go å¼€æºåšå®¢å¹³å° Pipe 1.2.0 å‘å¸ƒï¼,https://hacpai.com/article/1516343873822,1100.0
64,Java å¼€æºåšå®¢ Solo 1.8.0 å‘å¸ƒ - æ”¹è¿›æ–‡ä»¶ä¸Šä¼ ,https://hacpai.com/article/1485143241940,1100.0
65,Java ç¤¾åŒºè®ºå› - Sym 1.6.0 å‘å¸ƒ,https://hacpai.com/article/1476845608414,1100.0
66,ä¸Šæ¬¡å¼€æºäº†ä»Šæ—¥çƒ­æ¦œçš„ API æ¥å£ï¼Œè¿™æ¬¡ç›´æ¥å¼€æºçƒ­æ¦œ GO åç«¯ä»£ç å§,https://hacpai.com/article/1565159387108,1000.0
67,Java å¼€æºåšå®¢ Solo 2.9.0 å‘å¸ƒï¼Œæ”¯æŒåå°æ–‡ç« æœç´¢,https://hacpai.com/article/1526519602248,1000.0
68,Java ç¤¾åŒºå¹³å° Sym 2.5.0 å‘å¸ƒ,https://hacpai.com/article/1520990044918,1000.0
69,è‹±é›„è”ç›Ÿç‰¹æ•ˆå…¨å¼€ï¼Œéœ€è¦ä»€ä¹ˆç”µè„‘é…ç½®,https://hacpai.com/article/1498705778608,1000.0
70,è·Ÿåå¹´å‰çš„ D å¤§æ¯”ä¸€æ¯”ï¼Œå°±çŸ¥é“äººç”Ÿè¿˜æœ‰æ²¡æœ‰å¸Œæœ›äº† ğŸ˜‚,https://hacpai.com/article/1481249416072,1000.0
71,Java ç¤¾åŒºå¹³å° - Sym 1.7.0 å‘å¸ƒ,https://hacpai.com/article/1481077678502,1000.0
72,Solo åšå®¢ç³»ç»Ÿ 1.7.0 å‘å¸ƒ - æ–°ç‰ˆ MD ç¼–è¾‘å™¨,https://hacpai.com/article/1478745509611,1000.0
73,è€³æœµç¦åˆ©ï¼šåˆ†äº«ä¸€ä¸ªå¯åœ¨çº¿æ’­æ”¾çš„æ— æŸéŸ³ä¹ç½‘ç«™ï¼Œæ— å¹¿å‘Šï¼Œå¾— fq,https://hacpai.com/article/1536058149643,982.0
74,Java å¼€æºåšå®¢ Solo 2.0.0 å‘å¸ƒ - èšåˆåˆ†ç±»,https://hacpai.com/article/1492099966859,980.0
75,å…³äºæŠ–éŸ³è·Ÿå¿«æ‰‹é‚£ä¸ªæ›´æœ‰é•¿è¿œçš„å‘å±•ï¼Ÿ,https://hacpai.com/article/1521916112694,970.0
76,20190816 TGIF,https://hacpai.com/article/1565887485622,954.0
77,AlphaGo å¼€æºäº†,https://hacpai.com/article/1457686748747,950.0
78,20170818 TGIF,https://hacpai.com/article/1503021289755,931.0
79,Java å¼€æºåšå®¢â€”â€”B3log Solo 0.5.6 æ­£å¼ç‰ˆå‘å¸ƒäº†ï¼,https://hacpai.com/article/1361251118852,926.0
80,Java å¼€æºåšå®¢ Solo 2.9.2 å‘å¸ƒï¼Œçœ‹æ¿å¨˜æ¥äº†,https://hacpai.com/article/1532567800804,922.0
81,ç”µå½±å›½åº¦ ä¸€ä¸ªæ‹¥æœ‰æ”¶è—çº§åˆ«ç”µå½±ç‰‡æºçš„ç½‘ç«™,https://hacpai.com/article/1521429985495,920.0
82,å¼€æºåšå®¢ç³»çµ± Solo 2.9.7 å‘å¸ƒï¼Œæ–°çš®è‚¤ Jane,https://hacpai.com/article/1544494910517,917.0
83,Java å¼€æºåšå®¢ Solo 2.9.4 å‘å¸ƒï¼Œæ–°çš®è‚¤åŠ æ•°æ®åº“é‡æ„,https://hacpai.com/article/1537109312363,909.0
84,Java ç¤¾åŒºå¹³å° Sym 2.0.0 å‘å¸ƒ,https://hacpai.com/article/1488854554507,906.0
85,å¤ªå¾ç»˜å·æºä»£ç å…¨æ˜¯ IF_ELSE è¯­å¥çš„ä¼ è¨€æ˜¯çœŸçš„å—?,https://hacpai.com/article/1538064202966,902.0
86,Java ç¤¾åŒºå¹³å° Sym 2.1.0 å‘å¸ƒ,https://hacpai.com/article/1495121357038,893.0
87,Java å¼€æºåšå®¢ Solo 2.9.1 å‘å¸ƒï¼Œæ”¯æŒ PJAX,https://hacpai.com/article/1530067238194,889.0
88,Go å¼€æºåšå®¢å¹³å° Pipe 1.5.0 å‘å¸ƒï¼,https://hacpai.com/article/1524641193727,885.0
89,Java å¼€æºåšå®¢ Solo 2.1.0 å‘å¸ƒ,https://hacpai.com/article/1495722503519,884.0
90,çº¢åœŸåœ°,https://hacpai.com/article/1459870937578,877.0
91,å¦‚ä½•æœ‰æ•ˆçš„å‹æµ‹ç³»ç»Ÿ,https://hacpai.com/article/1466476513878,862.0
92,æˆ‘æƒ³å¬å¬ä½ ä»¬çš„çœ‹æ³•,https://hacpai.com/article/1530685450714,861.0
93,Java å¼€æºåšå®¢ Solo 2.9.5 å‘å¸ƒï¼Œå¤§é‡ç»†èŠ‚ä¼˜åŒ–,https://hacpai.com/article/1539139945647,849.0
94,Java å¼€æºåšå®¢â€”â€”B3log Solo 0.6.1 æ­£å¼ç‰ˆå‘å¸ƒäº†ï¼,https://hacpai.com/article/1377340974335,845.0
95,2017 æ¸¸è®°ï¼ˆä¸Šï¼‰â€”â€”ä»çæƒœæ¯ä¸ªåŒä¼‘åˆ°æ— å¿ƒäº«å—å‘¨æœ«,https://hacpai.com/article/1516457510336,843.0
96,æˆ‘è¦ä¸€æ‰€å¤§æˆ¿å­ æœ‰å¾ˆå¤§çš„è½åœ°çª—æˆ· é˜³å…‰æ´’åœ¨åœ°æ¿ä¸Š ä¹Ÿæ¸©æš–äº†æˆ‘çš„è¢«å­,https://hacpai.com/article/1459611259262,834.0
97,Mac ä¸‹ php ç‰ˆæœ¬é™çº§åˆ‡æ¢ï¼Œphp7--&gt;php5.3,https://hacpai.com/article/1477996477467,832.0
98,ä½ çš„æ°”è´¨é‡Œï¼Œè—ç€ä½ èµ°è¿‡çš„è·¯ çœ‹è¿‡çš„ä¹¦å’Œçˆ±è¿‡çš„äºº,https://hacpai.com/article/1499415294838,826.0
99,Go åšå®¢å¹³å° Pipe 1.8.0 å‘å¸ƒï¼Œæ”¯æŒæ‘˜è¦ç¼–è¾‘,https://hacpai.com/article/1533785855258,814.0
100,20170915 TGIF,https://hacpai.com/article/1505436538515,809.0
101,Solo v3.4.0 å‘å¸ƒï¼Œè‡ªåŠ¨åŒæ­¥ GitHub ä»“åº“,https://hacpai.com/article/1553561154369,806.0
102,æ¸¸æˆç‹ 520DIY2018.11.11 æ›´æ–°,https://hacpai.com/article/1541958087630,804.0
103,ã€èæ–‡è´´ã€‘ã€ŠGitHub ä¸Šçš„æ˜Ÿæ˜Ÿæ•°ä¸ä¼šæ›¿ä½ äº¤æˆ¿ç§Ÿã€‹,https://hacpai.com/article/1566140627463,790.0
104,å¿«æ¥ç”³è¯· b3log.org äºŒçº§åŸŸåå§ï¼,https://hacpai.com/article/1382619953243,781.0
105,Java å¼€æºåšå®¢ Solo 1.9.0 å‘å¸ƒ - æ–°çš®è‚¤,https://hacpai.com/article/1487662607431,776.0
106,2017- å˜,https://hacpai.com/article/1519402133816,750.0
107,Java ç¤¾åŒºå¹³å° Sym 2.8.0 å‘å¸ƒï¼Œæ–°å¢å¾®åšåŠŸèƒ½,https://hacpai.com/article/1527210884306,741.0
108,Java ç¤¾åŒºå¹³å° Sym 2.2.0 å‘å¸ƒ,https://hacpai.com/article/1509516824402,740.0
109,Java å¼€æºåšå®¢ Solo 2.9.3 å‘å¸ƒï¼Œå¯æŒ‡å®šç§»åŠ¨ç«¯çš®è‚¤,https://hacpai.com/article/1534989198402,739.0
110,å¦‚ä½•åˆ©ç”¨ showdoc è‡ªåŠ¨ç”Ÿæˆ API æ–‡æ¡£,https://hacpai.com/article/1534727651810,736.0
111,å‚ä¸ GitHub å¼€æºé¡¹ç›®æ¨è,https://hacpai.com/article/1568338280463,735.0
112,"â•®(ï¿£â–½ï¿£"")â•­å¤©ä¸‹æ— ä¸æ•£ä¹‹å®´å¸­ ------ è®°ä¸€æ¬¡æŠ€æœ¯éƒ¨äººå‘˜ç¦»èŒ",https://hacpai.com/article/1491033300494,733.0
113,å¼€æºåšå®¢ç³»çµ± Solo 2.9.6 å‘å¸ƒï¼Œå¤§é‡ç»†èŠ‚ä¼˜åŒ–,https://hacpai.com/article/1542252980969,731.0
114,ä¸€ä¸ªå›°æƒ‘æˆ‘å¾ˆä¹…çš„é—®é¢˜ï¼ˆéæŠ€æœ¯å‘,https://hacpai.com/article/1477712659044,731.0
115,å¼€å‘ä¸€ä¸ªå®Œæ•´çš„ç›´æ’­ appï¼Ÿçœ‹è¿™é‡Œå°±å¤Ÿäº†ï¼ˆå…­ï¼‰ç°ä»£æ’­æ”¾å™¨åŸç†,https://hacpai.com/article/1475121276839,729.0
116,å¼€æºé™æ€ä»£ç å®¡è®¡è½¯ä»¶åˆ†ææ¯”å¯¹,https://hacpai.com/article/1536722559569,726.0
117,Solo v3.2.0 å‘å¸ƒï¼Œæ–°å¢çœ‹æ¿å¨˜æ¨¡å‹,https://hacpai.com/article/1551746941427,723.0
118,æš´èºï¼Œæ— æ¯”æš´èºï¼ŒæŒ¤åœ°é“éƒ½åˆ†åˆ†é’Ÿæƒ³ç äºº,https://hacpai.com/article/1559612439004,722.0
119,YGOPRO 999DIY æœ,https://hacpai.com/article/1484662605966,719.0
120,éŸ³ä¹åˆ†äº«åŠŸèƒ½,https://hacpai.com/article/1464416402922,719.0
121,æ­£èƒ½é‡çš„é¦ˆèµ ,https://hacpai.com/article/1555290109269,718.0
122,â€œæˆ˜ç‹¼ 2â€è®©å¾ˆå¤šäººä¸­æ¯’äº†,https://hacpai.com/article/1501467809811,711.0
123,æ¨èä¸€é¦–æ­Œï¼šæ´¾å¯¹åŠ¨ç‰© - äº”æœˆå¤©ï¼ˆé™„ï¼šã€Šè‡ªä¼ ã€‹ä¸“è¾‘ WAV æ— æŸ HQ ç‰ˆä¸‹è½½ï¼‰,https://hacpai.com/article/1468511707608,704.0
124,æ±‚å¤ä»‡è€…è”ç›Ÿ 3 ä¸‹è½½èµ„æº,https://hacpai.com/article/1526194645905,701.0
125,å¼€å‘ä¸€ä¸ªå®Œæ•´çš„iOSç›´æ’­appï¼Ÿçœ‹è¿™é‡Œå°±å¤Ÿäº†ï¼ˆä¸€ï¼‰é‡‡é›†,https://hacpai.com/article/1472194048816,694.0
126,è–›ä¹‹è°¦ç«åˆ°æ—¥æœ¬äº†ï¼æ—¥æ–‡ç‰ˆã€Šæ¼”å‘˜ã€‹å¥½å¬åˆ°å“­ï¼,https://hacpai.com/article/1504102330823,690.0
127,NetBeans è¦è¢«ç§»äº¤ç»™ Apache åŸºé‡‘ä¼šäº†,https://hacpai.com/article/1473736925294,679.0
128,Thief-Book 3.0 æœ€å¼ºç‰ˆæœ¬æ‘¸é±¼å‘å¸ƒï¼Œ TouchBar ä¸Šçœ‹å°è¯´ã€ç‚’è‚¡,https://hacpai.com/article/1566799391315,672.0
129,Solo v3.1.0 å‘å¸ƒï¼Œæ–°çš®è‚¤ Pinghsu,https://hacpai.com/article/1551334344078,671.0
130,ä½ ä»¬æœ‰è°å…»äº†ä»¥å¤ªçŒ«ï¼Ÿ,https://hacpai.com/article/1513237306595,670.0
131,MD ç¼–è¾‘å™¨ Vditor v0.1.8 å‘å¸ƒï¼Œç»†èŠ‚æ”¹è¿›,https://hacpai.com/article/1550114873489,665.0
132,å¼€æºåšå®¢ç³»çµ± Solo v2.9.9 å‘å¸ƒï¼ŒåŒæ­¥ GitHub ä»“åº“,https://hacpai.com/article/1548859274766,660.0
133,ä¸»æµè§†é¢‘ç«™ VIP è§†é¢‘ + å»å¹¿å‘Š,https://hacpai.com/article/1518057253598,659.0
134,Java ç¤¾åŒºå¹³å° Sym 2.3.0 å‘å¸ƒ,https://hacpai.com/article/1513141691403,645.0
135,æˆ‘ä»¬çš„æ’åå‡åˆ° 123 äº†ï¼Œéå¸¸æ„Ÿè°¢ b3logï¼ˆç‰¹åˆ«æ˜¯ d å¤§ï¼‰çš„æ”¯æŒ,https://hacpai.com/article/1558326657100,641.0
136,20180316 TGIF,https://hacpai.com/article/1521164209353,640.0
137,Java ç¤¾åŒºå¹³å° - Sym 1.9.0 å‘å¸ƒ,https://hacpai.com/article/1484210995211,637.0
138,ç©æ¸¸æˆå¾ˆæµªè´¹æ—¶é—´ï¼Œä½†ä¸ºä»€ä¹ˆä»æœ‰å¾ˆå¤šäººæ²‰è¿·å…¶ä¸­ï¼Ÿ,https://hacpai.com/article/1555466554717,630.0
139,æ¸¸æˆç­–åˆ’ï¼šä¸ºä»€ä¹ˆæˆ‘çš„å„¿å­ä¸æ²‰è¿·æ¸¸æˆï¼Ÿ,https://hacpai.com/article/1528685461141,623.0
140,æ¨èå‡ ä¸ªä¼˜ç§€çš„å¼€æºçš„é¡¹ç›®,https://hacpai.com/article/1520844470762,622.0
141,Solo v3.0.0 å‘å¸ƒï¼Œå’Œç¤¾åŒºæ·±åº¦é›†æˆ,https://hacpai.com/article/1550329964759,621.0
142,æ±‚æ¨èç”µå½±ï¼Œé€‚åˆç«è½¦ä¸Šä¸¤ä¸ªäººçœ‹çš„,https://hacpai.com/article/1517388818609,616.0
143,åŸºäº Taro ä¸ Typescript å¼€å‘çš„ç½‘æ˜“äº‘éŸ³ä¹å°ç¨‹åº,https://hacpai.com/article/1565326771652,615.0
144,Go å¼€æºåšå®¢å¹³å° Pipe 1.1.0 å‘å¸ƒï¼,https://hacpai.com/article/1515641797476,612.0
145,solo åšå®¢æ­å»ºæ•™ç¨‹æµç¨‹ç‰ˆæœ¬,https://hacpai.com/article/1528805681542,610.0
146,GitHubï¼šå¼€æºä»£ç ä¹Ÿå—ç¾å›½å‡ºå£ç®¡åˆ¶,https://hacpai.com/article/1558494090258,607.0
147,âš½âš½,https://hacpai.com/article/1527339861567,602.0
148,å¤§å­¦å†™çš„ä¸€ä¸ª Java Web æ¡†æ¶,https://hacpai.com/article/1563278925086,595.0
149,ç»˜ç”»æ¿ 02â€”â€”æŠ½è±¡å¹¶å®ç°å›¾å½¢ç»˜åˆ¶åŠŸèƒ½,https://hacpai.com/article/1474421622577,595.0
150,æ´»ç€,https://hacpai.com/article/1508899485768,594.0
151,Excelize - Golang æ“ä½œ Office Excel æ–‡æ¡£ç±»åº“,https://hacpai.com/article/1474181012843,593.0
152,20180302 TGIF,https://hacpai.com/article/1519956755542,589.0
153,20170428 TGIF,https://hacpai.com/article/1493342288166,589.0
154,Golang å®ç°æ·»åŠ æ–‡ä»¶å¤´çš„å°å·¥å…·,https://hacpai.com/article/1451959349092,588.0
155,æ—¥æœ¬è€ç”µå½± -019- åœ°ç‹± - Jigoku -1979,https://hacpai.com/article/1512636689838,583.0
156,Java ç¤¾åŒºå¹³å° Sym 3.0.0 å‘å¸ƒï¼Œæ–°å¢é—®ç­”å¸–,https://hacpai.com/article/1528862109296,579.0
157,20170113 TGIF,https://hacpai.com/article/1484269256305,574.0
158,å¼€æºç§å¯†èŠå¤©â€”â€”æŠŠ VPS å˜æˆè‡ªå·±çš„å¾®ä¿¡ç§æœ,https://hacpai.com/article/1528361762942,570.0
159,å•¦å•¦å•¦ï¼Œä¸ªäººä¸»é¡µä¸Šçº¿å•¦ï¼Œå¼€æ£®,https://hacpai.com/article/1544021867951,558.0
160,hello æœ€è¿‘æœ‰å¥½çœ‹çš„ç”µå½±å—ï¼Ÿã€æ‰“èµ 50 ç§¯åˆ†ã€‘,https://hacpai.com/article/1566900586681,555.0
161,å°åº¦ç”µå½± -011- æ‘”è·¤å§! çˆ¸çˆ¸ -Wrestling Competition-2016,https://hacpai.com/article/1494731630219,554.0
162,Java ç¤¾åŒºå¹³å° Sym 2.4.0 å‘å¸ƒ,https://hacpai.com/article/1517970640599,549.0
163,å…«éŸ³ç®€è°±,https://hacpai.com/article/1565622691312,548.0
164,å»æ—¥æœ¬æ—…è¡Œç®€å•æ”»ç•¥,https://hacpai.com/article/1553077528767,548.0
165,æ™’æ™’ç…§ç‰‡~,https://hacpai.com/article/1465710397903,546.0
166,å¥³ç¥ç¿»å”±ï¼Œä¸çŸ¥é“æ­Œå,https://hacpai.com/article/1507297591187,542.0
167,å›é¡¾è¥¿å®‰ä¹‹è¡Œï¼ˆäºŒï¼‰,https://hacpai.com/article/1436334545255,542.0
168,å½±è§†ç±»ï¼Œå…è´¹æä¾›ï¼Œçœ‹ç”µå½±æ— éœ€è¾›è‹¦æ‰¾èµ„æº,https://hacpai.com/article/1514276629560,536.0
169,Go åšå®¢å¹³å° Pipe 1.6.0 å‘å¸ƒï¼Œæ”¯æŒ sitemap,https://hacpai.com/article/1527731300003,530.0
170,ç¾å¥³ J.Fla ç¿»å”± Luis Fonsi - Despacito,https://hacpai.com/article/1507094756925,530.0
171,è¯¥ç‰ˆã€Šå…‰è¾‰å²æœˆã€‹æ˜¯å“ªä¸ªå¥³ç”Ÿç¿»å”±ï¼Ÿ,https://hacpai.com/article/1467697711693,530.0
172,20190906 TGIF,https://hacpai.com/article/1567699208253,529.0
173,B3log @GitHub,https://hacpai.com/article/1451010408349,529.0
174,20170217 TGIF,https://hacpai.com/article/1487303561541,522.0
175,"è€éª¥ä¼æ¥å¿—åœ¨åƒé‡Œ, å¦‚ä»Šçš„ java å°šèƒ½é¥­å¦ï¼Ÿ",https://hacpai.com/article/1498062409391,521.0
176,è¾›è‹¦äº†å‡ å¹´ä¹Ÿæ²¡å‡ºå»æµªä¸€æ³¢ï¼Œå¹´åæƒ³å¸¦å¥³æœ‹å‹å‡ºå»æ—…æ—…æ¸¸,https://hacpai.com/article/1482141943520,520.0
177,20171117 TGIF,https://hacpai.com/article/1510880963299,519.0
178,NeoWorld è§é—»ï¼ˆä¸€ï¼‰,https://hacpai.com/article/1534666202293,515.0
179,Java ç¤¾åŒºå¹³å° Sym 3.2.0 å‘å¸ƒï¼Œæ”¹è¿›é—®ç­”åˆ—è¡¨,https://hacpai.com/article/1533179927765,515.0
180,ç‚ºä»€éº¼ä½ å€‘å°±æ˜¯ä¸èƒ½åŠ å€‹ç©ºæ ¼å‘¢ï¼Ÿ,https://hacpai.com/article/1472639605458,515.0
181,æ—¥æœ¬ç”µå½± -023- æ­¥å±¥ä¸åœ - æ­©ã„ã¦ã‚‚ æ­©ã„ã¦ã‚‚ -2008,https://hacpai.com/article/1524103239767,514.0
182,è¿™ç‹—æˆåŠŸè¢«æ´—è„‘,https://hacpai.com/article/1523239500656,514.0
183,ä¸ºä¹è¶£è€Œç”Ÿçš„çˆ¬è™«æ¡†æ¶ï¼Œå¸Œæœ›å‚ä¸å¼€æº,https://hacpai.com/article/1492666260687,513.0
184,xspreadsheet æ˜¯ä¸€æ¬¾åŸºäº javascript å¼€å‘çš„ï¼Œç®€å•çš„ï¼Œæ˜“ç”¨çš„åœ¨çº¿è¡¨æ ¼æ’ä»¶,https://hacpai.com/article/1525940224585,513.0
185,å‡†å¤‡å’Œè€å©†å»åº¦èœœæœˆï¼Œæ±‚æ¨èåœ°æ–¹,https://hacpai.com/article/1519634788190,512.0
186,å¤§å­¦å†™çš„ä¸€ä¸ªä¾èµ–æ³¨å…¥æ¡†æ¶,https://hacpai.com/article/1564069668013,511.0
187,å¼€æºå±å¹•é˜…è¯»å™¨ (NVDA) æ­£å¼è¿›å…¥(b3log)GitHub äº†,https://hacpai.com/article/1563707650856,500.0
188,20190809 TGIF,https://hacpai.com/article/1565315193270,499.0
189,D æˆ‘è¦å›å®¶ç»“å©šäº† ~,https://hacpai.com/article/1538130336941,498.0
190,è‡ªåˆ¶å°„å‡»ç±»æ¸¸æˆåˆ†äº« - BreakScope,https://hacpai.com/article/1526891057890,493.0
191,20180511 TGIF,https://hacpai.com/article/1526000054444,492.0
192,20170324 TGIF,https://hacpai.com/article/1490333372429,492.0
193,20160805 TGIF,https://hacpai.com/article/1470361138995,492.0
194,ç©æ¸¸æˆèŠ±é’±å—ï¼Ÿ,https://hacpai.com/article/1483093999937,490.0
195,æ˜¨æ™šå®Œå–„äº†09å¹´å†™çš„åŠæˆå“,https://hacpai.com/article/1463744454319,490.0
196,å¼€æºåšå®¢ç³»çµ± Solo v2.9.8 å‘å¸ƒï¼Œæ”¯æŒé˜¿é‡Œäº‘ OSS,https://hacpai.com/article/1547612387838,489.0
197,ä¸€å¹´ä¸€åº¦çš„äº”ä¸€åŠ³åŠ¨èŠ‚åˆæ¥äº†ï¼Œå¤§å®¶éƒ½æœ‰ä»€ä¹ˆå‡ºè¡Œè®¡åˆ’ï¼Ÿ,https://hacpai.com/article/1461290203713,488.0
198,ç”µå½±å›½åº¦ - ä¼˜è´¨ç”µå½±å…è´¹çœ‹,https://hacpai.com/article/1519612100970,484.0
199,å¦‚ä½•å®ç°ä¸€ä¸ª go packages çš„å¼€æºé•œåƒç«™ï¼Ÿ,https://hacpai.com/article/1518099877343,482.0
200,è‹¹æœ 8 è¦å‡ºæ¥äº†ï¼Œä½ ä¼šä¹° iphone8 å—ï¼Ÿè¯´å‡ºä¸ºä»€ä¹ˆï¼Ÿ,https://hacpai.com/article/1501547562674,471.0
201,20160812 TGIF,https://hacpai.com/article/1470972915669,471.0
202,5 å²å°æœ‹å‹çš„ç®€å†,https://hacpai.com/article/1541640118568,469.0
203,åŠ ç­ç´¯æ­»äº†ã€‚ã€‚ã€‚,https://hacpai.com/article/1511874839933,469.0
204,20171215 TGIF,https://hacpai.com/article/1513300269136,466.0
205,20171124 TGIF,https://hacpai.com/article/1511486990286,465.0
206,ã€æ¯å‘¨æœ€åä¸€é—®ã€‘ä¸€å¥è¯è¯æ˜ä½ æ˜¯ IT è€å¸æœº,https://hacpai.com/article/1482484356573,465.0
207,è¿™å‘¨çœ‹äº†ä¸¤éƒ¨å¾ˆæ…¢çš„ç”µå½±,https://hacpai.com/article/1560686447865,464.0
208,ä¸Šç­ç¿˜äºŒéƒè…¿çš„é—®é¢˜,https://hacpai.com/article/1531987919423,462.0
209,20170811 TGIF,https://hacpai.com/article/1502414498758,462.0
210,20170317 TGIF,https://hacpai.com/article/1489713629404,462.0
211,é»‘å®¢æ´¾çš„éªšæ“ä½œ,https://hacpai.com/article/1517719238364,459.0
212,Go åšå®¢å¹³å° Pipe 1.8.1 å‘å¸ƒï¼Œæ–°ä¸»é¢˜ Fara,https://hacpai.com/article/1536719459514,455.0
213,ã€ŠNode.js ä»å…¥é—¨åˆ°ä¸Šçº¿ã€‹A blog build with Koa2. (æŒç»­æ›´æ–°ä¸­),https://hacpai.com/article/1528099904539,454.0
214,æ¥ï¼Œå¤§å®¶ä¸€èµ·å¹²äº†è¿™æ¯å¿ƒçµç ’éœœ~,https://hacpai.com/article/1461042384377,454.0
215,æ±‚ä¸Šè½¦,https://hacpai.com/article/1527324369712,452.0
216,20170728 TGIF,https://hacpai.com/article/1501212571497,452.0
217,Java ç¤¾åŒºå¹³å° Sym 3.1.0 å‘å¸ƒï¼Œæ–°å¢ä¸¾æŠ¥ç³»ç»Ÿ,https://hacpai.com/article/1531357995424,451.0
218,åŒ—ç¾ R çº§ç”µå½±ç¥¨æˆ¿æ¦œå‰ 30 å,https://hacpai.com/article/1447305036074,451.0
219,20170526 TGIF,https://hacpai.com/article/1495763055393,448.0
220,åŸ‹è‘¬è‡ªå·±çš„çˆ±æƒ…,https://hacpai.com/article/1527929347045,447.0
221,èƒ½ä¸èƒ½å®ç°ä¸€ä¸ªæ¶ˆéŸ³è½¯ä»¶ä»£æ›¿æ¶ˆéŸ³è€³æœº,https://hacpai.com/article/1512636357094,446.0
222,æ˜¥è‰²æ—–æ—ï¼Œå€™ä½ å½’æœŸ,https://hacpai.com/article/1489375110318,441.0
223,20170210 TGIF,https://hacpai.com/article/1486691836599,441.0
224,Love2.io ä¸€ä¸ªå…¨æ–°çš„å¼€æºæŠ€æœ¯æ–‡æ¡£å‘å¸ƒå’Œåˆ†äº«å¹³å°,https://hacpai.com/article/1517986444346,435.0
225,å¿«è®¯ ç¬¬äºŒæ¬¡ b3log æˆ˜é˜Ÿèµ› 2 èƒœ 2 è´Ÿï¼Œæ€¥éœ€ä¸€ä¸ªå¼ é£,https://hacpai.com/article/1505492233016,434.0
226,ç»å…¸ç§‘å¹»å¤§ç‰‡ç³»åˆ—åˆé›†ç¯‡,https://hacpai.com/article/1446514761315,434.0
227,20171229 TGIF,https://hacpai.com/article/1514529313844,433.0
228,åˆ†äº«ä¸€é¦–é­”æ€§åè¶³çš„æ¹–å—èŠ±é¼“æˆå”±è…”ç‰ˆ Rolling In The Deep,https://hacpai.com/article/1470805973648,433.0
229,20190607 TGIF,https://hacpai.com/article/1559883107012,429.0
230,C è¯­è¨€å†™ä¸€ä¸ªæ‰“å­—æ¸¸æˆ,https://hacpai.com/article/1564907553023,428.0
231,ä¸€é¦–è€çš„è¯´å”±å•æ›²,https://hacpai.com/article/1502633103049,423.0
232,20171208 TGIF,https://hacpai.com/article/1512694925946,422.0
233,åˆºæ¿€æˆ˜åœº B3log å†›å›¢æ¬¢è¿å¤§å®¶åŠ å…¥,https://hacpai.com/article/1526465677231,418.0
234,æˆ‘åœ¨ GitHub ä¸Šçš„å¼€æºä½œå“,https://hacpai.com/article/1563624839435,415.0
235,"ç™¾åº¦ç½‘ç›˜â€”â€”ç”µå½±åˆ†äº« (å“ªå’ä¹‹é­”ç«¥é™ä¸–,ã€Šé€Ÿåº¦ä¸æ¿€æƒ…ï¼šç‰¹åˆ«è¡ŒåŠ¨ã€‹é«˜æ¸…éŸ©ç‰ˆä¸­å­—èµ„æº)",https://hacpai.com/article/1569040254499,411.0
236,æ—¥æœ¬è€ç”µå½± -003- å¯’æ¤¿ -Kantsubaki.1992,https://hacpai.com/article/1485611402298,411.0
237,20170224 TGIF,https://hacpai.com/article/1487899452041,410.0
238,Java ç¤¾åŒºå¹³å° - Sym 1.8.0 å‘å¸ƒ,https://hacpai.com/article/1482730362728,410.0
239,æœ‰å¤šå°‘ 90 åï¼Œæ¯å¤©éƒ½æ´»åœ¨äººç”Ÿå´©æºƒçš„è¾¹ç¼˜,https://hacpai.com/article/1536737218722,406.0
240,æ³°å›½ PP å²›ä¸€æ—¥æ¸¸,https://hacpai.com/article/1565835865398,405.0
241,ç»™å¤§å®¶æä¸€ä¸ªé—®é¢˜ï¼Œä½ ä»¬å„è‡ªçš„äººç”Ÿç›®æ ‡æ˜¯ä»€ä¹ˆ,https://hacpai.com/article/1476665921460,403.0
242,"æ¨è Chrome æ’ä»¶è‹±é›„æ¦œå¼€æºé¡¹ç›®, æ±‚ star å¼€æºåœ°å€: https://github.com/zhaoolee/ChromeAppHeroes",https://hacpai.com/article/1563945357375,400.0
243,Solo v3.3.0 å‘å¸ƒï¼Œå¯é…ç½® favicon,https://hacpai.com/article/1552828065463,400.0
244,ä»Šæ—¥ç¥æ–­ - æ‹¯æ•‘è´Ÿèƒ½é‡,https://hacpai.com/article/1479364033087,398.0
245,éœ€è¦æ— æŸçš„ç•™ä¸‹æ­Œå,https://hacpai.com/article/1532938192447,397.0
246,çªç„¶æœ‰ç§ä¹°å•åæ‹ç…§çš„å†²åŠ¨ï¼Œå·²ç»çœ‹å¥½ä¸€æ¬¾å•åå„ä½å¤§å“¥æœ‰æ•™ç¨‹æ¨èå­¦ä¹ ä¹ˆ,https://hacpai.com/article/1531975790419,397.0
247,æ¯å‘¨è¦æ±‚å†™æ€»ç»“å’Œä¸‹å‘¨è®¡åˆ’ï¼Œä½†æ˜¯æ¯å‘¨éƒ½ä¼šæºæ‚å„ç§å…¶ä»–ä»»åŠ¡ï¼Œæ˜¯ä¸€ç§ä»€ä¹ˆä½“éªŒ,https://hacpai.com/article/1508553860728,397.0
248,é¦–å®¶ã€xx å¤´æ¡ã€‘å¼€æºå°ç¨‹åºä¸Šçº¿å•¦ã€‚,https://hacpai.com/article/1494771088172,397.0
249,20180614,https://hacpai.com/article/1528939500038,396.0
250,ghostï¼Œä½ èµ°äº†,https://hacpai.com/article/1520433499892,395.0
251,å…³äº Github åˆ†æ”¯çš„é—®é¢˜,https://hacpai.com/article/1474248940576,395.0
252,"æœ€è¿‘çš„ é¬¼å¹ç¯ä¹‹ç²¾ç»å¤åŸ, æœ‰äººçœ‹äº†å—?",https://hacpai.com/article/1482814331568,394.0
253,ç»ˆäºçœ‹äº†æ°ä¼¦çš„æ¼”å”±ä¼š,https://hacpai.com/article/1469339399589,394.0
254,æ¨èæ¯”è¾ƒå—æ¬¢è¿çš„ 10 éƒ¨åŠ¨ç”»ç‰‡,https://hacpai.com/article/1460042197558,393.0
255,20180817 TGIF,https://hacpai.com/article/1534466730521,392.0
256,å¼€æºä¸­å›½å¸ƒå±€å‘ˆç°,https://hacpai.com/article/1442284404331,389.0
257,æœ‰äººç»„é˜Ÿä¸€èµ·ç ”ç©¶å’Œå¼€å‘ä¸€ä¸ªå¼€æºé¡¹ç›®å—,https://hacpai.com/article/1536289531374,388.0
258,Java å¼€æºåšå®¢â€”â€”B3log Solo 0.5.6 æ­£å¼ç‰ˆå‘å¸ƒäº†ï¼,https://hacpai.com/article/1361866914434,386.0
259,å¼€æºä¸€ä¸ª Pixi.js å†™çš„å°æ¸¸æˆ,https://hacpai.com/article/1563938484024,384.0
260,ä»€ä¹ˆæ—¶å€™å»å°æ¹¾ï¼Ÿ,https://hacpai.com/article/1525505390016,383.0
261,ä¸€äº›å¼€æºé¡¹ç›®æ¨è,https://hacpai.com/article/1452051462194,383.0
262,20170721 TGIF,https://hacpai.com/article/1500607537632,382.0
263,Solo éŸ³ä¹æ’­æ”¾è·³è½¬é¡µé¢ä¸ä¸­æ–­ï¼Ÿ,https://hacpai.com/article/1527338045161,381.0
264,å¤šå¹´åæåˆ°ã€Šç›²é“ã€‹ï¼Œæˆ‘ä»ä¼šæƒ³èµ·ä»Šå¤©çš„è¿™ä»½æ„¤æ€’ä¸æ‚²å“€,https://hacpai.com/article/1520416993104,380.0
265,æƒ³å‚ä¸ä¸ªå¼€æºé¡¹ç›®,https://hacpai.com/article/1563336639083,376.0
266,20190726 TGIF,https://hacpai.com/article/1564100571598,375.0
267,é‚€è¯·åŠ å…¥ B3log æ¸¸æˆç¾¤ç»„,https://hacpai.com/article/1524897893389,375.0
268,å†™åˆ°ä¸€å®šçš„æ—¶å€™éƒ½ä¼šæ¨ç¿»é‡å†™ä¹ˆï¼Ÿ,https://hacpai.com/article/1463034049587,374.0
269,20180309 TGIF,https://hacpai.com/article/1520575250227,370.0
270,å¤§å®¶éƒ½ä½¿ç”¨ä»€ä¹ˆæ ·çš„ä¼ä¸šå†…éƒ¨äº¤æµç³»ç»Ÿ,https://hacpai.com/article/1468804676265,370.0
271,å›é¡¾è¥¿å®‰ä¹‹è¡Œï¼ˆä¸€ï¼‰çš„ç…§ç‰‡,https://hacpai.com/article/1436247331259,369.0
272,20160930 TGIF,https://hacpai.com/article/1475197713682,368.0
273,20161216 TGIF,https://hacpai.com/article/1481854674272,366.0
274,20180810 TGIF,https://hacpai.com/article/1533869001389,365.0
275,20170929 TGIF,https://hacpai.com/article/1506647678422,365.0
276,20170421 TGIF,https://hacpai.com/article/1492737966210,365.0
277,Java ç¤¾åŒºå¹³å° Sym 3.3.0 å‘å¸ƒï¼Œæ”¯æŒåœç”¨è´¦å·,https://hacpai.com/article/1535506742626,364.0
278,æ¨èä¸€æ¬¾è¶…å®ç”¨çš„ GitHub å¯è§†åŒ–ä»£ç æ ‘æ’ä»¶ï¼šOctotree,https://hacpai.com/article/1533642938915,364.0
279,20180118 TGIF,https://hacpai.com/article/1516326177360,364.0
280,æ”¾ç¾Šçš„å’Œç æŸ´çš„,https://hacpai.com/article/1473844173550,364.0
281,ç”¨Cè¯­è¨€å˜äº†ä¸€ä¸ªæŠ›ç¡¬å¸çš„å°æ¸¸æˆ,https://hacpai.com/article/1469180960685,363.0
282,20160708 TGIF,https://hacpai.com/article/1467940148695,363.0
283,20170623 TGIF,https://hacpai.com/article/1498185319021,361.0
284,20161202 TGIF,https://hacpai.com/article/1480643195549,361.0
285,åˆ†äº«ä¸€ä¸ªåŠ¨æ¼«ä¸‹è½½ç«™ï¼Œå¯è¿…é›·,https://hacpai.com/article/1532657535092,360.0
286,20170303 TGIF,https://hacpai.com/article/1488503043625,360.0
287,20161014 TGIF,https://hacpai.com/article/1476406620458,357.0
288,æ³°å›½ç”µå½± -018- å¤©æ‰æªæ‰‹ - Bad Genius -2017,https://hacpai.com/article/1511335990055,356.0
289,20170203 TGIF,https://hacpai.com/article/1486084961159,356.0
290,20181109 TGIF,https://hacpai.com/article/1541693206964,355.0
291,20170630 TGIF,https://hacpai.com/article/1498791266432,355.0
292,2019 å¹´å‰©ä¸‹è¿‘ 3/4,https://hacpai.com/article/1551886456757,354.0
293,æˆ–è€…æˆ‘ä¸é€‚åˆåˆ›ä¸š,https://hacpai.com/article/1516678788877,354.0
294,è¯è¯´é»‘å®¢æ´¾è¿™â€œç†”ç‚‰â€æ˜¯ä»€ä¹ˆæœºåˆ¶ï¼Ÿ,https://hacpai.com/article/1496636730237,354.0
295,31éƒ¨è¢«ä¼—äººå¥‰ä¸ºç»å…¸çš„åŠ¨ä½œå¤§ç‰‡,https://hacpai.com/article/1450021792219,352.0
296,ç‹è€…è£è€€çš„å°å§å§æ¥ä¸€æ³¢,https://hacpai.com/article/1523586903637,351.0
297,ç®¡ç†å‘˜åœ¨å—ï¼Œæˆ‘è¦å……å€¼ 999 ä¹°ä¼šå‘˜ï¼,https://hacpai.com/article/1474333705634,350.0
298,ä¸è¡Œå•Š (ä¸è¦å•Š) å®…èˆç‰ˆ -- SNH48,https://hacpai.com/article/1522371963309,349.0
299,20190510 TGIF,https://hacpai.com/article/1557418244130,344.0
300,æ—¥æœ¬ç”µå½± -020- å®¶æ—ä¹‹è‹¦ 2 - Kazoku wa tsuraiyo 2 -2017,https://hacpai.com/article/1513822307049,344.0
301,æ—¥æœ¬ç”µå½± -025- å¦‚æœˆç–‘äº‘ - ã‚­ã‚µãƒ©ã‚® -2007,https://hacpai.com/article/1526290848151,343.0
302,20170616 TGIF,https://hacpai.com/article/1497578093241,342.0
303,20170804 TGIF,https://hacpai.com/article/1501817116262,338.0
304,ä¸€ä¸ªå¥½ç©çš„åè§†è§‰äº¤äº’çš„å‰ç«¯å¼€å‘å·¥å…·ç®± / å¥—ä»¶ - Uix Kit,https://hacpai.com/article/1559369075317,337.0
305,20171201 TGIF,https://hacpai.com/article/1512111003319,337.0
306,20170922 TGIF,https://hacpai.com/article/1506047430679,337.0
307,20170414 TGIF,https://hacpai.com/article/1492134335348,335.0
308,ç©å°è–‡æ—¶ï¼Œå¯åŠ¨tomcatæ—¶æŠ¥é”™,https://hacpai.com/article/1469874237047,335.0
309,èŠ±å®¹æœˆè²Œ,https://hacpai.com/article/1519726869959,334.0
310,ç¾å›½ç”µå½± -028- å¶è½æ— ç—• - Leave No Trace -2018,https://hacpai.com/article/1538383708823,332.0
311,20190503 TGIF,https://hacpai.com/article/1556849324444,331.0
312,æœ‰äººæŠŠ Windows 95 å†™è¿›äº† Electron æ”¯æŒå¤šå¹³å°,https://hacpai.com/article/1535076511412,331.0
313,æˆ‘å¾ˆèœï¼Œä½†æ˜¯æˆ‘ä¹Ÿæœ‰äº†å¼€æºæƒ…æ€€æ€ä¹ˆåŠï¼Ÿ,https://hacpai.com/article/1508082072607,330.0
314,æ—¥æœ¬ç”µå½± -027- ä¸œäº¬æš®è‰² - Tokyo Twilight -1957,https://hacpai.com/article/1529979143262,327.0
315,ã€CF åº”ç”¨å¼€å‘å¤§èµ›ã€‘B3log Symphony ç¤¾åŒº,https://hacpai.com/article/1359604814220,326.0
316,ğŸ”¥ æ¨èä¸€æ¬¾å¼€æºçš„ mock è½¯ä»¶ easy-mockğŸ”¥,https://hacpai.com/article/1538183780901,325.0
317,20180406 TGIF,https://hacpai.com/article/1523009921086,324.0
318,è¿™æ˜¯ä¸€ç¯‡è¿è½½ç„å¹»å°è¯´ã€Šé»‘å®¢æ´¾çš„å‰ç”Ÿä¸ä»Šä¸–ã€‹ã€‚,https://hacpai.com/article/1516681384472,324.0
319,Java ç¤¾åŒºå¹³å° Sym 3.4.1 å‘å¸ƒï¼Œé‡å†™æ¨¡æ¿ã€ä¼šè¯ç®¡ç†,https://hacpai.com/article/1538015735056,322.0
320,æ—¥æœ¬é«˜ä¸­ç”Ÿçœ‹çš„ä¸­å›½æ¸¸æˆæ¯”æ—¥æœ¬æ¸¸æˆå¥½çš„åœ°æ–¹,https://hacpai.com/article/1525272835354,322.0
321,20170310 TGIF,https://hacpai.com/article/1489125552810,321.0
322,ä½œä¸ºç¨‹åºå‘˜æˆ–è€…è®¾è®¡å¸ˆï¼Œé€šå¸¸æ€ä¹ˆé¢å¯¹å’Œè§£å†³æ‡’ç™Œï¼Ÿæ¸¸æˆç˜¾ï¼Ÿï¼ˆæœ¬å¸–ä¸æ¶‰åŠæŠ€æœ¯é—®é¢˜ï¼‰,https://hacpai.com/article/1479555010790,321.0
323,æ¸¸æˆå¸‚åœºä½ æ€ä¹ˆçœ‹ï¼Ÿ,https://hacpai.com/article/1533975273919,320.0
324,å¥½ä¹…æ²¡å›æ¥äº†ï¼Œç‰©æ˜¯äººéå•Š,https://hacpai.com/article/1512375189876,320.0
325,Go åšå®¢å¹³å° Pipe 1.8.4 å‘å¸ƒï¼Œè°ƒæ•´æ¨èé˜…è¯»,https://hacpai.com/article/1543455416741,319.0
326,å…¨ç½‘æœ€éªš mainlove,https://hacpai.com/article/1536554013019,318.0
327,2019 å¹´ç«¯åˆèŠ‚å»å“ªé‡Œç©ï¼Ÿ,https://hacpai.com/article/1559122911538,317.0
328,20170901 TGIF,https://hacpai.com/article/1504227136675,317.0
329,20170331 TGIF,https://hacpai.com/article/1490929854405,317.0
330,"DL88250, æˆ‘çŒœä½ è‚¯å®šè¿‡çš„ä¸å¹¸ç¦ =,=",https://hacpai.com/article/1493191566172,315.0
331,20161111 TGIF,https://hacpai.com/article/1478827112446,314.0
332,ä¸€ä¸ªä»£ç æ‰˜ç®¡ç½‘ç«™å€’ä¸‹äº†,https://hacpai.com/article/1461833896898,314.0
333,è®ºå¦‚ä½•åº”å¯¹ç¾¤ä¸»è´Ÿè´£åˆ¶,https://hacpai.com/article/1505195065681,313.0
334,æˆ‘åˆæ¥æ°´ä¸€å¸–çš„ï¼Œå…³äºæœåŠ¡ç«¯éªŒæƒçš„é—®é¢˜,https://hacpai.com/article/1484660634386,313.0
335,20161223 TGIF,https://hacpai.com/article/1482455643693,313.0
336,å¯¹äºå·²å©šæ—æ¥è¯´ï¼Œæ‰€æœ‰çš„å•èº«ç‹—éƒ½æ˜¯å¼‚æ•™å¾’ï¼ -- çœ‹å®Œä¸æƒ³ç»“å©šç³»åˆ—ç”µå½±ä¹‹ã€Šé¾™è™¾ã€‹,https://hacpai.com/article/1541134957273,311.0
337,Go åšå®¢å¹³å° Pipe 1.8.2 å‘å¸ƒï¼Œæ”¯æŒ GitHub ç™»å½•,https://hacpai.com/article/1539737195745,311.0
338,Go åšå®¢å¹³å° Pipe 1.8.3 å‘å¸ƒï¼Œæ”¯æŒ PJAX,https://hacpai.com/article/1541123073767,310.0
339,é¦–é¡µå¸–å­åŸºæœ¬ä¸å˜äº†...,https://hacpai.com/article/1529889599727,310.0
340,å“ï¼Œå¤±æœ›äº†,https://hacpai.com/article/1536892097667,309.0
341,20170512 TGIF,https://hacpai.com/article/1494553217232,309.0
342,20180727 TGIF,https://hacpai.com/article/1532685177863,307.0
343,å›é¡¾è¥¿å®‰ä¹‹è¡Œ,https://hacpai.com/article/1436176544137,306.0
344,20170407 TGIF,https://hacpai.com/article/1491534948315,305.0
345,åŸºäº FALSK æ¡†æ¶ï¼Œå¼•ç”¨ REMOVEBG API åšäº†ä¸€ä¸ª web ç‰ˆçš„è¯ä»¶ç…§åº•è‰²æ›¿æ¢å·¥å…·,https://hacpai.com/article/1565266640861,304.0
346,LOL æ–°çš„ç»„é˜Ÿæ–¹å¼ â€”â€” é¢„é€‰ä½æ¨¡å¼,https://hacpai.com/article/1458962622088,304.0
347,20170825 TGIF,https://hacpai.com/article/1503638658051,303.0
348,20180323 TGIF,https://hacpai.com/article/1521771293826,302.0
349,20170602 TGIF,https://hacpai.com/article/1496368183436,299.0
350,#golang #docker #angulajs æœ€è¿‘æˆ‘å‚ä¸å¼€æºäº†ä¸€ä¸ªåŸºäº Docker SwarmKit çš„å®¹å™¨ç®¡ç†å·¥å…· https://github.com/Dataman-Cloud/crane ï¼Œ æ¬¢è¿æ„Ÿå…´è¶£çš„åŒå¥½å…³æ³¨,https://hacpai.com/article/1476098948577,299.0
351,20160722 TGIF,https://hacpai.com/article/1469149569376,299.0
352,ä»Šå¤©çœ‹äº†æš´èµ°å¤§äº‹ä»¶ç¬¬ 5 å­£ç¬¬ 36 æœŸ,https://hacpai.com/article/1511669317599,298.0
353,ç¾å›½ç”µå½± -012- æ¬¢ä¹å¥½å£°éŸ³ -Sing-2017,https://hacpai.com/article/1495169224697,298.0
354,Pipe v1.8.8 å‘å¸ƒï¼Œæ”¯æŒè·¨ç‰ˆæœ¬å‡çº§,https://hacpai.com/article/1551361665694,297.0
355,æ­å»ºå¼€æºè¯„è®ºç³»ç»Ÿ Isso å¹¶æ”¯æŒå¾®ä¿¡å®¡æ ¸è¯„è®º,https://hacpai.com/article/1541493992633,297.0
356,æ‰‹æŠŠæ‰‹æ•™ä½ å†™ Android è´ªåƒè›‡ æ¸¸æˆ,https://hacpai.com/article/1518406854852,297.0
357,20161028 TGIF,https://hacpai.com/article/1477618056923,297.0
358,rabbitmq é›†ç¾¤ æ¶ˆæ¯é˜Ÿåˆ—å µå¡é—®é¢˜.,https://hacpai.com/article/1475985484258,297.0
359,20190802 TGIF,https://hacpai.com/article/1564705053106,296.0
360,å¹´å°‘åˆå…¥å· - è‡ªè™ç‰ˆ 5 æ—¥æ¸¸,https://hacpai.com/article/1564827391108,295.0
361,è¶…çº§ç›ä¸½åœ¨çº¿è¯•ç©,https://hacpai.com/article/1551148175019,293.0
362,æœ€è¿‘åœ¨ è‡ªå·±çš„å° Ubuntu ä¸Šå®‰è£…äº† Rocket.Chat,https://hacpai.com/article/1547693602541,293.0
363,20160624 TGIF,https://hacpai.com/article/1466750114316,293.0
364,20170908 TGIF,https://hacpai.com/article/1504832504512,291.0
365,å¥‡å¦™èƒ½åŠ›æ­Œ -- æˆ‘çœ‹è¿‡æ²™æ¼ ä¸‹æš´é›¨,https://hacpai.com/article/1481383393367,291.0
366,æˆ’æ¸¸æˆè¿™ä¹ˆç®€å•çš„äº‹æƒ…æˆ‘éƒ½æˆ’åå¤šæ¬¡äº†ã€‚,https://hacpai.com/article/1481440822350,290.0
367,ã€Šä»é›¶æ„å»ºå‰ååˆ†ç¦» WEB é¡¹ç›®ã€‹ åº ï¼šå¼€æºçš„æ„ä¹‰,https://hacpai.com/article/1535698336646,289.0
368,è¿™æ ·å°±æœ‰äººé™ªæˆ‘å•¦,https://hacpai.com/article/1531886281161,287.0
369,20190517 TGIF,https://hacpai.com/article/1558059143019,285.0
370,Java ç¤¾åŒºå¹³å° Sym 3.4.0 å‘å¸ƒï¼Œå¯é…ç½®æ ‡ç­¾å¹¿å‘Šä½,https://hacpai.com/article/1536195705605,285.0
371,æ—…è¡Œé’è›™æ±‰åŒ–ç‰ˆ,https://hacpai.com/article/1516950905189,285.0
372,ğŸš§ Symphony(å¼•èµ· || å¤„ç†)Bug æ—¥å¿— &amp; PR æ—¥å¿—,https://hacpai.com/article/1479799116305,285.0
373,ã€æƒ³æ³•ã€‘ä¸€ä¸ªç«™å†…æœç´¢å¹³å°ï¼Ÿ,https://hacpai.com/article/1564840051815,284.0
374,ç§‘æŠ€æ”¹å˜ç”Ÿæ´»,https://hacpai.com/article/1527487674341,284.0
375,æˆ‘åœ¨ GitHub ä¸Šçš„å¼€æºé¡¹ç›®,https://hacpai.com/article/1563517954555,283.0
376,20190823 TGIF,https://hacpai.com/article/1566489829747,282.0
377,ç¾å›½ç”µå½± -021- å¯»æ¢¦ç¯æ¸¸è®° - Coco -2017,https://hacpai.com/article/1515201283995,282.0
378,20170310 TGIF,https://hacpai.com/article/1489125514756,281.0
379,Gio.js å‘å¸ƒï¼Œä¸€ä¸ªåŸºäº Three.js çš„ Web3D åœ°çƒæ•°æ®å¯è§†åŒ–åº“,https://hacpai.com/article/1530570113851,280.0
380,5 Games That Teach You How to Code,https://hacpai.com/article/1444721321576,280.0
381,æ„Ÿè§‰å¤±å»äº†çˆ±äººçš„èƒ½åŠ›,https://hacpai.com/article/1468835234710,280.0
382,20190419 TGIF,https://hacpai.com/article/1555636789475,278.0
383,20160603 TGIF,https://hacpai.com/article/1464925739220,277.0
384,20160923 TGIF,https://hacpai.com/article/1474596198934,276.0
385,ApacheCN ç¼–ç¨‹ / å¤§æ•°æ® / æ•°æ®ç§‘å­¦ / äººå·¥æ™ºèƒ½å­¦ä¹ èµ„æº 2019.8,https://hacpai.com/article/1564659139035,275.0
386,20160902 TGIF,https://hacpai.com/article/1472778798453,275.0
387,è…¾è®¯åƒé¸¡æ¸¸æˆã€Šå…‰è£ä½¿å‘½ï¼šä½¿å‘½è¡ŒåŠ¨ã€‹ç”µè„‘ç‰ˆ,https://hacpai.com/article/1513230259656,274.0
388,20171027 TGIF,https://hacpai.com/article/1509088321409,274.0
389,æˆ‘ç‰¹ä¹ˆå¥½åƒå…¥é”™è¡Œäº†,https://hacpai.com/article/1483940095445,273.0
390,20180330 TGIF,https://hacpai.com/article/1522372814095,272.0
391,å¤§å®¶ä¼™å»æ”¯æŒä¸€ä¸‹å‘—ã€‚,https://hacpai.com/article/1542014425227,271.0
392,æ—¥æœ¬è€ç”µå½± -004- æ¥¢å±±èŠ‚è€ƒ -Ballad of Narayama.1958+1983,https://hacpai.com/article/1485960052213,270.0
393,å¤§å®¶æ€ä¹ˆå¿µ Latke è¿™ä¸ªå•è¯,https://hacpai.com/article/1473388630797,270.0
394,è½¬è½½ä¸€ä¸ªå¼€æºå¼€æ’•çš„å…«å¦,https://hacpai.com/article/1472797565889,270.0
395,ä½ è‹¥å®‰å¥½ï¼Œå¤‡èƒåˆ°è€,https://hacpai.com/article/1540176038359,269.0
396,æ—¥æœ¬ç”µå½± -013- ç¬¬å…«æ—¥çš„è‰ -Rebirth-2011,https://hacpai.com/article/1495430266658,269.0
397,æ–°å¤§è¯è¥¿æ¸¸ 2: ç¦»è°±åˆ°è´¾ä¹ƒäº®éƒ½æ— æ³•åŸè°…,https://hacpai.com/article/1516584533310,268.0
398,20181228 TGIF,https://hacpai.com/article/1545959103049,267.0
399,ç¾å›½ç”µå½± -026- è¢«è§£æ•‘çš„å§œæˆˆ - Django Unchained -2012,https://hacpai.com/article/1527688497726,267.0
400,ã€Šç¥ç§˜å·¨æ˜Ÿã€‹ä½ ä»¬çœ‹äº†æ²¡æœ‰,https://hacpai.com/article/1516859750790,267.0
401,æ—¥æœ¬ç”µå½± -016- æ¿‘æˆ·å†…æµ· - SetoNaikai -2016,https://hacpai.com/article/1508064906744,266.0
402,ç¢ç¢å¿µ,https://hacpai.com/article/1560327503776,264.0
403,Pipe v1.8.7 å‘å¸ƒï¼Œå¼•å…¥æ–°ç¼–è¾‘å™¨,https://hacpai.com/article/1550369171082,262.0
404,20190329 TGIF,https://hacpai.com/article/1553792059824,261.0
405,åˆ«äººé›‡ä¿å®‰å®¤ä¸ºäº†é˜²æ­¢ç²‰ä¸å¤ªè¿‡æ¿€ï¼Œå¾·æ™®æ˜¯ä¸ºäº†é˜²æ­¢ä»–ç­¾åç˜¾ä¸Šæ¥ä¸€ç­¾ä¸èµ°,https://hacpai.com/article/1542631617161,261.0
406,ä¼Šæœ—ç”µå½± -015- å°é‹å­ - Children of Heave -1991,https://hacpai.com/article/1499754793761,260.0
407,å¼€æºè‚–åƒ - å‘ä¼Ÿå¤§çš„å¼€æºé¢†è¢–ä»¬è‡´æ•¬,https://hacpai.com/article/1554603798098,258.0
408,20160729 TGIF,https://hacpai.com/article/1469755466444,257.0
409,é«˜æ€§èƒ½ç¼“å­˜æœåŠ¡å™¨ nuster v1.8.8.1 å‘å¸ƒï¼Œæ”¯æŒ HTTP/2ï¼Œå¤šçº¿ç¨‹,https://hacpai.com/article/1525744091423,255.0
410,æ–°æ·»åŠ çš„æ ‡ç­¾åŠŸèƒ½ä¸é”™,https://hacpai.com/article/1469670530903,255.0
411,20190830 TGIF,https://hacpai.com/article/1567145259406,254.0
412,20180803 TGIF,https://hacpai.com/article/1533268866482,253.0
413,å¼€æºåšå®¢ Solo å®‰è£…è¯¦ç»†æ•™ç¨‹åŠæ³¨æ„äº‹é¡¹,https://hacpai.com/article/1543247364025,252.0
414,ç­¾åˆ°é—®é¢˜,https://hacpai.com/article/1538573730265,252.0
415,ä»Šå¤©æ˜¯ä¸Šç­çš„ç¬¬äº”å¤©ï¼Œæ©ï¼Œè¿˜æ˜¯æœ‰ç‚¹æ— èŠ,https://hacpai.com/article/1462783794194,252.0
416,æ¸¸æˆåˆ¶ä½œæ—¥è®° -1_1ã€Šä¸œæ–¹å…­å¼¹å¹•è¯´ã€‹,https://hacpai.com/article/1524986342288,250.0
417,æœ€è¿‘å‘¨å›´çš„æ—…æ¸¸äººçš„å¾ˆå¤šï¼Œå¤§å®¶æ³¨æ„å®‰å…¨,https://hacpai.com/article/1536801840125,249.0
418,ç¤¾åŒºè®ºå›ç³»ç»Ÿ Sym v3.4.7 å‘å¸ƒï¼Œæ–°ç¼–è¾‘å™¨ Vditor,https://hacpai.com/article/1550843264718,248.0
419,20180203 TGIF,https://hacpai.com/article/1517627969009,248.0
420,å¬è¯´æˆ‘å¾ˆä¹…æ²¡å‘å¸–äº†ï¼Œé‚£ä¹ˆï¼Œè´Ÿèƒ½é‡æ¥ä¸€å‘å§,https://hacpai.com/article/1470361853735,248.0
421,20161118 TGIF,https://hacpai.com/article/1479431737422,247.0
422,www.wanglay.comåŸŸåæ­£å¼å¯ç”¨,https://hacpai.com/article/1462955884016,247.0
423,20180622 TGIF,https://hacpai.com/article/1529648174975,246.0
424,å…³äºä¸ªäººé¡¹ç›®çš„ç–‘é—®,https://hacpai.com/article/1521687638651,246.0
425,U ç›˜ç©¶ç«Ÿæœ‰å¤šå¤§,https://hacpai.com/article/1504080162243,243.0
426,æ„å¤§åˆ©ç”µå½± -030- çœ‹ä¸è§çš„å®¢äºº - The Invisible Witness -2018,https://hacpai.com/article/1566910162019,241.0
427,ç½‘æ˜“äº‘éŸ³ä¹å¹´åº¦æŠ¥å‘Šå‡ºäº†ï¼Œä½ ä»¬çš„å¹´åº¦æ­Œæ‰‹æ˜¯ï¼Ÿ,https://hacpai.com/article/1546597392370,241.0
428,ä¹°æœºç¥¨,https://hacpai.com/article/1536726312867,241.0
429,20171013 TGIF,https://hacpai.com/article/1507856137520,241.0
430,20181221 TGIF,https://hacpai.com/article/1545356307094,240.0
431,ç¤¾åŒºè®ºå›å¹³å° Sym v3.4.6 å‘å¸ƒï¼Œä¼˜åŒ– Markdown,https://hacpai.com/article/1547084819536,239.0
432,æ—¥æœ¬ç”µå½± -009- æ€’ -Anger-2016,https://hacpai.com/article/1492415497071,239.0
433,Latke ä»£ç é˜…è¯»ï¼1 Latke.java,https://hacpai.com/article/1476621625312,239.0
434,è‡ªèå›¾ç‰‡å­—å¹•å¤„ç†ç½‘ç«™ zimu.unclear.top,https://hacpai.com/article/1563506095564,237.0
435,å¯Œå¼ºæ¢å’Œè°æˆ–å‹å–„,https://hacpai.com/article/1484790821768,237.0
436,ä¸çŸ¥é“æœ‰æ²¡æœ‰å–œæ¬¢ä½¿å‘½å¬å”¤çš„,https://hacpai.com/article/1532480929898,236.0
437,TGIF,https://hacpai.com/article/1510307433193,236.0
438,æ€ä¹ˆç»“æŸä»»åŠ¡ç®¡ç†å™¨é‡Œé¢ç»“æŸä¸äº†çš„è¿›ç¨‹,https://hacpai.com/article/1472865560116,235.0
439,20190614 TGIF,https://hacpai.com/article/1560474676435,234.0
440,20170120 TGIF,https://hacpai.com/article/1484881149982,234.0
441,20161021 TGIF,https://hacpai.com/article/1477012287583,233.0
442,VR ææ€–æ¸¸æˆè¦æ¥äº†,https://hacpai.com/article/1465874690405,233.0
443,è¢«è¿™ç§çº¯çº¯çš„æ„Ÿæƒ…æ„ŸåŠ¨äº†,https://hacpai.com/article/1464838188135,231.0
444,xPhone- å›½é™…é•¿é€”ç”µè¯ - é…·é…·çš„åº”ç”¨,https://hacpai.com/article/1510727402125,229.0
445,è¿˜åœ¨ç©â€œåŠ¨ç‰©ä¸–ç•Œâ€ï¼ŸçœŸæ­£çš„åŒºå—é“¾ RPG æ¸¸æˆæ¥äº†ï¼,https://hacpai.com/article/1545644093312,228.0
446,20190621 TGIF,https://hacpai.com/article/1561085033428,227.0
447,è™ç‰™ç›´æ’­ï¼Œè·ªæ±‚è®¢é˜…ã€‚è°¢è°¢ï¼,https://hacpai.com/article/1545826219304,227.0
448,20161230 TGIF,https://hacpai.com/article/1483065400172,226.0
449,[è¯·æ•™] - Githubçš„åŸºæœ¬ä½¿ç”¨,https://hacpai.com/article/1470196277901,226.0
450,ç¤¾åŒºè®ºå›å¹³å° Sym 3.4.5 å‘å¸ƒï¼Œé‡æ„æ§åˆ¶å™¨å±‚,https://hacpai.com/article/1544143529252,222.0
451,20180629 TGIF,https://hacpai.com/article/1530252616699,222.0
452,é«˜æ€§èƒ½ç¼“å­˜æœåŠ¡å™¨ nuster v1.7.10.1 å‘å¸ƒ,https://hacpai.com/article/1524530676868,222.0
453,[MySym] - è‡ªå®šä¹‰Symè®ºå›ç¼–è¾‘å™¨ä¸­emojiåˆ—è¡¨æç¤º,https://hacpai.com/article/1470285140911,222.0
454,æœ‹å‹ä»¬ï¼Œç©è¿‡ç¨‹åºå‘˜ç‰ˆæœ¬çš„è¿è¿çœ‹å—ï¼Ÿ,https://hacpai.com/article/1569296702944,220.0
455,ã€éŸ³ä¹ã€‘å…‰ç€æˆ‘çš„è„šä¸«å­ - æˆ´ä½©å¦®,https://hacpai.com/article/1484209009217,220.0
456,20160826 TGIF,https://hacpai.com/article/1472178924231,220.0
457,20170505 TGIF,https://hacpai.com/article/1493947704594,218.0
458,æœ‰æ„Ÿè€Œå‘,https://hacpai.com/article/1525610956992,217.0
459,å¼ºè¿«ç—‡:æ¥å£è¿”å›å‚æ•°å‘½åå¤§å°å†™é—®é¢˜,https://hacpai.com/article/1469521892578,217.0
460,å‘å¸ƒæ¸¸æˆæœåŠ¡å™¨æ¡†æ¶ / ç»„ä»¶åŒ… -KISSï¼ˆæ—¥å¸¸ç”¨ä½œæ¸¸æˆæœåŠ¡å™¨å¼€å‘ï¼Œä½†ä¸é™äºæ¸¸æˆæœåŠ¡å™¨å¼€å‘ï¼‰,https://hacpai.com/article/1563596883582,216.0
461,20190712 TGIF,https://hacpai.com/article/1562893855247,216.0
462,ã€Šæ™šå®‰å¯†è¯­ã€‹- å°åŒ— æœ‰å¤šå°‘äººï¼Œæ´»åœ¨çˆ±æƒ…çš„æƒ³è±¡é‡Œ,https://hacpai.com/article/1484112568992,216.0
463,20181026 TGIF,https://hacpai.com/article/1540506193879,215.0
464,20170609 TGIF,https://hacpai.com/article/1496989913070,215.0
465,20160819 TGIF,https://hacpai.com/article/1471538999187,215.0
466,å¤´è„‘ä¸€çƒ­ï¼Œæ’¸äº†å‡ ä¸ªåšå®¢èšåˆæ’ä»¶,https://hacpai.com/article/1550633982601,214.0
467,20181012 TGIF,https://hacpai.com/article/1539274083738,214.0
468,20180525 TGIF,https://hacpai.com/article/1527199673619,214.0
469,æ—¥æœ¬ç”µå½± -022- æ—©å®‰ - ãŠæ—©ã‚ˆã† -1959,https://hacpai.com/article/1524015728227,214.0
470,** æ¨ªæ‰¹ï¼š** è°èƒ½æ‡‚æˆ‘,https://hacpai.com/article/1485075222039,214.0
471,é»‘å®¢æ´¾æœ‰æ²¡æœ‰åŒå­¦åšæ¸¸æˆçš„ï¼Ÿ,https://hacpai.com/article/1467187881360,214.0
472,å¯¹äºéŸ³ä¹æ–¹é¢çš„ä¸€äº›æ‚äº‹æ€»æ±‡ï¼ˆé›¶ï¼‰,https://hacpai.com/article/1461764307596,214.0
473,æ™šä¸ŠåŠ ç­ï¼Œå‘ç°ä¸€æ¸¸æˆã€æ”¾ç½®éª‘å£«ã€‘aso åšçš„å¾ˆå¥½ï¼Œç®€å•åˆ†æä¸€ä¸‹ ~,https://hacpai.com/article/1545491344417,213.0
474,æ´»ç€ï¼Œæ˜¯ä¸ºä»€ä¹ˆä»€ä¹ˆå‘¢ï¼Ÿ,https://hacpai.com/article/1485243873203,213.0
475,android æ‰“åŒ…å·²å®‰è£…çš„ apk,https://hacpai.com/article/1517133479406,212.0
476,å›½äº§ç”µå½± -014- å¬è¯´ - Hear me -2009,https://hacpai.com/article/1499311014598,210.0
477,ã€è´ªåƒè›‡ã€‘å…ˆå®šä¸€ä¸ªå°ç›®æ ‡ï¼Œ80?,https://hacpai.com/article/1474433529806,210.0
478,ä»–è¯´ä»–ä¼šæ‰“é‡~,https://hacpai.com/article/1463972151164,210.0
479,åˆ†äº«ä¸€ä¸ªéŸ³ä¹ç½‘,https://hacpai.com/article/1497871086768,209.0
480,æ—¥æœ¬è€ç”µå½± -005- ä¸æ˜¥åŒè¡Œ -Haru's Journey-2010,https://hacpai.com/article/1486642776108,209.0
481,æ²¡æœ‰åæ§½å¹¿ç”µæ€»å±€æ‰‹æ¸¸æ–°è§„çš„ä¹ˆ,https://hacpai.com/article/1467961967148,209.0
482,ç¤¾åŒºè®ºå›å¹³å° Sym 3.4.2 å‘å¸ƒï¼Œæ”¯æŒ Live Photo,https://hacpai.com/article/1540345039105,208.0
483,20181214 TGIF,https://hacpai.com/article/1544748774074,207.0
484,20171110 TGIF,https://hacpai.com/article/1510275692011,207.0
485,20160909 TGIF,https://hacpai.com/article/1473390392863,206.0
486,ç¤¾åŒºè®ºå›å¹³å° Sym 3.4.4 å‘å¸ƒï¼ŒåŠ å…¥å®¡è®¡æ—¥å¿—,https://hacpai.com/article/1542856681254,205.0
487,20180420 TGIF,https://hacpai.com/article/1524184197186,205.0
488,IDEAC é…ç½® symphony å¼€å‘ç¯å¢ƒ,https://hacpai.com/article/1534080632923,203.0
489,"åˆåˆ° Hacpai, åˆ†äº«ä¸ª Go Web æ•™ç¨‹",https://hacpai.com/article/1542332279798,202.0
490,20180928 TGIF,https://hacpai.com/article/1538064772627,202.0
491,æš—é»‘è¥¿æ¸¸ç¯‡,https://hacpai.com/article/1485067603115,202.0
492,äº‘å—æ¸¸è®°,https://hacpai.com/article/1463708733012,202.0
493,MySQL æ•°æ®çƒ­å¤‡å·¥å…· XtraBackup çš„ä»‹ç»åŠä½¿ç”¨,https://hacpai.com/article/1562078219377,201.0
494,å¼€æºé¡¹ç›® filepond çš„ç‹¬ç«‹è‡ªç”±ä¹‹è·¯ï¼šåŸå¸‚å¥—è·¯æ·±,https://hacpai.com/article/1555751856056,201.0
495,20190524 TGIF,https://hacpai.com/article/1558664015802,200.0
496,github fork çš„åŸºç¡€ä½¿ç”¨,https://hacpai.com/article/1537200765518,200.0
497,å›½äº§ç”µå½±â€œç”Ÿç—…â€äº†,https://hacpai.com/article/1569132618678,199.0
498,20180831 TGIF,https://hacpai.com/article/1535688985637,199.0
499,è‡ªå¸¦ç”µéŸ³åŸæ¥æ˜¯è¿™æ ·å­çš„ã€‚ã€‚ã€‚,https://hacpai.com/article/1481984886592,199.0
500,20190426 TGIF,https://hacpai.com/article/1556240484047,198.0
501,20170714 TGIF,https://hacpai.com/article/1500020417468,198.0
502,æ—¥æœ¬è€ç”µå½± -006- é»„æ˜çš„æ¸…å…µå« -The Twilight Samurai-2002,https://hacpai.com/article/1487048075154,197.0
503,githubä½¿ç”¨jekyllç”Ÿæˆä¸ªäººåšå®¢é—®é¢˜æ±‚åŠ©,https://hacpai.com/article/1470564804486,197.0
504,å¼€å‘ä¸€ä¸ªå®Œæ•´çš„iOSç›´æ’­appï¼Ÿçœ‹è¿™é‡Œå°±å¤Ÿäº†ï¼ˆäºŒï¼‰å¤„ç†,https://hacpai.com/article/1472523772939,196.0
505,20190405 TGIF,https://hacpai.com/article/1554461519124,195.0
506,20180531 TGIF,https://hacpai.com/article/1527733257128,195.0
507,æ•¢é—®è·¯åœ¨ä½•æ–¹,https://hacpai.com/article/1484024273570,195.0
508,20161209 TGIF,https://hacpai.com/article/1481245881249,195.0
509,20190628 TGIF,https://hacpai.com/article/1561682778277,194.0
510,20180914 TGIF,https://hacpai.com/article/1536885683200,194.0
511,20180511 TGIF,https://hacpai.com/article/1526008294315,194.0
512,å›½å¤–ç”µå½± -010- å¯»æ‰¾å°ç³–äºº -Searching for Sugar Man-2012,https://hacpai.com/article/1494722634434,193.0
513,å¤§åŠå¤œçš„ç¡ä¸ç€ï¼Œè¿™å¯å’‹æ•´,https://hacpai.com/article/1490813490173,192.0
514,G20æ­å·æ”¾å‡7å¤©,https://hacpai.com/article/1472544986927,192.0
515,è´Ÿèƒ½é‡ä¸€å‘,https://hacpai.com/article/1467847969083,191.0
516,å•¦å•¦å•¦ï¼Œé—®é¢˜æ¥äº†,https://hacpai.com/article/1459994411797,191.0
517,æ­ç§˜ vue-sfc-cli: ç»„ä»¶ç ”å‘åˆ©å™¨,https://hacpai.com/article/1562492638541,190.0
518,PS4 å’Œ XBoxOne æ¶æ„å›¾å¯¹æ¯”,https://hacpai.com/article/1519552206530,190.0
519,è¥¿ç­ç‰™ -017- é…’å§ - El bar -2017,https://hacpai.com/article/1510332457692,190.0
520,è´Ÿèƒ½é‡,https://hacpai.com/article/1478144257019,190.0
521,è¯´èƒ½æŠµä½è¯±æƒ‘çš„ï¼Œæ˜¯å› ä¸ºæ²¡ç»è¿‡è¯±æƒ‘ï¼Œè¯´ä¸è´ªé’±çš„ï¼Œæ˜¯å› ä¸ºä½ ä¸æ˜¯å®˜å‘˜ã€‚å½’æ ¹ç»“åº•ä¸€å¥è¯ï¼šæ˜¯ç©·ï¼Œè®©ä½ æˆä¸ºäº†ä¸€ä¸ªæ­£ç›´çš„äººã€‚,https://hacpai.com/article/1464938170891,189.0
522,æ’ä»¶å¼å¼€æºå¼€å‘å¹³å°JXADF,https://hacpai.com/article/1462279559541,189.0
523,20190531 TGIF,https://hacpai.com/article/1559265232885,188.0
524,20190208 TGIF,https://hacpai.com/article/1549595334508,188.0
525,20181116 TGIF,https://hacpai.com/article/1542326048834,187.0
526,å¤,https://hacpai.com/article/1503050697127,187.0
527,æœ‰æ²¡æœ‰å›½åº†èŠ‚å»æ™®å‰ç©çš„ï¼Œä¸€èµ·å‘—,https://hacpai.com/article/1503037297726,187.0
528,æ¥å§ï¼Œåæ§½ä¸‹ 2016 çš„ä¸ç¾å¥½,https://hacpai.com/article/1483354736823,187.0
529,è‹¥æœ‰ä¸€é¦–æ­Œï¼Œä¼´æˆ‘ç»ˆè€ä¸è…»ï¼Œå°±è®©å®ƒå¥å“åœ¨æˆ‘çš„å¢“å‰......,https://hacpai.com/article/1555083063163,185.0
530,ç¤¾åŒºè®ºå›å¹³å° Sym 3.4.3 å‘å¸ƒï¼Œå¯è‡ªå®šä¹‰é¦–é¡µè·³è½¬,https://hacpai.com/article/1541646094222,185.0
531,å›½å†…å¼€æºé•œåƒç«™ç‚¹æ±‡æ€»,https://hacpai.com/article/1541222063322,185.0
532,20170106 TGIF,https://hacpai.com/article/1483666054295,185.0
533,20160617 TGIF,https://hacpai.com/article/1466126820392,185.0
534,20180615 TGIF,https://hacpai.com/article/1529049647635,184.0
535,vim-adventures è¿™æ¸¸æˆçœŸçš„æŒºå¥½ç©çš„,https://hacpai.com/article/1532505350420,182.0
536,é«˜æ€§èƒ½ç¼“å­˜æœåŠ¡å™¨ nuster,https://hacpai.com/article/1521089405671,182.0
537,20180706 TGIF,https://hacpai.com/article/1530865154695,181.0
538,20180427 TGIF,https://hacpai.com/article/1524787706790,181.0
539,20180413 TGIF,https://hacpai.com/article/1523583031728,181.0
540,20180608 TGIF,https://hacpai.com/article/1528423699922,180.0
541,è§†é¢‘: å®‰éœ (è‹±æ–‡&amp;ä¸­æ–‡) - Jason Chen ç¿»å”±,https://hacpai.com/article/1458527319430,180.0
542,20190920 TGIF,https://hacpai.com/article/1568911072031,179.0
543,çªç„¶å‘ç°ï¼Œgithub æ˜¯ä¸æ˜¯å¯¹ç™¾åº¦è§£å°äº†ï¼ï¼,https://hacpai.com/article/1546352091083,179.0
544,å¼€æºè®¸å¯è¯æ‰«ç›²,https://hacpai.com/article/1542857484214,179.0
545,ç–‘æƒ‘,https://hacpai.com/article/1536749845735,178.0
546,20171020 TGIF,https://hacpai.com/article/1508461149962,178.0
547,20170519 TGIF,https://hacpai.com/article/1495155844276,178.0
548,20170127 TGIF,https://hacpai.com/article/1485477297225,177.0
549,ä¹ æƒ¯æ€§æ— åŠ©,https://hacpai.com/article/1552878405568,176.0
550,å·¥ä½œæ²¡å‡ å¹´çš„ç¨‹åºå‘˜,https://hacpai.com/article/1517047187602,176.0
551,æ—¥æœ¬è€ç”µå½± -002- ä¸€æ— æ˜¯å¤„.Good.for.Nothing.1960,https://hacpai.com/article/1484894431838,174.0
552,20190301 TGIF,https://hacpai.com/article/1551403605871,173.0
553,æŠ¥å‘Šè€å¸ˆï¼Œæ€ªæ€ªæ€ªæ€ªç‰©ï¼æ ¡å›­é¢˜æçš„è¡€è…¥ææ€–ç‰‡,https://hacpai.com/article/1511530340960,173.0
554,é»‘å®¢æ´¾æ´¾æ­Œ,https://hacpai.com/article/1516673197273,172.0
555,20190315 TGIF,https://hacpai.com/article/1552618526367,171.0
556,2019 å¹´èœé¸¡çš„ç¬¬ä¸€ä¸ª android è½®å­,https://hacpai.com/article/1549897555005,171.0
557,æ¸¸æˆåˆ¶ä½œæ—¥è®° -1_2ã€Šä¸œæ–¹å…­å¼¹å¹•è¯´ã€‹,https://hacpai.com/article/1525067862828,171.0
558,æ±‚æ­å·æ—…æ¸¸æ”»ç•¥,https://hacpai.com/article/1474511725478,171.0
559,è¯è¯´ï¼Œå’±ä»¬symphonyå¼€æºå—,https://hacpai.com/article/1432695415060,171.0
560,TGIFï¼,https://hacpai.com/article/1464335643563,170.0
561,ç¬¬ä¸€æ¬¡æ‰“lolï¼Œçºªå¿µä¸€ä¸‹,https://hacpai.com/article/1471705227781,169.0
562,20160715 TGIF,https://hacpai.com/article/1468548048556,169.0
563,æ‰å¦–è®° 2,https://hacpai.com/article/1528206196824,167.0
564,[è½¬è½½] å¦‚ä½•çœ‹å¾…å¼€æº (An Open Source perspective for the youngsters),https://hacpai.com/article/1508474088876,166.0
565,æ¸¸æˆï¼Œæˆ‘æ˜¯è®¤çœŸçš„,https://hacpai.com/article/1538202956268,165.0
566,å¼€æº HTML ç»˜ç”»æ¿,https://hacpai.com/article/1474131836983,165.0
567,ç½‘æ˜“äº‘éŸ³ä¹ linux ç»ˆç«¯ç‰ˆå®‰è£…,https://hacpai.com/article/1492755807906,164.0
568,electron-vue å†™çš„ä¸€ä¸ªæœ¬åœ°æ ‡è®°åº”ç”¨,https://hacpai.com/article/1563845987617,163.0
569,åŸºäº Python ç³» Web æ¡†æ¶ Django å¼€å‘çš„ä¸ªäººåšå®¢ç³»ç»Ÿ,https://hacpai.com/article/1548311461329,161.0
570,å¤§ä½›æ™®æ‹‰æ–¯,https://hacpai.com/article/1519801279756,161.0
571,æ±‚æ¨èå®¹æ˜“ä¸Šæ‰‹çš„å¼€æºé¡¹ç›®,https://hacpai.com/article/1513166096939,161.0
572,ä¸€é¦–åŠ¨æ„Ÿçš„çˆµå£«é’¢ç´ä½œå“--æ¥è‡ªæœåŒ—è¾°çš„ä¸€é¦–é’¢ç´ä½œ,https://hacpai.com/article/1461045322537,161.0
573,20161125 TGIF,https://hacpai.com/article/1480036098114,160.0
574,ApacheCN 2019.4~7 æ€»ç»“,https://hacpai.com/article/1565059540537,159.0
575,ä¸çŸ¥ä½•æ—¶ï¼Œæˆ‘çš„å­¦ä¹ å˜æˆäº†ä¸€ç§è´Ÿæ‹…ï¼,https://hacpai.com/article/1528281952776,159.0
576,20171103 TGIF,https://hacpai.com/article/1509696927668,159.0
577,20190125 TGIF,https://hacpai.com/article/1548349365900,158.0
578,20190118 TGIF,https://hacpai.com/article/1547776068077,158.0
579,è¿™ä¸ªè®ºå›æ€ä¹ˆæ ·,https://hacpai.com/article/1463921371217,158.0
580,20170630 TGIF,https://hacpai.com/article/1498789039417,157.0
581,ç¾å›½ç”µå½± -024- ä¸ºå¥´åäºŒè½½ - 12 Years a Slave -2013,https://hacpai.com/article/1525702904114,156.0
582,æœ‰æœ¨æœ‰å–œæ¬¢ç§‘å¹»ç”µå½±çš„ï¼Œè¿›æ¥ä¸€èµ·äº¤æµå’Œåˆ†äº«ï¼,https://hacpai.com/article/1511428572741,155.0
583,å……æ»¡é­”æ€§çš„æ‘‡æ»š,https://hacpai.com/article/1464946260872,155.0
584,â€œæ˜ŸæœŸäº”â€ 20190430,https://hacpai.com/article/1556589406402,153.0
585,é’“é³„é±¼ å°è®° \- åˆ›ä¸šè€…å°±åº”è¯¥æœ‰é³„é±¼ç²¾ç¥ ä¼ºæœºè€ŒåŠ¨ æ— æ‰€ç•æƒ§,https://hacpai.com/article/1525746557196,153.0
586,è¥¿ç­ç‰™ç”µå½± -029- çœ‹ä¸è§çš„å®¢äºº - The Invisible Guest -2016,https://hacpai.com/article/1566909409412,152.0
587,20190322 TGIF,https://hacpai.com/article/1553219786066,152.0
588,20190201 TGIF,https://hacpai.com/article/1548983843199,152.0
589,å·¥ä½œæœ‰ç‚¹ç´¯,https://hacpai.com/article/1528187006982,152.0
590,å¼€å‘ä¸€ä¸ªå®Œæ•´çš„ç›´æ’­ appï¼Ÿçœ‹è¿™é‡Œå°±å¤Ÿäº†ï¼ˆä¸‰ï¼‰ç¼–ç å’Œå°è£…,https://hacpai.com/article/1472712037437,152.0
591,20161104 TGIF,https://hacpai.com/article/1478221066740,151.0
592,20181130 TGIF,https://hacpai.com/article/1543537325396,150.0
593,é¾™è…¾ä¸–çºª,https://hacpai.com/article/1528967064979,150.0
594,é¬¼å¹ç¯ä¹‹ç²¾ç»å¤åŸ,https://hacpai.com/article/1485052985786,149.0
595,é«˜æ€§èƒ½ç¼“å­˜æœåŠ¡å™¨ nuster v1.8.8.2 å’Œ v1.7.11.2 å‘å¸ƒ,https://hacpai.com/article/1527555910627,148.0
596,åœ¨ macbook pro 8.1 ä¸Šå®‰è£… win7 é‡åˆ°é—®é¢˜,https://hacpai.com/article/1521163554705,146.0
597,æ‹›è˜ principle Consultant -Shenzhen 800K,https://hacpai.com/article/1470671326876,146.0
598,æ³°å¦äº‘ï¼šæµ·å¤–é…’åº—B2Bçš„ä¾›ç»™ä¾§é©æ–°å®è·µ,https://hacpai.com/article/1453892102628,146.0
599,Ant Desgin æ——ä¸‹çš„å¼€æºå›¾è¡¨ G2 ä¼šå‘èš‚èšé‡‘æœå‘é€æ•°æ®,https://hacpai.com/article/1545787052235,145.0
600,[è¯‘] Reactã€Jestã€Flow å’Œ Immutable.js å°†ä½¿ç”¨ MIT è®¸å¯è¯,https://hacpai.com/article/1506143510265,145.0
601,é«˜æ€§èƒ½ç¼“å­˜æœåŠ¡å™¨ nuster 1.7.9.9 å‘å¸ƒ,https://hacpai.com/article/1522661068036,144.0
602,æ–¯å¤§æ—ä¹‹æ­»,https://hacpai.com/article/1519700464105,143.0
603,JetBrains Soft Locales,https://hacpai.com/article/1534052109217,142.0
604,è‘£è¥¿æˆ -2.1(2) ç®€æ˜“ç”µå½±å—ä¼—ç³»ç»Ÿ,https://hacpai.com/article/1477376179242,141.0
605,20190412 TGIF,https://hacpai.com/article/1555028091941,141.0
606,2016 çš„æœ€åä¸€ä¸ªå‘¨äº”,https://hacpai.com/article/1483068589670,141.0
607,[ç§»åŠ¨å¼€å‘] å…³äºè§†é¢‘ç›´æ’­æŠ€æœ¯ï¼Œä½ æƒ³è¦çŸ¥é“çš„éƒ½åœ¨è¿™é‡Œäº†ï¼ˆä¸ƒï¼‰ï¼šç›´æ’­äº‘ SDK æ€§èƒ½æµ‹è¯•æ¨¡å‹,https://hacpai.com/article/1476258426810,140.0
608,æˆ‘çš„å¼€æºå…¬ä¼—å·,https://hacpai.com/article/1470391174949,140.0
609,å¼€æºblogç³»ç»Ÿéƒ¨ç½²,https://hacpai.com/article/1470049343276,140.0
610,æ¥è‡ªChopinistçš„ã€å¤©ç©ºæœ‰é›¨ä¸‹èµ·æ—¶ã€‘,https://hacpai.com/article/1463008812568,140.0
611,20190705 TGIF,https://hacpai.com/article/1562289266506,139.0
612,å¥½ä¹…æ²¡æœ‰å†’æ³¡äº†ï¼Œæˆ‘å°±æ˜¯æ¥å†’ä¸ªæ³¡,https://hacpai.com/article/1512972013012,138.0
613,ã€æ´»åŠ¨ã€‘ã€12 æœˆ 23 æ—¥ã€‘ã€å¹¿å·ã€‘æ¸¸æˆå¼€å‘ä¸è¿ç»´çš„ â€œå¥‡æ€å¦™æƒ³â€,https://hacpai.com/article/1512531675178,135.0
614,ä¼Šéƒç”µå½± -008- æ¨é”€å‘˜ - Forushande -2016,https://hacpai.com/article/1489070481759,135.0
615,æ¬§å¡ 2 é‡Œè”æœºæœ‰ä¹ˆï¼Ÿ,https://hacpai.com/article/1481171990963,135.0
616,20181207 TGIF,https://hacpai.com/article/1544115386622,134.0
617,21 å¤©å‡æœŸç»“æŸåã€‚ã€‚ã€‚,https://hacpai.com/article/1539845614214,134.0
618,ç”µä¿¡åœ¨å¹¿ä¸œå’Œç¦å·æ¨å‡ºæ¸¸æˆä¸“å±å®½å¸¦,https://hacpai.com/article/1548434628525,132.0
619,ç”µå½± -ã€ç™¾é¸Ÿæœå‡¤ã€‘,https://hacpai.com/article/1482125381024,132.0
620,æˆ‘ç»™è‡ªå·±åšä¸€ä¸ªå¹¿å‘Š,https://hacpai.com/article/1466184470497,130.0
621,å¥½ç´¯,https://hacpai.com/article/1531835619395,129.0
622,ç½‘é¡µæ¸¸æˆè¯•ç©ï¼Œå…³æ³¨æˆ‘å¾®ä¿¡å…¬ä¼—å· jhzao82 å³å¯,https://hacpai.com/article/1474017446031,127.0
623,20170707 TGIF,https://hacpai.com/article/1499410849016,125.0
624,å¼€å‘ä¸€ä¸ªå®Œæ•´çš„ç›´æ’­ appï¼Ÿçœ‹è¿™é‡Œå°±å¤Ÿäº†ï¼ˆäº”ï¼‰å»¶è¿Ÿä¼˜åŒ–,https://hacpai.com/article/1474600932094,124.0
625,ç»˜ç”»æ¿ 05â€”â€”è®¾ç½®å›¾å½¢è¾¹æ¡†é¢œè‰²ä¸èƒŒæ™¯è‰²ï¼ˆå–·æªï¼‰,https://hacpai.com/article/1474601036362,123.0
626,20190913 TGIF,https://hacpai.com/article/1568338707554,121.0
627,20180914 æ˜ŸæœŸäº” å‡ºå·®è¿˜æ˜¯æ—…æ¸¸,https://hacpai.com/article/1536885742094,121.0
628,20180601 TGIF,https://hacpai.com/article/1527822963336,121.0
629,è§‚å½±ä¹ æƒ¯æ”¹å˜ä¸­,https://hacpai.com/article/1516154344256,121.0
630,ç»˜ç”»æ¿ 12â€”â€”å˜å½¢ (ä¸Š),https://hacpai.com/article/1475030452778,121.0
631,ç©é­”å…½ä¸–ç•Œçš„åŠ ä¸€æ³¢å¥½å‹,https://hacpai.com/article/1473389883653,121.0
632,20190308 TGIF,https://hacpai.com/article/1552005806316,120.0
633,æ—¥ç³»å°‘å¥³é£æ¨è ä¸€èµ·æ¸…æ–°ç”œç¾å§,https://hacpai.com/article/1471411349212,120.0
634,åŒºå—é“¾è½åœ°æ¸¸æˆä½ çœŸçš„ä¼šç©å—?,https://hacpai.com/article/1545213264608,119.0
635,20190222 TGIF,https://hacpai.com/article/1550798092124,118.0
636,ç»˜ç”»æ¿ 11â€”â€”æ‹–æ‹½,https://hacpai.com/article/1474873120353,118.0
637,å¼€æºçš„ä»»åŠ¡é˜Ÿåˆ—æœåŠ¡ HTQ,https://hacpai.com/article/1473084230770,118.0
638,20180831TGIF,https://hacpai.com/article/1535698166072,117.0
639,wuhongxu çš„ github å¼€æºåœ°å€,https://hacpai.com/article/1474195495562,116.0
640,arch æ— çº¿ç½‘å¡ç»ˆäºæå®šäº†,https://hacpai.com/article/1553502401903,115.0
641,å‘ƒå‘ƒï¼Œä»»ä½•ç¦æ¢æ•¬ä¸šç¦,https://hacpai.com/article/1484793098160,114.0
642,Hope-plus æ˜¯ä¸€æ¬¾ nice çš„æƒé™ç®¡ç†ç³»ç»Ÿã€‚åŸºäº Springboot2 å¼€å‘ï¼Œæ•´åˆä½¿ç”¨ mybatis+shiro+redis+thymeleaf+maven ç­‰å®ç”¨æŠ€æœ¯ã€‚,https://hacpai.com/article/1547737381982,111.0
643,æ²¡äº‹æ¢å¤´åƒå’ŒèƒŒæ™¯ç³»åˆ—,https://hacpai.com/article/1539672260575,110.0
644,å¼€æºç¤¾åŒºä¹‹æé—®çš„æ™ºæ…§,https://hacpai.com/article/1544408700521,109.0
645,ç»˜ç”»æ¿ 09â€”â€”è‡ªå®šä¹‰å³é”®èœå•,https://hacpai.com/article/1474856706176,109.0
646,20190111 TGIF,https://hacpai.com/article/1547168296380,108.0
647,æ—¥æœ¬è€ç”µå½± -007- ç”¨å¿ƒæ£’ -The Bodyguard-1961,https://hacpai.com/article/1487640504930,108.0
648,å…³äº rtty åœ¨ Ubuntu å’ŒåµŒå…¥å¼æ¿å¡ä¸Šçš„å®¢æˆ·ç«¯æ­å»ºä»¥åŠåœ¨é˜¿é‡Œäº‘ä¸ŠæœåŠ¡ç«¯çš„æ­å»º,https://hacpai.com/article/1563626442507,107.0
649,Android æµ‹è¯•èµ„æºä¹‹ GitHub ç¯‡,https://hacpai.com/article/1490064164656,107.0
650,ç»˜ç”»æ¿ 01â€”â€”å®ç°ç»˜åˆ¶çŸ©å½¢åŠŸèƒ½,https://hacpai.com/article/1474350442966,107.0
651,NuSTER: åŸºäº HAProxy çš„é«˜æ€§èƒ½ HTTP ç¼“å­˜æœåŠ¡å™¨å’Œ RESTful NoSQL ç¼“å­˜æœåŠ¡å™¨,https://hacpai.com/article/1531098759587,106.0
652,ç»˜ç”»æ¿ 08â€”â€”åˆ é™¤ä¸æ¸…å±,https://hacpai.com/article/1474783146779,106.0
653,ç»˜ç”»æ¿ 03â€”â€”é€‰ä¸­å…ƒç´ ,https://hacpai.com/article/1474441862240,106.0
654,ã€ŠæèŒ¶çš„å§‘å¦ˆã€‹,https://hacpai.com/article/1540650612850,105.0
655,ç»˜ç”»æ¿ 06â€”â€”é“…ç¬”ä¸è‡ªå®šä¹‰é¼ æ ‡å›¾æ ‡,https://hacpai.com/article/1474711147009,105.0
656,20181019 TGIF,https://hacpai.com/article/1539881925151,104.0
657,ç»˜ç”»æ¿ 00â€”â€”ä¸ºä»€ä¹ˆç”¨ svg,https://hacpai.com/article/1474339136538,102.0
658,ç»˜ç”»æ¿ 13â€”â€”å˜å½¢ (ä¸‹),https://hacpai.com/article/1475130420804,99.0
659,æ˜Ÿå‡çš„ç¢§è¡€æ™´å¤©,https://hacpai.com/article/1507947796257,98.0
660,ç»˜ç”»æ¿ 10â€”â€”å¤šé€‰å…ƒç´ ,https://hacpai.com/article/1474858633193,98.0
661,å…³äº rustï¼ˆæœ¨ç­ç”Ÿå­˜ï¼‰ä¸‹è½½é—®é¢˜,https://hacpai.com/article/1527891901669,95.0
662,å¤§å®¶å¥½å‘€ï¼Œç¬¬ä¸€ä¸ªå¸–å­ï¼Œæ±‚å¸®å¸®å¿™æ¨èä¸€ä¸ªå¥½çš„ ios å½•å±è½¯ä»¶,https://hacpai.com/article/1472701677674,95.0
663,æ—¥æœ¬è€ç”µå½± -001- æ°´ä¹¦ç‰©è¯­.A.Story.Written.with.Water.1965,https://hacpai.com/article/1484894097555,94.0
664,ç ´å¤©æ— åŒ,https://hacpai.com/article/1528076239978,93.0
665,2016 æœ€åä¸€ä¸ªå‘¨äº”,https://hacpai.com/article/1483070848297,92.0
666,è¶…çº§ç¾å¥³æ™ºæ–—å¤§é²¨é±¼,https://hacpai.com/article/1473604121408,92.0
667,æ°´æ¯ç‰ˆé©¬é‡Œå¥¥,https://hacpai.com/article/1538297376617,91.0
668,ç»˜ç”»æ¿ 07â€”â€”å›¾å±‚ç§»åŠ¨,https://hacpai.com/article/1474713045547,91.0
669,ä½ ä»¬çœ‹äº†ã€Šæœæ‹‰æ‹‰è¿½å©šè®°ã€‹å˜›ï¼Ÿ,https://hacpai.com/article/1453105047873,91.0
670,ç»˜ç”»æ¿ 04â€”â€”å¢åŠ æ“ä½œæ¡†ï¼ˆçŸ©é˜µå˜åŒ–ï¼‰,https://hacpai.com/article/1474513045156,90.0
671,Motan_SPI æ’ä»¶æ‰©å±•æœºåˆ¶,https://hacpai.com/article/1568614561197,88.0
672,åšå®¢ç³»ç»Ÿçš„å‘å¸ƒ,https://hacpai.com/article/1470901786644,87.0
673,å…ƒæ°”å†³æˆ˜,https://hacpai.com/article/1528889212769,85.0
674,bug é¢‘å‡ºçš„ç¾¤æ˜Ÿ,https://hacpai.com/article/1544860408780,84.0
675,ç«ç‹çš„åŠ å¯†æ–‡ä»¶åˆ†äº«ç³»ç»Ÿ send,https://hacpai.com/article/1552707865196,81.0
676,Spring boot,https://hacpai.com/article/1472541056439,78.0
677,å§œæ–‡å†™ç»™å‘å“¥çš„ä¿¡...,https://hacpai.com/article/1539340187896,77.0
678,20180921 TGIF,https://hacpai.com/article/1537489156908,76.0
679,è§¦ä¸å¯åŠ Intouchables,https://hacpai.com/article/1481289220750,74.0
680,HTML5 æ¸²æŸ“å¼•æ“ PixiJS,https://hacpai.com/article/1540949922145,73.0
681,çµé­‚ä½¿å‘½,https://hacpai.com/article/1528286494719,72.0
682,20190104 TGIF,https://hacpai.com/article/1546563311637,71.0
683,å¼€æºæ¡†æ¶,https://hacpai.com/article/1478966371909,68.0
684,20181102 TGIF,https://hacpai.com/article/1541110743185,67.0
685,Awesome open source apps,https://hacpai.com/article/1490004851510,60.0
686,ç»™å¤§å®¶æ¨èä¸€é¦–ä¸­æ–‡æ­Œ,https://hacpai.com/article/1536114967697,58.0
687,20181123 TGIF,https://hacpai.com/article/1542902550232,53.0
688,å…³äº Apache License 2.0 çš„ä¸€äº›é—®é¢˜,https://hacpai.com/article/1568096017367,50.0
689,å ¡å’ä¹‹å¤œç¬¬äº”èµ›å­£æŒ‘æˆ˜ä»»åŠ¡æ”»ç•¥,https://hacpai.com/article/1536763117088,50.0
690,å½±è§†å‰§æ¨è,https://hacpai.com/article/1545313891462,49.0
691,å’Œä¸€åªåœŸæ‹¨é¼ çš„æ•…äº‹ï¼ˆä¸€ï¼‰,https://hacpai.com/article/1543735184177,47.0
692,æ€ä¹ˆæŒºæ— èŠçš„ï¼Œæ€ä¹ˆå°±æ²¡æœ‰äººå‘è¡¨æ—…æ¸¸çš„è´´,https://hacpai.com/article/1553044419667,43.0
693,ã€Šå ¡å’ä¹‹å¤œã€‹ç¬¬ä¸ƒèµ›å­£æŒ‘æˆ˜ä»»åŠ¡æ”»ç•¥,https://hacpai.com/article/1545314731655,39.0
694,season-of-docs,https://hacpai.com/article/1553347753426,33.0
695,20181005 TGIF,https://hacpai.com/article/1538703607982,33.0
696,æ¸¸æˆåˆ›å»ºæˆ¿é—´ä»¥åŠéŸ³é‡ä¸­çš„æˆ¿é—´åŒ¹é…æ˜¯ä»€ä¹ˆåŸç†å‘¢ï¼Ÿ,https://hacpai.com/article/1546995726739,30.0
697,å ¡å’ä¹‹å¤œç¬¬å…­èµ›å­£æ”»ç•¥æ¥è¢­,https://hacpai.com/article/1539960638745,23.0
698,è¯·é—®é¦™æ ¼é‡Œæ‹‰å¦‚ä½•å»æ³¸æ²½æ¹–ï¼Ÿ,https://hacpai.com/article/1561974573638,20.0
699,è´µå·æœ‰å“ªäº›å¥½ç©çš„åœ°æ–¹,https://hacpai.com/article/1557811287844,20.0
700,äº‘å—è…¾å†²æœ‰å“ªäº›æ¸¸ç©çš„åœ°æ–¹ï¼Ÿ,https://hacpai.com/article/1557737774195,20.0
701,å…³äºå¼€æºé¡¹ç›®çš„ä¸€äº›é—®é¢˜,https://hacpai.com/article/1543924846445,20.0
702,å­¦ä¹ æ²¡æœ‰åŠ¨åŠ›æ€ä¹ˆåŠï¼Ÿ,https://hacpai.com/article/1528791746711,1.0
703,è¯·é—®ä½ æ‰“é£æœºå—ï¼Ÿ,https://hacpai.com/article/1528773807487,1.0
