"_id","name","cover","link","bango","date"
"5bc1cfc0a620d51a406a0373","親が再婚し、お兄ちゃん大好き小悪魔女子○生の妹ができた。 一生懸命誘惑してくる姿に恋した僕。 有坂深雪","https://pics.javcdn.pw/thumb/6syj.jpg","https://www.javbus.pw/SW-587","SW-587","2018-10-11"
"5bc1cfc0a620d51a406a0375","SODstar 唯井まひろ 18歳 エロカワな姪っ子とヤリまくり◆3泊4日共同性活","https://pics.javcdn.pw/thumb/6syk.jpg","https://www.javbus.pw/STAR-987","STAR-987","2018-10-11"
"5bc1cfc0a620d51a406a0377","あの雨上がりの駅前で僕らは一生忘れられない人妻と出会ったんだ。 吉田楓 30歳 第2章 旦那と子供に内緒で初めての外泊不倫旅行一泊二日4SEX 下腹部が満たされる悦びでずーっと絶頂","https://pics.javcdn.pw/thumb/6syl.jpg","https://www.javbus.pw/SDNM-163","SDNM-163","2018-10-11"
"5bc1cfc0a620d51a406a0379","桐谷まつり 中出し凌辱義母レ○プ","https://pics.javcdn.pw/thumb/6sym.jpg","https://www.javbus.pw/STAR-983","STAR-983","2018-10-11"
"5bc1cfc0a620d51a406a037b","最高にエッチで可愛い青山希愛がアナタの妹になってラブラブ近親相姦生活","https://pics.javcdn.pw/thumb/6syn.jpg","https://www.javbus.pw/STAR-986","STAR-986","2018-10-11"
"5bc1cfc0a620d51a406a037d","とめどなく溢れ出る愛液…それが全ての答えです。 我妻澪 33歳 AV DEBUT","https://pics.javcdn.pw/thumb/6syo.jpg","https://www.javbus.pw/SDNM-164","SDNM-164","2018-10-11"
"5bc1cfc0a620d51a406a037f","小倉由菜 いいなり温泉旅行","https://pics.javcdn.pw/thumb/6syp.jpg","https://www.javbus.pw/STAR-984","STAR-984","2018-10-11"
"5bc1cfc0a620d51a406a0382","生中痴漢集団2","https://pics.javcdn.pw/thumb/6sys.jpg","https://www.javbus.pw/NHDTB-184","NHDTB-184","2018-10-11"
"5bc1cfc0a620d51a406a0384","侵食憑依 手、胴体、足、脳、体全て。男が少女の体に徐々に【憑依】乗り移っていく監禁記録。","https://pics.javcdn.pw/thumb/6syw.jpg","https://www.javbus.pw/SDDE-554","SDDE-554","2018-10-11"
"5bc1cfc0a620d51a406a0387","子宮突き専用‘側位’激ピストンで隣に住むデカチン男に失神イキさせられた人妻","https://pics.javcdn.pw/thumb/6sz3.jpg","https://www.javbus.pw/NHDTB-183","NHDTB-183","2018-10-11"
"5bc1cfc0a620d51a406a0389","恵比寿で見つけた美人すぎる人妻に、18cmメガチ○ポを素股してもらったらこんなヤラしい事になりました。2","https://pics.javcdn.pw/thumb/6sz4.jpg","https://www.javbus.pw/IENE-937","IENE-937","2018-10-11"
"5bc1cfc1a620d51a406a038b","トビジオっ！NEWS 本番中、ずっと潮吹きっぱなし・失禁しても平然と原稿を読み上げる女子アナ","https://pics.javcdn.pw/thumb/6sz7.jpg","https://www.javbus.pw/SDDE-553","SDDE-553","2018-10-11"
"5bc1cfc1a620d51a406a038f","膣奥をじっくり刺激されビックンビックン！超低速スローピストンで初イキ 水樹璃子","https://pics.javcdn.pw/thumb/6sz9.jpg","https://www.javbus.pw/KMHR-050","KMHR-050","2018-10-11"
"5bc1cfc1a620d51a406a0393","素人娘は射精（だ）しても射精（だ）しても止めてあげない！ 知人男性のチ○ポを素手・お口で連続ザーメン発射！4 恋人以外の男女限定20名 恥ずかしいけどもっと射精（だ）して！Hな手コキ・フェラでたっぷり4時間SP","https://pics.javcdn.pw/thumb/6szd.jpg","https://www.javbus.pw/SDMU-888","SDMU-888","2018-10-11"
"5bc1cfc1a620d51a406a0397","SOD女子社員 2018（裏）水泳大会 ローションプールでシャツもマ○コも全身ヌルヌルハレンチ大特訓！！","https://pics.javcdn.pw/thumb/6sze.jpg","https://www.javbus.pw/SDMU-884","SDMU-884","2018-10-11"
"5bc1cfc1a620d51a406a0399","危険日直撃！！子作りできるソープランド12 佐々木あき","https://pics.javcdn.pw/thumb/6szg.jpg","https://www.javbus.pw/MIST-231","MIST-231","2018-10-11"
"5bc1cfc1a620d51a406a039c","羞恥絶叫ウォータースライダー","https://pics.javcdn.pw/thumb/6szj.jpg","https://www.javbus.pw/RCTD-153","RCTD-153","2018-10-11"
"5bc1cfc1a620d51a406a039e","SOD女子社員立ち飲み酒場オープン記念！社内抜き打ち健康診断 普段立ち飲み屋で働く女子社員の身体の隅々まで業務中に抜き打ちCHECK！羞恥度120％の8SEX収録！！","https://pics.javcdn.pw/thumb/6szk.jpg","https://www.javbus.pw/SDMU-883","SDMU-883","2018-10-11"
"5bc1cfc1a620d51a406a03a2","ノットリ10 これマジ！？乗っ取り家族","https://pics.dmm.co.jp/digital/video/1nttr00010/1nttr00010ps.jpg","https://www.javbus.pw/NTTR-010","NTTR-010","2018-10-11"
"5bc1cfc1a620d51a406a03a5","@yano_purple 初めての中出しマジイキ大絶頂","https://pics.javcdn.pw/thumb/6szq.jpg","https://www.javbus.pw/KMHR-046","KMHR-046","2018-10-11"
"5bc1cfc1a620d51a406a03a8","マジックミラー号inヨーロッパ 海外ロケでナンパした日本人好みの可愛くてうぶな欧州本物素人娘を7名厳選 日本人素人男性3名がサムライチ○ポで殴り込み！？ 7SEX240分SP Vol.1","https://pics.javcdn.pw/thumb/6szt.jpg","https://www.javbus.pw/SDMU-861","SDMU-861","2018-10-11"
"5bc1cfc1a620d51a406a03ac","古川いおり あなただけを見つめながらゆっくり丁寧に絶頂へ誘（いざな）う癒しの極上スローフェラチオ ALL ごっくんスペシャル","https://pics.javcdn.pw/thumb/6szx.jpg","https://www.javbus.pw/STAR-981","STAR-981","2018-10-11"
"5bc1cfc1a620d51a406a03af","アメリカ人男性と日本人女性の国際W不倫カップル 真実の愛を探す寝取らせドキュメント 寝取らせ 宮沢ゆかり","https://pics.javcdn.pw/thumb/6szz.jpg","https://www.javbus.pw/SDMU-890","SDMU-890","2018-10-11"
"5bc1cfc1a620d51a406a03b0","ASMR淫語病棟24時","https://pics.javcdn.pw/thumb/6t02.jpg","https://www.javbus.pw/SDMU-889","SDMU-889","2018-10-11"
"5bc1cfc1a620d51a406a03b4","その爽やかさ、反則 無垢な薄毛ハーフ 成宮りか 汚れなき肉ヒダが絡みつく 制服美少女といけない温泉性交","https://pics.javcdn.pw/thumb/6t04.jpg","https://www.javbus.pw/SDAB-070","SDAB-070","2018-10-11"
"5bc1cfc1a620d51a406a03b7","倉多まおにレズテクで勝ったら1000万円","https://pics.javcdn.pw/thumb/6t06.jpg","https://www.javbus.pw/RCTD-151","RCTD-151","2018-10-11"
"5bc1cfc1a620d51a406a03ba","八乃つばさ 麻薬捜査官 媚薬漬け膣痙攣","https://pics.javcdn.pw/thumb/6t07.jpg","https://www.javbus.pw/IESP-644","IESP-644","2018-10-11"
"5bc1cfc1a620d51a406a03bf","エリートから転落したボクがガテン系に転職したら…以前は見向きもされなかった近所の美人ヤンママからデカチンごとめちゃモテ！","https://pics.javcdn.pw/thumb/6t1b.jpg","https://www.javbus.pw/SCPX-265","SCPX-265","2018-10-11"
"5bc1cfc1a620d51a406a03c2","憧れの女上司と 桐島美奈子","https://pics.javcdn.pw/thumb/6t1i.jpg","https://www.javbus.pw/MOND-153","MOND-153","2018-10-11"
"5bc1cfc1a620d51a406a03c6","あん時のセフレは…友達の母親 澤村レイコ","https://pics.javcdn.pw/thumb/6t1w.jpg","https://www.javbus.pw/SPRD-1067","SPRD-1067","2018-10-11"
"5bc1cfc1a620d51a406a03a9","先っぽ3cmまでは挿入させてくれる姉とのギリギリ相姦未満生活 川上奈々美","https://pics.javcdn.pw/thumb/6q3n.jpg","https://www.javbus.pw/DVAJ-349","DVAJ-349","2018-09-13"
"5bc1cfc1a620d51a406a03ab","地味な読書女子サイレントレ×プ 周りに犯されている事を知られたくなくて必死に声を押し殺しました 相沢みなみ","https://pics.javcdn.pw/thumb/6q3p.jpg","https://www.javbus.pw/IPX-203","IPX-203","2018-09-13"
"5bc1cfc1a620d51a406a03ae","「イク！イク！イッてます！もう止めてください！」 痙攣絶頂後にぶっちぎりの追撃弾丸ピストンFUCK Jカップ100cmおっぱいがぶるんぶるん縦揺れ横揺れ激震乳弾！！ 益坂美亜","https://pics.javcdn.pw/thumb/6q3q.jpg","https://www.javbus.pw/IPX-198","IPX-198","2018-09-13"
"5bc1cfc1a620d51a406a03b1","超高級泡店で働くことになったお姉ちゃんのソープテク練習台になってよ 桜空もも","https://pics.javcdn.pw/thumb/6q3t.jpg","https://www.javbus.pw/IPX-201","IPX-201","2018-09-13"
"5bc1cfc1a620d51a406a03b3","犯され輪姦された新任女教師 震撼凌辱ドラマ！期待と夢に膨らんだ憧れの教師人生の陥落… 桃乃木かな","https://pics.javcdn.pw/thumb/6q3u.jpg","https://www.javbus.pw/IPX-202","IPX-202","2018-09-13"
"5bc1cfc1a620d51a406a03b6","妻の残業NTRわたし、旦那に嘘をついて残業しています…。 神宮寺ナオ","https://pics.javcdn.pw/thumb/6q3x.jpg","https://www.javbus.pw/MEYD-416","MEYD-416","2018-09-13"
"5bc1cfc1a620d51a406a03b8","浮気の天才AVデビュー！！ 矢田美紀子","https://pics.javcdn.pw/thumb/6q47.jpg","https://www.javbus.pw/MEYD-415","MEYD-415","2018-09-13"
"5bc1cfc1a620d51a406a03bc","デビュー10周年特別企画 NN（生ハメ生中だし）風俗店潜入！風俗客のガチ素人さん達と生ハメ生中出し4本番240分スペシャル！！ 「突撃！風俗店にガチ潜入リポート」の大反響に応えまたも突撃！ 希崎ジェシカ","https://pics.javcdn.pw/thumb/6q48.jpg","https://www.javbus.pw/IPX-197","IPX-197","2018-09-13"
"5bc1cfc1a620d51a406a03bd","大量種付けプレスされる軟体くびれボディ！全国大会10位の有名大学チアリーディング選手がまさかの中出しAVデビュー 佐久間恵美","https://pics.javcdn.pw/thumb/6q49.jpg","https://www.javbus.pw/EBOD-654","EBOD-654","2018-09-13"
"5bc1cfc1a620d51a406a03c1","親のいない1週間義理の兄を軽蔑しながらもご奉仕させられた妹 岬ななみ","https://pics.javcdn.pw/thumb/6q4e.jpg","https://www.javbus.pw/IPX-205","IPX-205","2018-09-13"
"5bc1cfc1a620d51a406a03c4","Aカップパイパン専門オイルエステサロン 胸のサイズに悩む女子へホルモン活性ワレメマッサージ","https://pics.javcdn.pw/thumb/6q4g.jpg","https://www.javbus.pw/MIAE-303","MIAE-303","2018-09-13"
"5bc1cfc1a620d51a406a03c5","本番なしのマットヘルスに行って出てきたのは隣家の高慢な美人妻。弱みを握った僕は本番も中出しも強要！店外でも言いなりの性奴隷にした 佐山愛","https://pics.javcdn.pw/thumb/6q4j.jpg","https://www.javbus.pw/MEYD-414","MEYD-414","2018-09-13"
"5bc1cfc1a620d51a406a03c7","夫がいない間の里帰り。偶然出会った幼馴染と背徳の中で濃厚接吻を繰り返し、イッているのに腰を振り続けた2泊3日不倫 富田優衣","https://pics.javcdn.pw/thumb/6q4m.jpg","https://www.javbus.pw/MEYD-417","MEYD-417","2018-09-13"
"5bc1cfc1a620d51a406a03c8","家賃が支払えないなら奥さんのカラダで立て替えてもらいましょうか？笑 東凛","https://pics.javcdn.pw/thumb/6q4p.jpg","https://www.javbus.pw/MEYD-413","MEYD-413","2018-09-13"
"5bc1cfc1a620d51a406a03c9","「私もイクイクSEXしてみたい」工業校出身！超敏感Aカップ美少女AVデビュー！！ 茜はるか","https://pics.javcdn.pw/thumb/6q4q.jpg","https://www.javbus.pw/MIFD-053","MIFD-053","2018-09-13"
"5bc1cfc1a620d51a406a03ca","結婚8年目34歳の元フリーアナウンサー人妻が夫に内緒で決意の出演 AVデビュー 香澄しおり","https://pics.javcdn.pw/thumb/6q4v.jpg","https://www.javbus.pw/MEYD-411","MEYD-411","2018-09-13"
"5bc1cfc1a620d51a406a03cb","妻の犯したあやまち… 希島あいり","https://pics.javcdn.pw/thumb/6q55.jpg","https://www.javbus.pw/MEYD-412","MEYD-412","2018-09-13"
"5bc1cfc1a620d51a406a03cc","某サイトのレビューで炎上！？みんなの永遠の妹、人気No.1声優激似竹○彩○","https://pics.javcdn.pw/thumb/6q56.jpg","https://www.javbus.pw/MIAE-301","MIAE-301","2018-09-13"
"5bc1cfc0a620d51a406a0381","CA飛行機痴漢 4 豪華版 中出しスペシャル","https://pics.javcdn.pw/thumb/6r23.jpg","https://www.javbus.pw/NHDTB-171","NHDTB-171","2018-09-06"
"5bc1cfc0a620d51a406a0385","雨に打たれながら痴漢師に乳首をいじられ続けS字反りイキする敏感巨乳女子○生","https://pics.javcdn.pw/thumb/6r26.jpg","https://www.javbus.pw/NHDTB-174","NHDTB-174","2018-09-06"
"5bc1cfc0a620d51a406a0388","痴漢おねだり娘2 初めての漏らしイキに発情して挿入をねだる女子○生","https://pics.javcdn.pw/thumb/6r2a.jpg","https://www.javbus.pw/NHDTB-173","NHDTB-173","2018-09-06"
"5bc1cfc1a620d51a406a038c","布団の中の密着ピストンでねっとり膣奥を突かれ発情した看護師は何度も絶頂を求める","https://pics.javcdn.pw/thumb/6r2b.jpg","https://www.javbus.pw/NHDTB-175","NHDTB-175","2018-09-06"
"5bc1cfc1a620d51a406a038e","「酔いつぶれた人妻同僚の胸チラでせんずりしていたのがバレて怒られると思ったらヤられた」VOL.1","https://pics.javcdn.pw/thumb/6r2h.jpg","https://www.javbus.pw/DANDY-621","DANDY-621","2018-09-06"
"5bc1cfc1a620d51a406a0391","「手錠の鍵をチ○ポに付け拘束された男子を見つけた女教師は勃起しても発情せずにいられるか？」VOL.1","https://pics.javcdn.pw/thumb/6r2l.jpg","https://www.javbus.pw/DANDY-623","DANDY-623","2018-09-06"
"5bc1cfc1a620d51a406a0394","スパッツ穿いてくるのを忘れちゃったクラスメイトが、いつものように無防備に動くのでパンチラ！ 僕を誘惑していると勘違いした男子にチ○ポ挿れられた女子でした。","https://pics.javcdn.pw/thumb/6r38.jpg","https://www.javbus.pw/SW-580","SW-580","2018-09-06"
"5bc1cfc1a620d51a406a0396","夢の近親相姦！姉貴たちは弟の僕の目の前で下着姿や風呂上りの裸を平気で見せつけるからチ○コ勃っちゃった！「お姉ちゃんのカラダ見て大きくしてどーすんの？！」みんなの前だとバカにしてた姉も二人っきりになると弟チ○コに性欲爆発！お股にすり寄せ入っちゃうよ！","https://pics.javcdn.pw/thumb/6r3a.jpg","https://www.javbus.pw/SW-579","SW-579","2018-09-06"
"5bc1cfc1a620d51a406a039b","毎朝見かけるニーハイ太ももVパンチラ女子○生が可愛くてチ○ポ硬くしてたら、「おにいさんのスケベ。」とほっぺを膨らませて怒り顔。でもすぐにウルウルした目で僕を見つめてくる、ツンフワ小悪魔だった。4 阿由葉あみ","https://pics.javcdn.pw/thumb/6r3d.jpg","https://www.javbus.pw/SW-581","SW-581","2018-09-06"
"5bc1cfc1a620d51a406a039f","しほ（19）マジックミラー号 高学歴女子大生がはじめての‘ポルチオマッサージ体験’で何度もイっちゃうドスケベボディ開発！","https://pics.javcdn.pw/thumb/6qlm.jpg","https://www.javbus.pw/MMGH-102","MMGH-102","2018-08-31"
"5bc1cfc0a620d51a406a0374","初撮り人妻ドキュメント 近藤悠美","https://pics.javcdn.pw/thumb/6r0i.jpg","https://www.javbus.pw/JRZD-831","JRZD-831","2018-08-30"
"5bc1cfc0a620d51a406a0376","スーパープロポーション美少女 双葉良香","https://pics.javcdn.pw/thumb/6qyt.jpg","https://www.javbus.pw/KTRA-055","KTRA-055","2018-08-28"
"5bc1cfc0a620d51a406a0378","巨乳スポーツジムインストラクター 真白ここ","https://pics.javcdn.pw/thumb/6qyv.jpg","https://www.javbus.pw/KTRA-056","KTRA-056","2018-08-28"
"5bc1cfc0a620d51a406a037a","爆乳H-CUPシロウト1泊2日弾丸出張撮影 6SEXヤリまくり in名古屋","https://pics.javcdn.pw/thumb/6pz4.jpg","https://www.javbus.pw/FONE-012","FONE-012","2018-08-27"
"5bc1cfc0a620d51a406a037c","お前を滅茶苦茶に犯したい～激イキ敏感すっぴん美少女～春原未来［リマスター復刻版］","https://pics.javcdn.pw/thumb/6pz5.jpg","https://www.javbus.pw/FSRE-021","FSRE-021","2018-08-27"
"5bc1cfc0a620d51a406a037e","いいなり露出温泉～小生意気なツンデレつるぺた娘～ 加賀美シュナ［リマスター復刻版］","https://pics.javcdn.pw/thumb/6pz6.jpg","https://www.javbus.pw/FSRE-020","FSRE-020","2018-08-27"
"5bc1cfc0a620d51a406a0380","小さい胸は希少なのです まな板女子実録まとめ。","https://pics.javcdn.pw/thumb/6q74.jpg","https://www.javbus.pw/GDJU-060","GDJU-060","2018-08-27"
"5bc1cfc0a620d51a406a0383","外は灼熱の真夏日なのに部屋のエアコンが故障！？暑さに我慢できずスカートの奥のパンツに扇風機を当ててる‘無防備’な制服姿の女の子を見てたら…そりゃあ男なら、我慢できません！","https://pics.javcdn.pw/thumb/6q75.jpg","https://www.javbus.pw/MEKI-001","MEKI-001","2018-08-27"
"5bc1cfc0a620d51a406a0386","華奢なちっぱい娘を種付けマーキング貧乳Aカップ","https://pics.javcdn.pw/thumb/6q76.jpg","https://www.javbus.pw/GDJU-059","GDJU-059","2018-08-27"
"5bc1cfc0a620d51a406a038a","【再販】出会い系アプリ神の法則個人撮影ナンパ5P廻姦撮り貴族（仮）あやタン","https://pics.javcdn.pw/thumb/6q77.jpg","https://www.javbus.pw/HONB-071","HONB-071","2018-08-27"
"5bc1cfc1a620d51a406a038d","仕事中エッチな気分になって我慢できずにセックスしちゃう真性スケベな働くお姉さんたち2","https://pics.javcdn.pw/thumb/6q78.jpg","https://www.javbus.pw/AIME-004","AIME-004","2018-08-27"
"5bc1cfc1a620d51a406a0390","【再販】出会い系アプリ神の法則個人撮影ナンパ6P廻姦撮り貴族（仮）あーたん","https://pics.javcdn.pw/thumb/6q7d.jpg","https://www.javbus.pw/HONB-070","HONB-070","2018-08-27"
"5bc1cfc1a620d51a406a0392","【個人撮影】制服生ハメ人気ギャル複数エッチ 3P☆ハメ撮り、隣のクラスに彼氏がいる☆『あんチャン』","https://pics.javcdn.pw/thumb/6q7g.jpg","https://www.javbus.pw/HONB-072","HONB-072","2018-08-27"
"5bc1cfc1a620d51a406a0395","素人おばさんナンパ「私みたいなおばさんとしたいの？」イケメン男に口説かれ不倫セックスしてしまう人妻たち17人！4時間！","https://pics.javcdn.pw/thumb/6qxj.jpg","https://www.javbus.pw/GAVHJ-019","GAVHJ-019","2018-08-27"
"5bc1cfc1a620d51a406a0398","地味めがねムッツリ巨乳女子まとめ4時間 ～芋臭い見た目にも関わらず、ムッチムチなやらしいオッパイを忍ばせ、ド淫乱なスケベちゃんたち～","https://pics.javcdn.pw/thumb/6pz1.jpg","https://www.javbus.pw/FSKT-042","FSKT-042","2018-08-27"
"5bc1cfc1a620d51a406a039a","北陸のとある田舎町にノーブラでうろついていると噂の乳首ぽっち美少女を探しに車を走らせました。","https://pics.javcdn.pw/thumb/6pz2.jpg","https://www.javbus.pw/FONE-013","FONE-013","2018-08-27"
"5bc1cfc1a620d51a406a039d","ど変態アナル狂レズビアン！！ ～熟レズ女社長×美尻レズタチ女秘書～ 天野小雪 美咲結衣","https://pics.javcdn.pw/thumb/6p6s.jpg","https://www.javbus.pw/AUKS-092","AUKS-092","2018-08-26"
"5bc1cfc1a620d51a406a03a0","人妻の浮気心 理々香","https://pics.javcdn.pw/thumb/6pgc.jpg","https://www.javbus.pw/SOAV-044","SOAV-044","2018-08-26"
"5bc1cfc1a620d51a406a03a1","いじわるご奉仕 癒しの巨尻ソープ嬢 蓮実クレア","https://pics.javcdn.pw/thumb/6pgk.jpg","https://www.javbus.pw/MMKS-001","MMKS-001","2018-08-26"
"5bc1cfc1a620d51a406a03a4","お嬢様残酷調教倶楽部 早乙女らぶ","https://pics.javcdn.pw/thumb/6pgp.jpg","https://www.javbus.pw/NBD-081","NBD-081","2018-08-26"
"5bc1cfc1a620d51a406a03a7","小悪魔挑発美少女 石川祐奈","https://pics.javcdn.pw/thumb/6pgu.jpg","https://www.javbus.pw/MMUS-024","MMUS-024","2018-08-26"
"5bc1cfc1a620d51a406a03aa","SEXの温度 美乳な美少女のぬくもりを感じるエッチ","https://pics.javcdn.pw/thumb/6pgx.jpg","https://www.javbus.pw/SQTE-222","SQTE-222","2018-08-26"
"5bc1cfc1a620d51a406a03ad","極上！！五十路奥さま初脱ぎAVドキュメント 尾田千佳子","https://pics.javcdn.pw/thumb/6phn.jpg","https://www.javbus.pw/JUTA-094","JUTA-094","2018-08-26"
"5bc1cfc1a620d51a406a03b2","DEBUT REBECCA20","https://pics.javcdn.pw/thumb/6phs.jpg","https://www.javbus.pw/HIKR-098","HIKR-098","2018-08-26"
"5bc1cfc1a620d51a406a03b5","ヘンリー塚本原作 五十路妻 絶頂エクスタシー","https://pics.javcdn.pw/thumb/6pi6.jpg","https://www.javbus.pw/HQIS-070","HQIS-070","2018-08-26"
"5bc1cfc1a620d51a406a03b9","飲み会帰りに終電を逃して困っている熟女を自宅に1泊させてあげました。5","https://pics.javcdn.pw/thumb/6pig.jpg","https://www.javbus.pw/JJAA-005","JJAA-005","2018-08-26"
"5bc1cfc1a620d51a406a03bb","極上！！三十路奥さま初脱ぎAVドキュメント 瀧本しおり","https://pics.javcdn.pw/thumb/6pim.jpg","https://www.javbus.pw/JUTA-093","JUTA-093","2018-08-26"
"5bc1cfc1a620d51a406a03be","汗だく女体を舐めるレズビアン","https://pics.javcdn.pw/thumb/6piu.jpg","https://www.javbus.pw/EVIS-228","EVIS-228","2018-08-26"
"5bc1cfc1a620d51a406a03c0","現役女子大生！！ナチュカワ19歳AVデビュー！！ 二宮ひかり","https://pics.javcdn.pw/thumb/6ph5.jpg","https://www.javbus.pw/MIDE-573","MIDE-573","2018-08-25"
"5bc1cfc1a620d51a406a03c3","ヤレる人妻回春マッサージ21 中出し交渉盗撮","https://pics.javcdn.pw/thumb/6pi2.jpg","https://www.javbus.pw/CLUB-494","CLUB-494","2018-08-25"
"5bc1cfc1a620d51a406a03a3","死んだ親父の遺品から出てきた妻との10年分の寝取られ種付けビデオ 篠田ゆう","https://pics.javcdn.pw/thumb/6my8.jpg","https://www.javbus.pw/MEYD-399","MEYD-399","2018-07-07"
"5bc1cfc1a620d51a406a03a6","やめられない止まらない！夫婦交換スワッピング！ヤリマン夫妻に乗せられて、夫が見てる前で他人チ〇ポを入れられ大興奮する若妻。公然不倫に病みつきになりました。","https://pics.javcdn.pw/thumb/6n2g.jpg","https://www.javbus.pw/SW-564","SW-564","2018-06-21"
