,title,source,vote
0,如果神话传说都是真的，世界会变成什么样子？,https://www.zhihu.com/question/36260262/answer/67686600,214792
1,想要充实自己，有哪10本书或者10部电影值得推荐？,https://www.zhihu.com/question/35005800/answer/61498512,193580
2,要怎样努力，才能成为很厉害的人？,https://www.zhihu.com/question/22921426/answer/23330366,172992
3,宾馆的工作人员是怎么看待开房的一对男女的？,https://www.zhihu.com/question/27540795/answer/307846975,157136
4,为什么国内大学不推行单人宿舍？,https://www.zhihu.com/question/20034722/answer/238650965,156618
5,有哪些很重要又被忽视的炒菜技巧？,https://www.zhihu.com/question/22467582/answer/21504075,155953
6,用什么睡姿抱女友睡觉最舒服？,https://www.zhihu.com/question/27995234/answer/655167944,148496
7,有哪些必备的知识技能？,https://www.zhihu.com/question/35112627/answer/61710698,137938
8,如何评价现在的大学生？,https://www.zhihu.com/question/26452022/answer/327438730,133173
9,努力学习的意义到底在哪里？,https://www.zhihu.com/question/27513493/answer/119732285,127884
10,25 岁做什么，可在 5 年后受益匪浅？,https://www.zhihu.com/question/52178718/answer/135219904,124540
11,有哪些好看的高智商悬疑电影？,https://www.zhihu.com/question/35811067/answer/65986583,117117
12,你成功地报复过谁？,https://www.zhihu.com/question/25442100/answer/235031752,113525
13,好友间的关系是如何变淡的？,https://www.zhihu.com/question/27346629/answer/36304753,110539
14,拥有稀有的姓是种怎样的体验？,https://www.zhihu.com/question/32094733/answer/54873212,107487
15,关于人性，你最想讲的一个故事是什么？,https://www.zhihu.com/question/39851186/answer/92640794,106529
16,你遇到过的最恶心的事是什么？,https://www.zhihu.com/question/31206273/answer/226677011,106127
17,你觉得自己牛在哪儿？为什么会这样觉得？,https://www.zhihu.com/question/19568396/answer/16245159,103878
18,人截肢了以后会有什么感觉？,https://www.zhihu.com/question/25518717/answer/90861183,98810
19,如何评价薛之谦 9 月 21 日对李雨桐的再次回应，并晒出转账记录？,https://www.zhihu.com/question/65640022/answer/233310989,98477
20,那些宿舍里最早起来的人后来怎么样了？,https://www.zhihu.com/question/266230601/answer/351033170,97940
21,你成功地报复过谁？,https://www.zhihu.com/question/25442100/answer/234422521,96533
22,宾馆的工作人员是怎么看待开房的一对男女的？,https://www.zhihu.com/question/27540795/answer/294240985,95877
23,谁是 2016 年的演技最差的男星？,https://www.zhihu.com/question/54384499/answer/139174791,95763
24,有哪些让你感觉惊艳的名字？,https://www.zhihu.com/question/268450915/answer/373615004,95232
25,有什么生活小玩意原来没用过，用过之后就停不了的？,https://www.zhihu.com/question/34565860/answer/372185072,95143
26,那些没听长辈劝告，与穷男朋友结婚的人现在都过得咋样了？,https://www.zhihu.com/question/273922659/answer/375167178,92896
27,你在不经意间看见过什么不该看见的东西或者事情？,https://www.zhihu.com/question/267460117/answer/328728274,92457
28,网络小说里有哪些令人拍案称奇的智障桥段？,https://www.zhihu.com/question/59595588/answer/219963941,92381
29,你有哪些有趣的「撩」或「被撩」的经历？,https://www.zhihu.com/question/56748730/answer/154122511,91416
30,手机里你最不舍得删掉的一张照片是什么？,https://www.zhihu.com/question/54104076/answer/144092579,90922
31,有哪些你难以理解的潮流？,https://www.zhihu.com/question/61676183/answer/195943977,90723
32,《不能说的秘密》是部好电影吗？,https://www.zhihu.com/question/21842476/answer/24177466,89221
33,人的心机可以深到什么程度？,https://www.zhihu.com/question/28237063/answer/273885888,89071
34,街边小吃究竟有多脏？,https://www.zhihu.com/question/275756508/answer/412111841,88098
35,有哪些「能笑死人」的笑话？,https://www.zhihu.com/question/267104067/answer/321621790,87674
36,你知道的最冷的冷知识是什么？,https://www.zhihu.com/question/51459956/answer/258679498,86255
37,你有哪些内行人才知道的省钱诀窍？,https://www.zhihu.com/question/41854964/answer/124670645,86119
38,最适合在办公室吃的零食是什么？,https://www.zhihu.com/question/19552586/answer/83906685,85226
39,低学历是否比高学历更加会赚钱？,https://www.zhihu.com/question/40068553/answer/88516445,84321
40,为什么毕业三四年后，同学间的差距会越拉越大？,https://www.zhihu.com/question/33971854/answer/257923752,82376
41,亲兄妹之间应不应该避嫌？,https://www.zhihu.com/question/267650760/answer/347403519,81742
42,男生怎么看待追自己的女生？,https://www.zhihu.com/question/26416213/answer/105005350,81155
43,就 2015 年初而言，国人的审美大体处于一个什么样的水平？,https://www.zhihu.com/question/28409136/answer/40799569,81044
44,什么叫演戏用力过猛？,https://www.zhihu.com/question/57953126/answer/324325792,80992
45,每天坚持英语学习，为什么还是学不好？,https://www.zhihu.com/question/27702564/answer/41500687,80196
46,哪些实用的小方法、小技巧、好习惯能让人每天进步？,https://www.zhihu.com/question/22292474/answer/54177203,79994
47,你的大学都有过哪些惊为天人的人物？,https://www.zhihu.com/question/62900700/answer/207142790,79451
48,你们身边有哪些人硬生生地活成了段子？,https://www.zhihu.com/question/52114382/answer/147424449,79328
49,编程到底难在哪里？,https://www.zhihu.com/question/22508677/answer/141334678,79150
50,相爱的男朋友去世是什么感受？,https://www.zhihu.com/question/28010305/answer/869843876,78705
51,有哪些小时候不明白，长大了才懂的事情？,https://www.zhihu.com/question/268207822/answer/336155328,78610
52,有哪些十分钟就能学会并终生受用的生活技能？,https://www.zhihu.com/question/20894671/answer/30171083,78447
53,有哪些「笑容逐渐消失」的例子？,https://www.zhihu.com/question/275279087/answer/389260902,78283
54,有哪些圈子里才知道的小秘密？,https://www.zhihu.com/question/49502870/answer/160100930,78122
55,现实可以有多美好？,https://www.zhihu.com/question/24269892/answer/61172217,78108
56,你见过最假、最差劲的图片处理是什么样的？,https://www.zhihu.com/question/36336562/answer/422754000,77732
57,以圈内人角度看，娱乐圈有多乱？,https://www.zhihu.com/question/51341283/answer/359977437,77226
58,没有锻炼基础的人，如何增肌与减脂？,https://www.zhihu.com/question/20687290/answer/15853608,77136
59,有什么相见恨晚的背单词方法？,https://www.zhihu.com/question/48040579/answer/154436187,76866
60,医生为什么不搭理未挂号的病人？,https://www.zhihu.com/question/21263953/answer/17757062,76108
61,有哪些写出来让人尴尬到脸酸的文章或段子？,https://www.zhihu.com/question/41372112/answer/103991529,74943
62,有哪些让你感觉惊艳的名字？,https://www.zhihu.com/question/268450915/answer/425239926,74904
63,有没有一部电影让你在深夜中痛哭？,https://www.zhihu.com/question/37206525/answer/72868899,74838
64,有哪些大家不说，但需要知道的社会规则？,https://www.zhihu.com/question/64351318/answer/235106305,74252
65,你认为人性最大的「恶」是什么？,https://www.zhihu.com/question/26792975/answer/88170767,73883
66,在哪一刻你觉得你和朋友再也做不成朋友了？,https://www.zhihu.com/question/61877612/answer/193756709,73729
67,有哪些价格不贵格调又高的家装家居？,https://www.zhihu.com/question/24399575/answer/84674422,73294
68,装逼成功是种怎样的体验？,https://www.zhihu.com/question/37018823/answer/72123302,73279
69,明星的承受力有多高？,https://www.zhihu.com/question/265681291/answer/368007429,73033
70,中国真的有很多穷人吗？,https://www.zhihu.com/question/30277318/answer/48152465,72772
71,为什么上班都是坐着，还会感觉疲惫不堪？,https://www.zhihu.com/question/27708607/answer/41522618,72638
72,为什么日本这样的小国家当年强大到可以侵华？,https://www.zhihu.com/question/30040201/answer/46534546,71846
73,你导师是如何嫌弃你的？,https://www.zhihu.com/question/37098794/answer/261210273,71361
74,你见过最丑的设计是什么？,https://www.zhihu.com/question/37284137/answer/81159319,70476
75,经常做什么会让一个人的气质变猥琐？,https://www.zhihu.com/question/277246072/answer/396379084,70408
76,一线歌手之间的唱功真的有差距吗？从哪些方面可以看出来？,https://www.zhihu.com/question/268530159/answer/381967521,70025
77,人的努力可以有多可怕？,https://www.zhihu.com/question/267094863/answer/320547818,70007
78,网络上有哪些免费的教育资源？,https://www.zhihu.com/question/19942068/answer/68750999,69896
79,如何评价电影《红海行动》？,https://www.zhihu.com/question/57848662/answer/322346128,69852
80,女孩子被富养是怎样的感受？,https://www.zhihu.com/question/31775843/answer/388479324,69757
81,你在大学时期，遇到过最可怕的瞬间是什么？,https://www.zhihu.com/question/264868038/answer/309040682,69594
82,喜欢宅的人，如何把家里装修成全世界最舒服的地方？,https://www.zhihu.com/question/35781319/answer/68089288,69539
83,你有哪些特别的生存法则？,https://www.zhihu.com/question/36084748/answer/66263268,69413
84,你知道的最冷的冷知识是什么？,https://www.zhihu.com/question/51459956/answer/154301982,69205
85,中国真的有很多穷人吗？,https://www.zhihu.com/question/30277318/answer/65949004,68984
86,现实中的警察像电影中那么勇猛吗？,https://www.zhihu.com/question/22649743/answer/71650923,68859
87,有哪些你认为越早明白越好的人生道理？,https://www.zhihu.com/question/54244634/answer/249814730,68515
88,你什么时候发觉父母比自己想象得有钱？,https://www.zhihu.com/question/275079837/answer/386587372,68506
89,你经历的最让你觉得人心可怕的事是什么？,https://www.zhihu.com/question/29653125/answer/72493535,68482
90,为什么快手惹人嫌？,https://www.zhihu.com/question/54817888/answer/282381540,68359
91,男生如何学习服装搭配？,https://www.zhihu.com/question/20872048/answer/40045720,68273
92,如何看待李小璐在 PG One 家里过夜？,https://www.zhihu.com/question/264877099/answer/286324558,68245
93,有哪些情节多次反转的故事？,https://www.zhihu.com/question/48169282/answer/153287118,67870
94,若歹徒当面强奸女友，我该如何应对？,https://www.zhihu.com/question/28589066/answer/119286221,67579
95,有没有一张图片让你瞬间明白了什么叫没气质？,https://www.zhihu.com/question/40059190/answer/85529752,67410
96,你见过哪些愚蠢的善良？,https://www.zhihu.com/question/42051930/answer/216578122,67389
97,你有哪些内行人才知道的省钱诀窍？,https://www.zhihu.com/question/41854964/answer/208167224,67324
98,人到底可以有多坏？,https://www.zhihu.com/question/28094932/answer/193885237,66711
99,如何看待 B 站视频揭秘卢本伟《绝地求生》开挂，被卢本伟寄律师函以“告上法庭”恐吓？,https://www.zhihu.com/question/263357735/answer/271223987,66497
100,你见过最不求上进的人是什么样子？,https://www.zhihu.com/question/55791476/answer/146770144,66408
101,你做过什么比一个人吃火锅更孤单的事？,https://www.zhihu.com/question/52132310/answer/408350714,66346
102,年轻时得了绝症或大病是如何面对的？,https://www.zhihu.com/question/22213153/answer/193941111,66219
103,狐臭是怎么产生的？,https://www.zhihu.com/question/20322809/answer/48728455,65498
104,与网络卖家发生纠纷后如何解决？,https://www.zhihu.com/question/28029257/answer/115900560,65268
105,微信朋友圈中有哪些行为或做法显得特别 low?,https://www.zhihu.com/question/25106944/answer/306520790,65006
106,如何看待王宝强亲自领金扫帚奖？,https://www.zhihu.com/question/269990788/answer/351585697,64915
107,为什么女人生完孩子后会判若两人？,https://www.zhihu.com/question/269918057/answer/351801006,64760
108,你做过最尴尬的事情是什么？,https://www.zhihu.com/question/58846658/answer/169015706,64297
109,当下中国有哪些反智主义的现象？,https://www.zhihu.com/question/33041708/answer/56597145,64279
110,你是如何转行的？转行容易吗？,https://www.zhihu.com/question/28544155/answer/101257372,64236
111,有哪些男生谈恋爱之后才知道的女生秘密？,https://www.zhihu.com/question/28248783/answer/348515844,64201
112,为什么要给马钉马掌？,https://www.zhihu.com/question/26992286/answer/41322427,63994
113,Excel 有哪些可能需要熟练掌握而很多人不会的技能？,https://www.zhihu.com/question/21758700/answer/21687597,63745
114,有哪些好看的负能量电影？,https://www.zhihu.com/question/30994199/answer/67623505,63605
115,有哪些令人清醒的句子？,https://www.zhihu.com/question/35414364/answer/67666800,63539
116,很瘦的人该制定怎样的健身计划？,https://www.zhihu.com/question/22716525/answer/22778058,63192
117,哪个瞬间让你突然觉得逛知乎真有用？,https://www.zhihu.com/question/62137377/answer/204168527,63148
118,有一个有趣的男朋友是种怎样的体验？,https://www.zhihu.com/question/31091240/answer/57528441,62902
119,二十多岁该做什么，将来才不后悔？,https://www.zhihu.com/question/20151457/answer/14141658,62505
120,有哪些让你庆幸及早脱粉的明星？,https://www.zhihu.com/question/272476843/answer/393057067,62307
121,有什么不靠 coser 颜值就很还原的 cosplay 作品吗？,https://www.zhihu.com/question/65942525/answer/237575713,62127
122,哪些瞬间让你发现是贫穷限制了你的想象力？,https://www.zhihu.com/question/67080789/answer/256085867,62102
123,什么样的青春片才是如今国内需要的？,https://www.zhihu.com/question/30589916/answer/73503003,62053
124,你心目中有哪些实力的演员也适合花木兰这个角色？,https://www.zhihu.com/question/263398393/answer/269329988,61777
125,我们是怎样一步步地走向平庸的？,https://www.zhihu.com/question/33220674/answer/57958313,61506
126,有哪些当时不懂后来才理解的电影台词或情节？,https://www.zhihu.com/question/266020731/answer/437060775,61504
127,如何从一个空有上进心的人，变成行动上的巨人？,https://www.zhihu.com/question/33453309/answer/59504539,61453
128,高中化学怎么能学好？,https://www.zhihu.com/question/264686799/answer/705258541,61418
129,月生活费 800 的女大学生如何在保证三餐不受影响的情况下提升自己的着装搭配和品味？,https://www.zhihu.com/question/26927514/answer/50373040,61291
130,一个演员的演技能烂到什么程度？,https://www.zhihu.com/question/49457949/answer/213095026,61251
131,现实中的警察像电影中那么勇猛吗？,https://www.zhihu.com/question/22649743/answer/152377051,60822
132,你导师是如何嫌弃你的？,https://www.zhihu.com/question/37098794/answer/250635252,60789
133,有哪些「一张照片，就是一个故事」的照片？,https://www.zhihu.com/question/30062423/answer/99415545,60166
134,生活中你听到过哪些忍俊不禁的对话？,https://www.zhihu.com/question/65389861/answer/269766471,60055
135,如何看待 36 岁清华毕业 IT 男马桶上猝死，死前对母亲说「太累」？,https://www.zhihu.com/question/29357990/answer/44260471,60036
136,比一个人吃火锅更孤独的事有什么？,https://www.zhihu.com/question/26441300/answer/33254124,59746
137,警界发生过哪些有趣的事？,https://www.zhihu.com/question/36267070/answer/68219318,59604
138,你读过的最让人心酸的句子有哪些？,https://www.zhihu.com/question/29910774/answer/118618769,59164
139,昆虫为什么不会因趋光性齐刷刷地奔向太阳？,https://www.zhihu.com/question/21260723/answer/29561931,59083
140,你在什么时候突然有了扎心的感觉？,https://www.zhihu.com/question/61228610/answer/379141367,58997
141,有哪些由于生活富足而被我们忽视了的现象？,https://www.zhihu.com/question/264958421/answer/309063127,58594
142,室友哪些行为让全宿舍人笑到爆炸？,https://www.zhihu.com/question/264236078/answer/298509201,58404
143,你在最饿时曾饥不择食吃过什么？,https://www.zhihu.com/question/51976252/answer/159702151,58339
144,你听过或经历过的最神奇的工伤是什么？,https://www.zhihu.com/question/273776303/answer/370885085,58259
145,怎么练好英语口语？,https://www.zhihu.com/question/20097263/answer/50515166,58129
146,有哪些由于生活富足而被我们忽视了的现象？,https://www.zhihu.com/question/264958421/answer/304435098,58124
147,你收养的流浪动物与最初进门时相比有了哪些变化？,https://www.zhihu.com/question/29077330/answer/104811817,58020
148,哪个瞬间你觉得你的手机比别人的强？,https://www.zhihu.com/question/68258205/answer/322406451,57889
149,为什么《摔跤吧！爸爸》争议这么大？,https://www.zhihu.com/question/59143980/answer/168192781,57746
150,如何克服自卑？,https://www.zhihu.com/question/20694013/answer/82343348,57579
151,为什么存在一些那么在乎几块钱的人？,https://www.zhihu.com/question/65213469/answer/229296011,57575
152,如何布置独居小房间能惬意地生活？,https://www.zhihu.com/question/21423568/answer/29751744,57157
153,历史上有哪些仿佛开过挂的人？,https://www.zhihu.com/question/35793109/answer/313915390,57137
154,有哪些很重要又被忽视的炒菜技巧？,https://www.zhihu.com/question/22467582/answer/53495841,57130
155,有哪些好看的负能量电影？,https://www.zhihu.com/question/30994199/answer/51731600,56979
156,你遇过哪些概率极小的事？,https://www.zhihu.com/question/26768751/answer/84849414,56949
157,怎么花最少的钱提升出租屋的格调？,https://www.zhihu.com/question/27391031/answer/93252048,56940
158,你所经历的哪些事情让你怀疑这个世界是假的/有 bug 的？,https://www.zhihu.com/question/61917117/answer/203122650,56876
159,哪一瞬间让你觉得情商高真的很重要？,https://www.zhihu.com/question/68428279/answer/312089661,56818
160,有没有一句话让你感觉智商瞬间被压制？,https://www.zhihu.com/question/268373306/answer/352552760,56717
161,以圈内人角度看，娱乐圈有多乱？,https://www.zhihu.com/question/51341283/answer/359704502,56689
162,你们高考那几天发生了什么有趣的事？,https://www.zhihu.com/question/47194806/answer/416865001,56571
163,如何增加一个人的自信？,https://www.zhihu.com/question/19553905/answer/86381752,56560
164,主动露出腿部假肢上街，是种怎样的体验？,https://www.zhihu.com/question/58895697/answer/168052814,56162
165,有哪些年轻人「千万不能碰」的东西？,https://www.zhihu.com/question/39004511/answer/245510220,56148
166,一个人心理成熟的具体表现都有哪些？,https://www.zhihu.com/question/37018317/answer/70366425,56136
167,你见过最丑的设计是什么？,https://www.zhihu.com/question/37284137/answer/80921941,56134
168,最流氓的软件可以流氓到什么程度？,https://www.zhihu.com/question/29129310/answer/316933140,55934
169,同样是姑娘，差距为什么这么大？,https://www.zhihu.com/question/30396333/answer/47997295,55491
170,人到底可以有多坏？,https://www.zhihu.com/question/28094932/answer/47171597,55425
171,世界上最没用的东西是什么？,https://www.zhihu.com/question/21905681/answer/93684468,55424
172,有哪些外行人看来很蠢的设计实际上却是精妙无比？,https://www.zhihu.com/question/32189846/answer/114349214,55416
173,关于孤独，怎样的描述最能引起你的共鸣？,https://www.zhihu.com/question/35070138/answer/117015535,55173
174,有哪些二十一世纪初（2000~2005 年）看似不靠谱的预测成真了？,https://www.zhihu.com/question/36925599/answer/88598775,55061
175,人可以多幽默？,https://www.zhihu.com/question/38894510/answer/78732093,55019
176,有哪些电影一定要趁年轻看？,https://www.zhihu.com/question/25699277/answer/53814519,54904
177,你有哪些有趣的「撩」或「被撩」的经历？,https://www.zhihu.com/question/56748730/answer/154501255,54777
178,如何才能拍出一张特别好看的自拍照？,https://www.zhihu.com/question/21100397/answer/29424643,54740
179,有没有一张图片让你瞬间明白了什么叫「气质」？,https://www.zhihu.com/question/39731953/answer/84120861,54723
180,你在人际交往方面吃过哪些亏？,https://www.zhihu.com/question/26833590/answer/34244408,54247
181,火车上发生过哪些令人吃惊的事？,https://www.zhihu.com/question/63927492/answer/239693873,54188
182,你读过的最让人心酸的句子有哪些？,https://www.zhihu.com/question/29910774/answer/153693843,54117
183,你遇到过的最恶心的事是什么？,https://www.zhihu.com/question/31206273/answer/215584099,54098
184,你经历的最让你觉得人心可怕的事是什么？,https://www.zhihu.com/question/29653125/answer/72237900,53960
185,学医后你觉得最恐怖的事情是什么？,https://www.zhihu.com/question/41470037/answer/142837535,53771
186,什么操作称得上「绝杀」，可以用视频分享吗？,https://www.zhihu.com/question/267925961/answer/419846231,53523
187,有哪些大部分中国人都有的好习惯？,https://www.zhihu.com/question/63849806/answer/218292840,53458
188,《水浒传》好在哪里？,https://www.zhihu.com/question/27897924/answer/66071782,53439
189,「以为会碾压，结果被秒杀」 的例子有哪些？,https://www.zhihu.com/question/66834114/answer/355372925,53368
190,你最喜欢的故事是什么？,https://www.zhihu.com/question/27726057/answer/42100336,53232
191,作为普通用户，淘宝购物时，有哪些你经常用但一般人不知道的方法？,https://www.zhihu.com/question/46969664/answer/126753116,52454
192,有人在不经意间或是在世界上绝大部分人都毫不知情的情况下拯救了世界吗？,https://www.zhihu.com/question/27549647/answer/37364544,52341
193,做明星是种怎样的体验？,https://www.zhihu.com/question/26530631/answer/285300059,52153
194,明星不拍戏的时候都在干什么？,https://www.zhihu.com/question/266770077/answer/365271207,52083
195,有哪些十分钟就能学会并终生受用的生活技能？,https://www.zhihu.com/question/20894671/answer/25747763,51947
196,你最喜欢的故事是什么？,https://www.zhihu.com/question/27726057/answer/97111344,51904
197,有哪些人性的黑暗面，尤其是男女关系的黑暗面？,https://www.zhihu.com/question/37055410/answer/359767466,51361
198,男生 25 岁了，应该明白哪些道理？,https://www.zhihu.com/question/37400041/answer/369257276,51262
199,你知道什么很甜的故事？,https://www.zhihu.com/question/40237308/answer/123278273,51247
200,（被）光速打脸是种怎样的体验？,https://www.zhihu.com/question/34817598/answer/378297765,51181
201,没文化可以有多可怕？,https://www.zhihu.com/question/26192324/answer/113066260,51075
202,作为医学生，你经历或老师讲述过哪些令人印象深刻的病例？,https://www.zhihu.com/question/35713706/answer/75836103,50797
203,你买得最失败的东西是什么？,https://www.zhihu.com/question/38894816/answer/78758225,50747
204,女生如何看待男生送便宜的礼物给自己?,https://www.zhihu.com/question/27984399/answer/308917294,50669
205,想要充实自己，有哪10本书或者10部电影值得推荐？,https://www.zhihu.com/question/35005800/answer/89244971,50655
206,有哪些人际关系方面的小技巧可以保护自己？,https://www.zhihu.com/question/36343659/answer/68614587,50385
207,在飞机上你都做过或遇到过什么「神操作」？,https://www.zhihu.com/question/263748930/answer/409608256,50334
208,摧毁一个家长有多简单？,https://www.zhihu.com/question/268152403/answer/339176634,50309
209,部分女生为什么会答应男摄拍私房？,https://www.zhihu.com/question/266536582/answer/326103481,50243
210,没文化可以有多可怕？,https://www.zhihu.com/question/26192324/answer/126451364,50054
211,你经历过最幸运的事是什么？,https://www.zhihu.com/question/53527879/answer/271537845,50011
212,好友间的关系是如何变淡的？,https://www.zhihu.com/question/27346629/answer/43267374,49763
213,你喝醉时做过什么事？,https://www.zhihu.com/question/270123090/answer/369886171,49721
214,你给哪些牛人发过邮件？有哪些结果？,https://www.zhihu.com/question/34630803/answer/62061957,49709
215,有哪些令人浑身发抖的故事？,https://www.zhihu.com/question/55860326/answer/149020484,49604
216,女生一个人去印度自由行一个月左右可行吗？,https://www.zhihu.com/question/26391310/answer/344701422,49515
217,怎样才能从英语很糟糕的人变成英语很厉害的人？,https://www.zhihu.com/question/22808635/answer/81659957,49456
218,有哪些长得比较逆天的动物？,https://www.zhihu.com/question/26004941/answer/41558215,49355
219,有哪些读上去文艺而有韵味的句子？,https://www.zhihu.com/question/30026173/answer/46486548,49291
220,为什么部分人友善且独来独往？,https://www.zhihu.com/question/26398755/answer/32818732,49288
221,有哪些外行人看来很蠢的设计实际上却是精妙无比？,https://www.zhihu.com/question/32189846/answer/66303255,49085
222,为什么李嘉诚的儿子被张子强绑架时，李嘉诚没有报案？,https://www.zhihu.com/question/20418006/answer/46172423,48886
223,作为男生，最不理解其他男生什么行为？,https://www.zhihu.com/question/68785074/answer/269201230,48808
224,女孩子被富养是怎样的感受？,https://www.zhihu.com/question/31775843/answer/371750678,48802
225,你做了什么事情让大家笑疯？,https://www.zhihu.com/question/39081910/answer/83344593,48664
226,一个演员的演技能烂到什么程度？,https://www.zhihu.com/question/49457949/answer/211728362,48622
227,用纸能玩出什么好玩的花样？,https://www.zhihu.com/question/37672218/answer/73624900,48611
228,你遇到过哪些令人讨厌的女孩？,https://www.zhihu.com/question/264888727/answer/347352132,48514
229,有哪些让人印象深刻的采访？,https://www.zhihu.com/question/270445431/answer/355855579,48304
230,装逼成功是种怎样的体验？,https://www.zhihu.com/question/37018823/answer/73665909,48139
231,你听信过最久的谣言或谎言是什么？,https://www.zhihu.com/question/61013932/answer/183333863,47910
232,哪些歌手的真实性格和TA官方人设非常不符？,https://www.zhihu.com/question/49129840/answer/114725143,47846
233,为什么有许多人会说某些男明星样子很娘炮?,https://www.zhihu.com/question/61972854/answer/327742266,47822
234,男生宿舍发生过哪些「惊为天人」之事？,https://www.zhihu.com/question/39517405/answer/127170239,47790
235,努力学习的意义到底在哪里？,https://www.zhihu.com/question/27513493/answer/87345618,47762
236,哪一个瞬间让你不想再当老师？,https://www.zhihu.com/question/54558482/answer/401915726,47612
237,有哪些书看完后会让人很后悔没有早看到？,https://www.zhihu.com/question/22794831/answer/390033708,47473
238,有哪些“不要相信歌词，他们为了押韵什么都做得出来”的例子？,https://www.zhihu.com/question/23061038/answer/402960268,47293
239,有哪些令你感觉惊艳的人名？,https://www.zhihu.com/question/47387826/answer/142757863,47181
240,明星的承受力有多高？,https://www.zhihu.com/question/265681291/answer/303606004,47104
241,有哪些堪称有毒的视频？,https://www.zhihu.com/question/267782048/answer/329712578,46978
242,如何看待杨振宁获得中华人民共和国国籍后遭争议？,https://www.zhihu.com/question/64399341/answer/222102586,46923
243,有哪些「百元货」可以有效提高生活质量？,https://www.zhihu.com/question/22618603/answer/29163060,46896
244,你有哪些力挽狂澜的神操作？,https://www.zhihu.com/question/62302505/answer/198596207,46869
245,爱贪小便宜的人都有哪些行为？,https://www.zhihu.com/question/268531959/answer/412928241,46826
246,男性怎样不算「幼稚」？,https://www.zhihu.com/question/45730566/answer/409629983,46808
247,那些在北上广深国外打拼的年轻人们，你们的父母怎么办？,https://www.zhihu.com/question/25148298/answer/30251778,46697
248,野球场上，你见过最装逼的是什么？,https://www.zhihu.com/question/34979179/answer/87656581,46696
249,你见过的男生，可以有多坏？,https://www.zhihu.com/question/66029551/answer/321821338,46512
250,有哪些「看似很 LOW，实则惊艳」的产品？,https://www.zhihu.com/question/56609320/answer/150040668,46446
251,你做过最尴尬的事情是什么？,https://www.zhihu.com/question/58846658/answer/184331346,46358
252,你闻过最难闻的物质是什么?,https://www.zhihu.com/question/266066566/answer/313340103,46271
253,贫穷有多可怕？,https://www.zhihu.com/question/21982235/answer/317312061,46264
254,现代医学已经发展到了什么恐怖的水平？,https://www.zhihu.com/question/24075060/answer/252739781,46206
255,有哪些一眼就会让你爱上的句子？,https://www.zhihu.com/question/62250094/answer/199714019,46132
256,如何看待渔民帮捞尸体要 1.8 万？,https://www.zhihu.com/question/38300001/answer/76336850,46058
257,学霸可以有多「霸」?,https://www.zhihu.com/question/62094274/answer/195282100,46003
258,你所经历的哪些事情让你怀疑这个世界是假的/有 bug 的？,https://www.zhihu.com/question/61917117/answer/199187869,45965
259,高度自律是种怎样的体验？,https://www.zhihu.com/question/31170586/answer/147703323,45940
260,你做过最无知且愚蠢的事是什么？,https://www.zhihu.com/question/37877739/answer/74850224,45776
261,有哪些你看过一眼就难以忘怀的句子？,https://www.zhihu.com/question/38501171/answer/90733378,45670
262,哪些看上去很有「道德感」的行为，却让你觉得很可恶？,https://www.zhihu.com/question/271011718/answer/360441122,45667
263,有哪些典型的「学生思维」？,https://www.zhihu.com/question/41365485/answer/90729115,45632
264,有没有一张图片让你瞬间明白了什么叫「气质」？,https://www.zhihu.com/question/39731953/answer/84173965,45597
265,你在街上遇到过知名度较高的名人吗？,https://www.zhihu.com/question/26524725/answer/138972595,45455
266,「字如其人」是真的吗？这能看出什么？,https://www.zhihu.com/question/30734817/answer/49233708,45448
267,你的家传祖业有什么精彩的内行故事？,https://www.zhihu.com/question/22480996/answer/21504929,45421
268,男人会和没有生育能力的女性结婚吗？,https://www.zhihu.com/question/27202369/answer/74330560,45385
269,为什么韩国国家形象差？,https://www.zhihu.com/question/57574786/answer/153443616,45351
270,你在大学时期，遇到过最可怕的瞬间是什么？,https://www.zhihu.com/question/264868038/answer/311090438,45315
271,你在刚出国时闹过哪些笑话？,https://www.zhihu.com/question/35202781/answer/62733888,45312
272,大学生活让你懂得什么道理？,https://www.zhihu.com/question/41771606/answer/369289872,45283
273,狗是否知道自己是狗？,https://www.zhihu.com/question/20502720/answer/311961080,45271
274,如何辨认身边的聪明人？,https://www.zhihu.com/question/28484672/answer/41115593,45266
275,哪一瞬间让你觉得情商高真的很重要？,https://www.zhihu.com/question/68428279/answer/266044452,45177
276,怎样成为一个沉稳的人？,https://www.zhihu.com/question/21821931/answer/602904227,45002
277,一个人的教养如何体现？,https://www.zhihu.com/question/26933347/answer/46811635,44961
278,年薪 12 万的你，现在过的是怎样的生活？,https://www.zhihu.com/question/52639178/answer/131715710,44917
279,如何用通俗的语言来解释「费米悖论」？,https://www.zhihu.com/question/21064565/answer/35551492,44851
280,有哪些容易被弄错国籍的名人？,https://www.zhihu.com/question/271189004/answer/363208763,44792
281,牢狱生活是种怎样的体验？,https://www.zhihu.com/question/36215808/answer/70140804,44598
282,有哪些生活小习惯，慢慢地可以改变一个人的性格或者生活？,https://www.zhihu.com/question/26811466/answer/34723592,44458
283,有哪些「能笑死人」的笑话？,https://www.zhihu.com/question/267104067/answer/321061230,44452
284,你见过哪些巧妙的弦外之音？,https://www.zhihu.com/question/62206728/answer/249612519,44393
285,做明星是种怎样的体验？,https://www.zhihu.com/question/26530631/answer/107905091,44380
286,如何调戏诈骗电话？,https://www.zhihu.com/question/20589586/answer/312586291,44347
287,你见过哪些化解尴尬的例子？,https://www.zhihu.com/question/60205210/answer/175406857,44332
288,大学见到心动的男生该怎么追？,https://www.zhihu.com/question/267159313/answer/398070277,44301
289,你有哪些当初没听出来的弦外之音？,https://www.zhihu.com/question/62862636/answer/205416745,44191
290,有哪些东西你知道很贵，却不知道居然那么贵？,https://www.zhihu.com/question/66515446/answer/247755678,43962
291,为什么很多女神都和看起来很屌丝的人在一起了？,https://www.zhihu.com/question/22024445/answer/401123017,43945
292,有哪些让你觉得高端的东西就是好的瞬间？,https://www.zhihu.com/question/64676168/answer/239324761,43920
293,《疯狂动物城》（Zootopia）中有哪些有趣的细节？,https://www.zhihu.com/question/41035200/answer/89713352,43864
294,年轻人如何在独居时有效地保持自律？,https://www.zhihu.com/question/48749292/answer/130737189,43844
295,（被）光速打脸是种怎样的体验？,https://www.zhihu.com/question/34817598/answer/346876392,43796
296,你有哪些「当时我就懵逼了」的经历？,https://www.zhihu.com/question/39829502/answer/85578259,43762
297,鼠疫究竟有多可怕？,https://www.zhihu.com/question/24522633/answer/28125647,43729
298,你们身边有哪些人硬生生地活成了段子？,https://www.zhihu.com/question/52114382/answer/134509485,43696
299,有哪些好看到让人无法自拔、久久不忘的电影？,https://www.zhihu.com/question/38485891/answer/76741547,43667
300,有哪些事是你知道却装不知道，看到却装没看到的？,https://www.zhihu.com/question/63719852/answer/215276472,43352
301,如何看待2015年1月4日哈尔滨市领导疑穿万元羽绒服指挥火灾引质疑？,https://www.zhihu.com/question/27441042/answer/36858504,43242
302,中国教育最大的成功在哪里？,https://www.zhihu.com/question/266767649/answer/365193925,43223
303,哪些法律上的小常识可以保护自己？,https://www.zhihu.com/question/27486818/answer/37267873,43176
304,有哪些大家不说，但需要知道的社会规则？,https://www.zhihu.com/question/64351318/answer/234111722,43129
305,女生如何看待男生送便宜的礼物给自己?,https://www.zhihu.com/question/27984399/answer/272237374,43099
306,马蓉和宋喆最有可能是什么下场？,https://www.zhihu.com/question/49630896/answer/117199601,43088
307,和明星做同学/朋友是种怎样的体验？,https://www.zhihu.com/question/27529743/answer/111431285,43081
308,知乎上关于男士的精彩问答有哪些？,https://www.zhihu.com/question/23009666/answer/23368714,43069
309,人的心机可以深到什么程度？,https://www.zhihu.com/question/28237063/answer/359940980,43027
310,有哪些知道后让你震惊的冷知识？,https://www.zhihu.com/question/38411883/answer/331257805,42998
311,在哪一刻你觉得你和朋友再也做不成朋友了？,https://www.zhihu.com/question/61877612/answer/199441355,42930
312,有没有一张图片让你瞬间明白了什么叫没气质？,https://www.zhihu.com/question/40059190/answer/84535375,42842
313,有没有一句话让你感觉智商瞬间被压制？,https://www.zhihu.com/question/268373306/answer/340739367,42834
314,为什么外国超级英雄趴着飞，而中国神仙竖着飞？,https://www.zhihu.com/question/26992616/answer/49462528,42754
315,有哪些二十一世纪初（2000~2005 年）看似不靠谱的预测成真了？,https://www.zhihu.com/question/36925599/answer/70766173,42719
316,为什么现在有一些初高中的孩子越来越不爱惜自己的身体？,https://www.zhihu.com/question/64670105/answer/378591769,42634
317,你有哪些压箱底的笑话？,https://www.zhihu.com/question/267249806/answer/1086588600,42324
318,生活中有哪些坏习惯一旦改正就能带来立竿见影的好处？,https://www.zhihu.com/question/56000916/answer/150034675,42281
319,如何评价有些大学老师上课异常严格？,https://www.zhihu.com/question/28804633/answer/42261112,42185
320,100 元以下的价位有什么好喝的酒？,https://www.zhihu.com/question/23325996/answer/24316161,41963
321,为什么女生有体香？,https://www.zhihu.com/question/20320900/answer/267258687,41943
322,丢人丢到家是种怎样的体验？,https://www.zhihu.com/question/62286029/answer/207052150,41925
323,为什么有的人要活得那么拼命？,https://www.zhihu.com/question/27351162/answer/292528906,41888
324,有哪些人性的黑暗面，尤其是男女关系的黑暗面？,https://www.zhihu.com/question/37055410/answer/355188616,41849
325,为什么说永远都不要考验人性？,https://www.zhihu.com/question/35930303/answer/353893086,41815
326,设计师这样的工作，可以做一辈子吗？,https://www.zhihu.com/question/25583089/answer/31575304,41674
327,中国现在有哪些值得骄傲的方面？,https://www.zhihu.com/question/36085845/answer/80747751,41583
328,努力就可以上清华北大吗？如果可以，怎样做？,https://www.zhihu.com/question/26662321/answer/34738802,41458
329,《阿甘正传》中的珍妮频频离开阿甘是什么原因？,https://www.zhihu.com/question/19736701/answer/112807409,41446
330,如何评价陈赫离婚？,https://www.zhihu.com/question/27732400/answer/37862682,41431
331,人这一生为什么要努力？,https://www.zhihu.com/question/22913650/answer/149018631,41389
332,你听过三观极歪的一句话是什么？,https://www.zhihu.com/question/60459612/answer/177565458,41336
333,谁是 2016 年的演技最差的男星？,https://www.zhihu.com/question/54384499/answer/140018450,41278
334,如何变成有趣的人？,https://www.zhihu.com/question/20770272/answer/37771285,41253
335,有哪些看似很傻，实则很帅的行为？,https://www.zhihu.com/question/60815221/answer/182373341,41249
336,为什么碰瓷的人不去碰豪车？,https://www.zhihu.com/question/35101986/answer/422139808,41058
337,医生和护士可以把外卖叫到医院来吃吗？,https://www.zhihu.com/question/265872057/answer/373403843,41035
338,你最不希望成为社会上的哪种人？,https://www.zhihu.com/question/52747598/answer/132934313,40976
339,用 EMS 被拆包偷东西的几率真的那么高吗？,https://www.zhihu.com/question/27985854/answer/72388201,40971
340,我们这一代人是否会面临医疗体系的崩溃？,https://www.zhihu.com/question/50247799/answer/202086513,40946
341,有哪些「笑容逐渐消失」的例子？,https://www.zhihu.com/question/275279087/answer/389773557,40916
342,真心喜欢一个人是种怎样的体验？,https://www.zhihu.com/question/31176110/answer/165719081,40883
343,如何看待张继科和景甜公开恋情？,https://www.zhihu.com/question/270171443/answer/352582464,40801
344,有哪些令你感觉惊艳的人名？,https://www.zhihu.com/question/47387826/answer/111775686,40799
345,有哪些让你觉得高端的东西就是好的瞬间？,https://www.zhihu.com/question/64676168/answer/233278641,40657
346,有哪些「性别限制了我的想象力」的例子？,https://www.zhihu.com/question/264956816/answer/341300353,40636
347,有哪些让你感触很深的陌生人的事？,https://www.zhihu.com/question/19866127/answer/80697019,40631
348,一线歌手之间的唱功真的有差距吗？从哪些方面可以看出来？,https://www.zhihu.com/question/268530159/answer/341576895,40618
349,暴走大事件怎么盈利？,https://www.zhihu.com/question/31130133/answer/63700279,40615
350,90后的你们现在是什么状态？,https://www.zhihu.com/question/270836742/answer/364411501,40569
351,你在酒店做过最丧心病狂的事是什么？,https://www.zhihu.com/question/265965273/answer/302054865,40569
352,有哪些烂到极致的神作？,https://www.zhihu.com/question/28207185/answer/108877214,40560
353,什么才是真正的善良？,https://www.zhihu.com/question/34342275/answer/134804170,40508
354,亲兄妹之间应不应该避嫌？,https://www.zhihu.com/question/267650760/answer/338402695,40449
355,你写过或听过哪些关于人性的故事？,https://www.zhihu.com/question/46842994/answer/143187612,40431
356,你见过最人性化的设计是什么？,https://www.zhihu.com/question/31524027/answer/66112942,40413
357,中国乘客在英国 Virgin Atlantic 上受到种族歧视，应该如何维权？,https://www.zhihu.com/question/41033519/answer/91206224,40355
358,警察/法医是如何做到不怕那些惨不忍睹的尸体的？,https://www.zhihu.com/question/20827831/answer/133024481,40336
359,人这一生为什么要努力？,https://www.zhihu.com/question/22913650/answer/23100285,40286
360,你曾在一天内做过最牛的事是什么？,https://www.zhihu.com/question/30265988/answer/71320301,40182
361,你们高考那几天发生了什么有趣的事？,https://www.zhihu.com/question/47194806/answer/412340417,40075
362,有哪些事让你后来才发觉「好像有哪里不对」？,https://www.zhihu.com/question/38766625/answer/78356845,39970
363,如何不虚度大学的时光？,https://www.zhihu.com/question/36766890/answer/70259081,39954
364,如何看待哔哩哔哩曾承诺永远不加广告，而现在却在加了贴片广告？,https://www.zhihu.com/question/46667028/answer/102445298,39895
365,你有什么相见恨晚的知识想推荐给年轻人？,https://www.zhihu.com/question/22238159/answer/20759708,39870
366,如何看待女员工入职才 3 天就宣布怀孕，产假结束提出辞职？,https://www.zhihu.com/question/65125008/answer/228781122,39749
367,男人会和没有生育能力的女性结婚吗？,https://www.zhihu.com/question/27202369/answer/345151988,39670
368,哪张照片让你不由地感叹「年轻，真好」 ？,https://www.zhihu.com/question/35913647/answer/217331679,39667
369,一沾酒就脸红的人能锻炼出酒量吗？,https://www.zhihu.com/question/20608227/answer/29856008,39619
370,有哪些让人印象深刻的采访？,https://www.zhihu.com/question/270445431/answer/361950004,39574
371,上课时同桌突然失去生命迹象你会怎么办？,https://www.zhihu.com/question/22918963/answer/918590341,39469
372,学霸可以有多「霸」?,https://www.zhihu.com/question/62094274/answer/195458192,39454
373,你因为贪吃付出过怎样惨痛的代价？,https://www.zhihu.com/question/59141807/answer/163722531,39446
374,自学日语，从零基础到 JLPT N2 水平需要多久？,https://www.zhihu.com/question/19793912/answer/13752632,39377
375,网络小说里有哪些令人拍案称奇的智障桥段？,https://www.zhihu.com/question/59595588/answer/168076785,39331
376,人在迷茫时该干什么？,https://www.zhihu.com/question/22321313/answer/133360596,39328
377,如何看待阿里巴巴安全部门的月饼事件？,https://www.zhihu.com/question/50600301/answer/121746518,39253
378,最近几年，你观察到哪些消费升级现象？,https://www.zhihu.com/question/59497935/answer/273900523,39233
379,如何看待大学寝室里挂床帘的做法？,https://www.zhihu.com/question/27786625/answer/369711965,39217
380,鲁迅为什么在大陆评价这么高？,https://www.zhihu.com/question/27121023/answer/36126871,39165
381,读书到底为了什么，读研到底值不值？,https://www.zhihu.com/question/28591246/answer/51373690,39143
382,你认为高考填报志愿时，哪些专业必须谨慎选择？,https://www.zhihu.com/question/47539927/answer/354946798,39138
383,整个人都懵逼了是种怎样的体验？,https://www.zhihu.com/question/34986506/answer/106114012,39128
384,如果病人欠费逃跑，医生该怎么办？,https://www.zhihu.com/question/24024659/answer/49856271,39062
385,女神是用多少钱「堆」出来的？,https://www.zhihu.com/question/28431797/answer/43123827,38882
386,如何评价angelababy杨颖？,https://www.zhihu.com/question/24967708/answer/281776445,38805
387,好写不贵的中性笔有哪些？,https://www.zhihu.com/question/25454820/answer/30926381,38763
388,人可以没有自知之明到什么程度？,https://www.zhihu.com/question/45452729/answer/227054279,38740
389,如何看待《一人我饮酒醉》这样的歌曲，是怎样的一种产物？,https://www.zhihu.com/question/38130123/answer/131454481,38717
390,你认识的参与赌博的人，他们后来怎么样了？,https://www.zhihu.com/question/51610647/answer/632261890,38671
391,女性遭遇强奸时如何有效地保留证据？,https://www.zhihu.com/question/29194797/answer/43643852,38656
392,那些年入百万的人都是如何发展起来的？,https://www.zhihu.com/question/22706323/answer/22757616,38592
393,什么职业听起来羡煞旁人，但实际却异常辛苦？,https://www.zhihu.com/question/264279389/answer/283573010,38581
394,有哪些稳中带皮的操作？,https://www.zhihu.com/question/268174064/answer/351121348,38459
395,为什么很多人辛劳一生，仍然生活在社会底层？,https://www.zhihu.com/question/39997502/answer/117268466,38453
396,你见过哪些宛如智障的广告？,https://www.zhihu.com/question/63016277/answer/204898183,38440
397,年轻时得了绝症或大病是如何面对的？,https://www.zhihu.com/question/22213153/answer/118135903,38330
398,网易云音乐有哪些值得收藏的歌单？,https://www.zhihu.com/question/30770284/answer/123653776,38294
399,女生化妆如何入门？,https://www.zhihu.com/question/20829553/answer/19235778,38268
400,哪个瞬间你感受到了世界的温柔？,https://www.zhihu.com/question/64821236/answer/242748420,38266
401,女性作者有哪些对男性的描写，让你想要大呼「你是对男人有什么误解啊」？,https://www.zhihu.com/question/274837965/answer/378901141,38256
402,优秀的人因为什么原因而优秀？,https://www.zhihu.com/question/21996010/answer/52554459,38245
403,心理上摧毁一个普通人有多简单？,https://www.zhihu.com/question/50869363/answer/232439640,38213
404,人类有哪些细思恐极的事？,https://www.zhihu.com/question/37374497/answer/82795819,38193
405,有哪些出国后才发现的以前对英语世界的错误理解？,https://www.zhihu.com/question/20597941/answer/199457835,38165
406,你最意想不到的一笔收入是怎么来的？,https://www.zhihu.com/question/41956302/answer/102533943,38137
407,有哪些结局难猜的故事？,https://www.zhihu.com/question/28722946/answer/83979413,38112
408,一个人可以 DIY 出什么有意思的东西？,https://www.zhihu.com/question/36255080/answer/70134068,38097
409,你知道什么很甜的故事？,https://www.zhihu.com/question/40237308/answer/126826774,38067
410,男生长得难看怎么办？,https://www.zhihu.com/question/25485795/answer/30986433,37998
411,如何模仿翻译腔？,https://www.zhihu.com/question/24140466/answer/85033222,37960
412,如何评价「女孩子等地铁时蹲在下客区是没教养」的言论？,https://www.zhihu.com/question/40799298/answer/88369076,37946
413,有哪些「性别限制了我的想象力」的例子？,https://www.zhihu.com/question/264956816/answer/321831451,37944
414,拥有稀有的姓是种怎样的体验？,https://www.zhihu.com/question/32094733/answer/55247159,37904
415,职业画家的造型技法究竟有多精湛？,https://www.zhihu.com/question/273919371/answer/376039386,37902
416,有一个不漂亮的女朋友是种怎样的体验？,https://www.zhihu.com/question/27433657/answer/348102747,37872
417,关晓彤出身那么好，为什么看上去不时尚，有点土？,https://www.zhihu.com/question/49929536/answer/305781299,37791
418,你知道哪些反常识的知识？,https://www.zhihu.com/question/267108394/answer/319552971,37658
419,什么样子的婚姻让人感到必须要离婚？,https://www.zhihu.com/question/263305072/answer/274851043,37611
420,有哪些价格不贵格调又高的家装家居？,https://www.zhihu.com/question/24399575/answer/67850935,37604
421,你见过哪些「戳中小心心」的礼物？,https://www.zhihu.com/question/63254750/answer/208335273,37585
422,为什么很多欧洲人和美国人不午睡下午还能满血状态工作？,https://www.zhihu.com/question/25569759/answer/146182692,37585
423,龙有九个儿子，是跟谁生的？为什么「龙生九子，各不成龙」？,https://www.zhihu.com/question/23759686/answer/41997389,37510
424,你有哪些当初没听出来的弦外之音？,https://www.zhihu.com/question/62862636/answer/205516381,37493
425,有哪些「看似很 LOW，实则惊艳」的产品？,https://www.zhihu.com/question/56609320/answer/155142338,37477
426,有哪些体现低情商的言行？,https://www.zhihu.com/question/29312659/answer/44153107,37447
427,有没有可能给月球表面都打上蜡，变成一个光溜溜的圆球？如果将其表面都打上蜡，大概需要多少蜡？,https://www.zhihu.com/question/40035336/answer/84673664,37417
428,高中生进入大学，有哪些常见误解或必须知道的东西？,https://www.zhihu.com/question/267330211/answer/323346847,37401
429,你生命中最艰难、痛苦的一段时间是如何度过的？,https://www.zhihu.com/question/24917544/answer/74967062,37400
430,《模仿游戏》中艾伦·图灵是如何破译英格玛的？,https://www.zhihu.com/question/28397034/answer/41739506,37350
431,你觉得你最冷静的一刻，是什么时候？,https://www.zhihu.com/question/51307611/answer/125699317,37347
432,你看过最尴尬的电影是哪一部？,https://www.zhihu.com/question/52821116/answer/298420243,37293
433,关于人性，你最想讲的一个故事是什么？,https://www.zhihu.com/question/39851186/answer/89956572,37262
434,身边堪称女神的女生，生活习惯是怎样的？,https://www.zhihu.com/question/68567283/answer/275072367,37261
435,有哪些看似很傻，实则聪明的行为？,https://www.zhihu.com/question/60809486/answer/254360593,37254
436,真的会有人有某种天赋却被埋没一生吗？,https://www.zhihu.com/question/35318941/answer/80997474,37248
437,中国的家长有哪些让人难以理解的神逻辑？,https://www.zhihu.com/question/30602857/answer/108081694,37222
438,怎么花最少的钱提升出租屋的格调？,https://www.zhihu.com/question/27391031/answer/108373727,37210
439,学霸是不是因为小时候有成绩好带来的优越感，所以一直保持这种努力学习的干劲？,https://www.zhihu.com/question/26925157/answer/36699896,37178
440,食堂大妈不愿给同学们打肉，食堂的肉去哪了？,https://www.zhihu.com/question/28946100/answer/306188096,37158
441,你认识的有钱人是怎样生活的？,https://www.zhihu.com/question/27063463/answer/238913060,37138
442,拿到年终奖后马上辞职，厚道吗？,https://www.zhihu.com/question/22603062/answer/295717768,37098
443,你见过的女生，可以有多坏？,https://www.zhihu.com/question/28271086/answer/236027359,37092
444,丢人丢到家是种怎样的体验？,https://www.zhihu.com/question/62286029/answer/323779628,37026
445,上个世纪日本泡沫时代是怎样的一副光景，繁荣到什么程度？能给我们什么启示？,https://www.zhihu.com/question/46582590/answer/101918305,37023
446,中国有哪些恐怖民俗？,https://www.zhihu.com/question/26222059/answer/47902339,37020
447,你见过哪些令你瞠目结舌的神逻辑？,https://www.zhihu.com/question/37904962/answer/75151488,37019
448,每天坚持跑步，或者慢跑真正带给你了什么？,https://www.zhihu.com/question/41380989/answer/91249017,36956
449,男生如何找准自己的穿衣风格，提升衣着品味？,https://www.zhihu.com/question/20250029/answer/16625969,36897
450,男生讨厌或不欣赏女生哪些行为？,https://www.zhihu.com/question/52182983/answer/253928925,36887
451,你什么时候觉得如果自己不努力，背后会是万丈深渊？,https://www.zhihu.com/question/39057568/answer/80005753,36746
452,有哪些作品（或事物）看似三观极正，实则三观极歪？,https://www.zhihu.com/question/31980071/answer/54366126,36684
453,中国 00 后与前辈比是否有足够的进步？,https://www.zhihu.com/question/268538053/answer/349913937,36662
454,为什么部分人友善且独来独往？,https://www.zhihu.com/question/26398755/answer/32684811,36653
455,在你亲历的短短时间内，世界有哪些惊人的改变？,https://www.zhihu.com/question/52231322/answer/131151194,36652
456,现实可以有多美好？,https://www.zhihu.com/question/24269892/answer/62921985,36622
457,有没有哪两个汉字相似到难以区分？,https://www.zhihu.com/question/45631430/answer/364205745,36604
458,二战中有哪些细思恐极的细节？,https://www.zhihu.com/question/30276520/answer/312496555,36586
459,为什么艳照门的主角要道歉？,https://www.zhihu.com/question/25110870/answer/37676203,36578
460,有哪些男生谈恋爱之后才知道的女生秘密？,https://www.zhihu.com/question/28248783/answer/337030015,36544
461,你最勤奋的时候到过什么程度？,https://www.zhihu.com/question/27020383/answer/72018716,36523
462,你经历过怎样的骗局？,https://www.zhihu.com/question/29675892/answer/261678580,36522
463,你什么时候发觉父母比自己想象得有钱？,https://www.zhihu.com/question/275079837/answer/384791416,36516
464,形可以有多准？,https://www.zhihu.com/question/266046378/answer/346017105,36475
465,找个不打游戏的男朋友有多难？,https://www.zhihu.com/question/58400340/answer/157502386,36458
466,什么是气质？如何培养气质？,https://www.zhihu.com/question/21102664/answer/17284714,36449
467,中国现在有哪些值得骄傲的方面？,https://www.zhihu.com/question/36085845/answer/81317754,36391
468,你在火车站或火车上有过哪些难忘的或更新世界观的经历？,https://www.zhihu.com/question/62066590/answer/196586876,36388
469,你大学最难过的一个瞬间是什么？,https://www.zhihu.com/question/60151013/answer/375686714,36385
470,为什么美国中小学生学的数学比我们简单，美国人却还能做出超级牛的东西？,https://www.zhihu.com/question/20953633/answer/16775534,36382
471,为什么会有很多人反感中国的无偿献血政策？,https://www.zhihu.com/question/265527652/answer/378130482,36348
472,你见过哪些令你瞠目结舌的逗逼？,https://www.zhihu.com/question/37904644/answer/75083584,36305
473,发现正在偷我东西的小偷，该怎么办？,https://www.zhihu.com/question/27857599/answer/108677818,36299
474,有哪些一个镜头就体现一个演员是否会演戏的例子？,https://www.zhihu.com/question/269939406/answer/352164577,36297
475,你最意想不到的一笔收入是怎么来的？,https://www.zhihu.com/question/41956302/answer/103315529,36268
476,你见过的最奇葩的人是怎样的？,https://www.zhihu.com/question/24232392/answer/142301164,36238
477,你人生到目前为止演技的巅峰时刻是哪一刻？,https://www.zhihu.com/question/41055994/answer/161217415,36168
478,怎么解读「一个人越炫耀什么，内心就越缺少什么」这句话？,https://www.zhihu.com/question/22843634/answer/89432614,36139
479,如何总结 2016 年美国大选？,https://www.zhihu.com/question/52030379/answer/129509308,36105
480,中国的女人结婚后算是最不幸的女人吗？,https://www.zhihu.com/question/268778540/answer/342988946,36094
481,医患关系一直恶化下去会怎样？,https://www.zhihu.com/question/38850948/answer/78576944,36086
482,娱乐圈情商最低的明星是谁？,https://www.zhihu.com/question/266891486/answer/330535203,35987
483,有哪些漂亮的女性剧照或电影截图？,https://www.zhihu.com/question/40007169/answer/85199499,35978
484,什么才是真正的善良？,https://www.zhihu.com/question/34342275/answer/134868026,35965
485,身边堪称女神的女生，生活习惯是怎样的？,https://www.zhihu.com/question/68567283/answer/346398288,35914
486,大学见到心动的女孩该怎么追？,https://www.zhihu.com/question/266963761/answer/387997733,35903
487,银行会如何对待有一亿活期存款的个人客户？,https://www.zhihu.com/question/274718297/answer/393781247,35836
488,你在打电话时，最难过的瞬间是什么？,https://www.zhihu.com/question/266229081/answer/307091305,35781
489,一个精英的诞生，家庭因素有多大？,https://www.zhihu.com/question/29759221/answer/55062331,35775
490,贫穷会让孩子感到自卑吗？,https://www.zhihu.com/question/20783044/answer/60668872,35755
491,你有哪些终生难忘的扎心瞬间？,https://www.zhihu.com/question/62431352/answer/233237681,35733
492,你最尴尬的一次经历是怎样的？,https://www.zhihu.com/question/20767176/answer/33666419,35703
493,如何看待朋友圈刷屏的《凌晨三点不回家，成年人的世界是你想不到的心酸》这篇文章？,https://www.zhihu.com/question/279033284/answer/404103121,35582
494,有哪些令人感动到崩泪的脑洞故事？,https://www.zhihu.com/question/51974238/answer/129258311,35569
495,努力了七年却依旧被中产阶级家庭子女完爆，我该如何调整心态？,https://www.zhihu.com/question/27776003/answer/38073225,35525
496,有哪些句子乍看很美，但或经世事，或隔久时愈发觉得很没道理且尴尬到极致？,https://www.zhihu.com/question/54541262/answer/150450353,35519
497,拥有丰富的表情图是种怎样的体验？,https://www.zhihu.com/question/35242408/answer/93122928,35500
498,家境一般如何出国留学？,https://www.zhihu.com/question/24876778/answer/29381504,35395
499,有哪些稳中带皮的操作？,https://www.zhihu.com/question/268174064/answer/377052645,35326
500,你在大学经历哪些后悔的事？,https://www.zhihu.com/question/22716593/answer/227550000,35321
501,如果你捡到了王思聪养的狗，你要怎么做才能利益最大化？,https://www.zhihu.com/question/67863021/answer/257793417,35286
502,男人拥有家庭是什么感觉？,https://www.zhihu.com/question/28228801/answer/257391259,35283
503,什么是「穷人思维」？,https://www.zhihu.com/question/26980862/answer/34857629,35273
504,有哪些人堪称「神人」，却鲜为大众所知？,https://www.zhihu.com/question/39408533/answer/221938146,35195
505,「以为会碾压，结果被秒杀」 的例子有哪些？,https://www.zhihu.com/question/66834114/answer/247490364,35185
506,大神们都存着哪些图片以做回复之用？,https://www.zhihu.com/question/35874887/answer/64938172,35172
507,可以分享一下那些你知道的苦涩的故事吗？,https://www.zhihu.com/question/51462121/answer/195708872,35080
508,从事食品行业和餐饮行业的人，不会去吃哪些食品？,https://www.zhihu.com/question/31092804/answer/141402430,35004
509,若远离酒色，怎么能享受生活的乐趣？,https://www.zhihu.com/question/22337430/answer/73021142,35003
510,如何纠正「觉得父亲没本事」的心态？,https://www.zhihu.com/question/21145634/answer/94832359,34932
511,可以分享一下那些你知道的苦涩的故事吗？,https://www.zhihu.com/question/51462121/answer/196130205,34893
512,男人的快乐有多简单？,https://www.zhihu.com/question/266275474/answer/1059955311,34882
513,如何看待2015年衡水二中高三学生连续跳楼现象？,https://www.zhihu.com/question/29194382/answer/324715345,34827
514,你见过最人性化的设计是什么？,https://www.zhihu.com/question/31524027/answer/66129572,34759
515,假如把一个人粉碎成原子再组合，这个人还是原来的人吗？,https://www.zhihu.com/question/26630283/answer/38171813,34663
516,什么是孤独？,https://www.zhihu.com/question/21501762/answer/34137497,34657
517,在中国，精通英语能给个人带来多少额外的收益？,https://www.zhihu.com/question/37174334/answer/82192597,34639
518,心理上摧毁一个普通人有多简单？,https://www.zhihu.com/question/50869363/answer/232219267,34612
519,为什么有很多名人让人们警惕人工智能？,https://www.zhihu.com/question/27864852/answer/39007053,34594
520,你在谷歌地球（Google Earth）有什么独特的发现？,https://www.zhihu.com/question/56763164/answer/586923242,34584
521,如何评价范冰冰无演技却红得发紫这种现象？,https://www.zhihu.com/question/32094348/answer/87667353,34570
522,有哪些让你感触很深的陌生人的事？,https://www.zhihu.com/question/19866127/answer/78641290,34569
523,你的工作中有哪些“坑爹”的事情？,https://www.zhihu.com/question/53797440/answer/368086022,34535
524,你大学时最美好的一个瞬间是什么？,https://www.zhihu.com/question/63048702/answer/363591344,34520
525,鲸既然是哺乳动物用肺呼吸，放在岸上为什么会死？,https://www.zhihu.com/question/27082663/answer/35181481,34502
526,为什么我这么胖还是无法下定决心减肥？为什么我早上起不来床？我该怎么改变自己？,https://www.zhihu.com/question/33534604/answer/88641967,34498
527,为什么嗑瓜子可以嗑半个小时甚至一个小时以上，看书学习却不可以？,https://www.zhihu.com/question/28184567/answer/39898658,34473
528,你是什么时候发现人和人差距大得无法跨越？,https://www.zhihu.com/question/28087919/answer/344998818,34427
529,自然界有哪些很残酷的现象？,https://www.zhihu.com/question/27183659/answer/122308257,34404
530,有哪些关于「刀」的故事？,https://www.zhihu.com/question/45694301/answer/99820492,34391
531,你的童年有哪些阴影？,https://www.zhihu.com/question/265834972/answer/304785680,34378
532,为什么很多夜店都是对女性免费？,https://www.zhihu.com/question/274187314/answer/374357278,34292
533,第一次知道自己要当爸爸了是种怎样的体验？,https://www.zhihu.com/question/56467537/answer/165172805,34287
534,怎样看待应届生喜欢辞职？,https://www.zhihu.com/question/48861231/answer/114205972,34280
535,什么音乐歌曲你听着听着就哭了？,https://www.zhihu.com/question/267850742/answer/333966275,34257
536,你见过最不求上进的人是什么样子？,https://www.zhihu.com/question/55791476/answer/147051313,34250
537,如何系统性学习摄影后期调色？,https://www.zhihu.com/question/27004700/answer/34955464,34243
538,为什么越努力，越焦虑？,https://www.zhihu.com/question/37672919/answer/73645420,34195
539,你有什么相见恨晚的知识想推荐给年轻人？,https://www.zhihu.com/question/22238159/answer/20739196,34161
540,蚊子如果叮人不会使人感到瘙痒，不是更易生存吗？,https://www.zhihu.com/question/279001349/answer/403905519,34089
541,微信朋友圈中有哪些行为或做法显得特别 low?,https://www.zhihu.com/question/25106944/answer/139776376,34081
542,有哪些东西你知道很贵，却不知道居然那么贵？,https://www.zhihu.com/question/66515446/answer/243798096,34053
543,你遇过哪些概率极小的事？,https://www.zhihu.com/question/26768751/answer/73986817,34045
544,购物时店家有哪些看似善良却让你哭笑不得的举动？,https://www.zhihu.com/question/64273158/answer/292990223,34015
545,《西游记》里有哪些可悲的细节？,https://www.zhihu.com/question/51682490/answer/127215332,33997
546,如何装逼装得别人一愣一愣的？,https://www.zhihu.com/question/37104257/answer/109662392,33936
547,一个人吃火锅是一种什么样的体验？,https://www.zhihu.com/question/36948523/answer/86942426,33935
548,你见过哪些谜之笑点的图片？,https://www.zhihu.com/question/41432739/answer/95703458,33921
549,有哪些出租屋实用神器？,https://www.zhihu.com/question/23271389/answer/24200045,33888
550,世界上最没用的东西是什么？,https://www.zhihu.com/question/21905681/answer/92992501,33887
551,有哪些事情使你意识到「思维的局限性」？,https://www.zhihu.com/question/40498719/answer/88278408,33879
552,是不是大多数人都不喜欢「网红脸」？如果是，那为什么有部分人想整成那样？,https://www.zhihu.com/question/47660923/answer/135540404,33802
553,为什么「道理都懂，然而执行力差」的现象如此普遍？,https://www.zhihu.com/question/30161095/answer/47601545,33789
554,无法理解高等数学怎么办？,https://www.zhihu.com/question/24066773/answer/80124451,33755
555,如何评价第七期《演员的诞生》袁立的表现？,https://www.zhihu.com/question/263845904/answer/274193755,33743
556,不发朋友圈动态的人对朋友圈是什么态度？,https://www.zhihu.com/question/46319896/answer/102628509,33655
557,哪个瞬间让你突然觉得逛知乎真有用？,https://www.zhihu.com/question/62137377/answer/206584944,33650
558,男生讨厌或不欣赏女生哪些行为？,https://www.zhihu.com/question/52182983/answer/257431001,33632
559,有哪些让你觉得恶心的矫情做作的歌词？,https://www.zhihu.com/question/55147202/answer/415610882,33629
560,街边小吃究竟有多脏？,https://www.zhihu.com/question/275756508/answer/382872165,33616
561,有哪些让你突然明白道理的瞬间？,https://www.zhihu.com/question/63810094/answer/216598542,33608
562,你因为「睡太死」错过什么重要的事情？,https://www.zhihu.com/question/40117062/answer/102834972,33552
563,火车上遇见最让你崩溃的一件事是什么？,https://www.zhihu.com/question/34019332/answer/102285596,33528
564,如何煎出完美的鸡蛋？,https://www.zhihu.com/question/21190731/answer/39277876,33478
565,四十岁还打游戏的人的生活状态是什么样子？,https://www.zhihu.com/question/68666119/answer/365326419,33474
566,女性有哪些让人觉得有素养的瞬间？,https://www.zhihu.com/question/59596497/answer/201847593,33433
567,买哪些东西相当于交「智商税」？,https://www.zhihu.com/question/27820531/answer/343172735,33406
568,你听过的最能引起共鸣的话是什么？,https://www.zhihu.com/question/37496011/answer/80767589,33366
569,把一副好牌打得稀烂是一种什么样的情形？,https://www.zhihu.com/question/264672384/answer/289278601,33349
570,毫无预兆地遇见知名人物是种怎样的体验?,https://www.zhihu.com/question/36777782/answer/285284437,33328
571,有哪些你曾经误会过的英文缩写？,https://www.zhihu.com/question/269579260/answer/348569650,33296
572,中国的家长有哪些让人难以理解的神逻辑？,https://www.zhihu.com/question/30602857/answer/196643225,33118
573,你最苦的时候是什么时候，是怎么熬过来的？,https://www.zhihu.com/question/52515464/answer/135981515,33103
574,什么才是真正的恶？,https://www.zhihu.com/question/53487831/answer/136112867,33057
575,裸睡对身体有什么好处？,https://www.zhihu.com/question/19609625/answer/346045539,33047
576,那些宿舍里最早起来的人后来怎么样了？,https://www.zhihu.com/question/266230601/answer/326112813,33025
577,有哪些搞笑的弹幕？,https://www.zhihu.com/question/39463086/answer/83930400,33005
578,学生经常问学的东西有什么用，应该怎么回答？,https://www.zhihu.com/question/38415284/answer/76745916,32875
579,有哪些心理学小技巧可以运用在生活中？,https://www.zhihu.com/question/24245141/answer/85527136,32861
580,你见过哪些戏精一样的人？,https://www.zhihu.com/question/68568951/answer/268148987,32854
581,怎么写出一本程序员风格的修真小说？,https://www.zhihu.com/question/32422838/answer/55775344,32853
582,你们烦不烦「小猪佩奇」？,https://www.zhihu.com/question/274188233/answer/378766811,32845
583,苏轼被神化了吗？有哪些例子可看出苏轼仍是「凡人」？,https://www.zhihu.com/question/30130754/answer/48982383,32828
584,有哪些仅仅一句，就能让你落泪的话？,https://www.zhihu.com/question/46610079/answer/105807431,32823
585,为什么很多人烟不离手也能长寿，而许多人不碰烟酒却短命？,https://www.zhihu.com/question/26821082/answer/253353255,32801
586,如何看待同学聚会上的言论「我在四线城市跟你在一线城市的年薪一样多（15万元）」？,https://www.zhihu.com/question/28399334/answer/40718507,32798
587,贫穷会让孩子感到自卑吗？,https://www.zhihu.com/question/20783044/answer/60619043,32783
588,如何在气场强大的人面前做到不卑不亢？,https://www.zhihu.com/question/28361409/answer/163264045,32775
589,这个社会中，有真才实学技术的人，是否总体不如「非常会来事」的万金油混得好？,https://www.zhihu.com/question/20940082/answer/55787562,32733
590,在只有一个人上班的公司里工作是怎样的体验？,https://www.zhihu.com/question/27986261/answer/336219315,32726
591,如何含蓄地表达价格太贵自己不能接受？,https://www.zhihu.com/question/34604690/answer/87947810,32694
592,做哪些事情可以提升生活品质？,https://www.zhihu.com/question/22347626/answer/62214075,32687
593,男生有文化有多重要？,https://www.zhihu.com/question/25695912/answer/31387465,32619
594,过年期间你经历的最有趣的故事是什么？,https://www.zhihu.com/question/55140460/answer/143462189,32607
595,有哪些“小时候不以为意，长大后细思恐极”的影视情节？,https://www.zhihu.com/question/40500121/answer/204544589,32598
596,有哪些充满江湖味道的歌曲？,https://www.zhihu.com/question/266364732/answer/343452497,32597
597,有哪些听起来高大上实际上很普通的东西？,https://www.zhihu.com/question/36396890/answer/67654519,32549
598,哪些行为会让你觉得对方很 low ，很没教养？,https://www.zhihu.com/question/33488767/answer/379548786,32534
599,女孩收入达到多高时可以购买奢侈品？,https://www.zhihu.com/question/25551786/answer/213276355,32533
600,军人看《战狼2》是种怎样的体验？,https://www.zhihu.com/question/63167728/answer/208133550,32526
601,你听过的最委婉，最含蓄的一句诗词是什么？,https://www.zhihu.com/question/51829486/answer/244045149,32507
602,有哪些小时候不明白，长大了才懂的事情？,https://www.zhihu.com/question/268207822/answer/336449618,32494
603,有哪些让你目瞪口呆的 Bug ？,https://www.zhihu.com/question/21747929/answer/45782715,32476
604,你做过哪些「智障」的事？,https://www.zhihu.com/question/63580454/answer/211164174,32428
605,大学寝室里发现室友偷东西怎么办？,https://www.zhihu.com/question/23078507/answer/423894921,32351
606,有哪些你听过惊艳的句子？,https://www.zhihu.com/question/63651462/answer/229154678,32345
607,清华和北大的学生有多厉害？,https://www.zhihu.com/question/22771794/answer/319217032,32328
608,如何看待「咏宁」坠亡事件？,https://www.zhihu.com/question/263790738/answer/273164572,32254
609,是不是文化程度越低的女孩，越把希望寄托于嫁人，而不是自己努力？,https://www.zhihu.com/question/68317552/answer/310013138,32254
610,社会上有哪些让你细思恐极的细节？,https://www.zhihu.com/question/53220978/answer/134146246,32238
611,有哪些网上自学课程的好网站？,https://www.zhihu.com/question/31044894/answer/50427150,32235
612,你见过的生性凉薄的人是怎样的？,https://www.zhihu.com/question/29174460/answer/747577343,32227
613,有哪些「是时候表演真正的技术了」的例子？,https://www.zhihu.com/question/61163759/answer/351491938,32216
614,什么是「少女心」？,https://www.zhihu.com/question/20996727/answer/44719212,32199
615,你见过哪些不按套路出牌的人？,https://www.zhihu.com/question/60343827/answer/175747296,32164
616,世界上让你觉得最美好的人是谁？,https://www.zhihu.com/question/34511018/answer/58969482,32162
617,哪个瞬间你对中国娱乐圈彻底失望？,https://www.zhihu.com/question/266730520/answer/312424197,32133
618,字写得好，是种怎样的体验？,https://www.zhihu.com/question/26854003/answer/44075399,32131
619,每天坚持英语学习，为什么还是学不好？,https://www.zhihu.com/question/27702564/answer/38067746,32127
620,有哪些令人浑身发抖的故事？,https://www.zhihu.com/question/55860326/answer/172622874,32119
621,你说过哪些不合时宜的大实话？,https://www.zhihu.com/question/48002856/answer/109450152,32107
622,有哪些「看似复杂，实则简单」的 PS 技巧？,https://www.zhihu.com/question/37271601/answer/72091183,32099
623,你人生到目前为止演技的巅峰时刻是哪一刻？,https://www.zhihu.com/question/41055994/answer/105467401,32095
624,中国人在日本千万别做什么？,https://www.zhihu.com/question/265688270/answer/333493425,32067
625,有哪些看似很傻，实则聪明的行为？,https://www.zhihu.com/question/60809486/answer/253395301,31933
626,有哪些情节多次反转的故事？,https://www.zhihu.com/question/48169282/answer/145312402,31851
627,如何看待李国武徒手接11层跳楼女人被砸身亡？,https://www.zhihu.com/question/263923011/answer/278258632,31844
628,有哪些一个镜头就体现一个演员是否会演戏的例子？,https://www.zhihu.com/question/269939406/answer/367340683,31835
629,有哪些小技能是可以通过闲暇时间学到的？,https://www.zhihu.com/question/36267481/answer/69340940,31809
630,为什么越来越多的中小学生变得「社会」？会带来什么影响？,https://www.zhihu.com/question/265567062/answer/309549032,31744
631,人生中最寂寞的事情是什麼？,https://www.zhihu.com/question/24521242/answer/28099965,31672
632,火车下铺的年轻人遇到想换铺的上铺孕妇怎么办？,https://www.zhihu.com/question/35227985/answer/61979622,31646
633,有哪些你看过一眼就难以忘怀的句子？,https://www.zhihu.com/question/38501171/answer/91798472,31624
634,如何评价章子怡？,https://www.zhihu.com/question/51815739/answer/264611881,31600
635,你说过哪些不合时宜的大实话？,https://www.zhihu.com/question/48002856/answer/111118508,31574
636,你有哪些一鸣惊人的操作？,https://www.zhihu.com/question/62214708/answer/197767658,31554
637,《三国演义》中有哪些细思恐极的细节？,https://www.zhihu.com/question/30115784/answer/48195315,31510
638,你在美国经历过哪些事情的体验不如中国？,https://www.zhihu.com/question/48094751/answer/115841296,31487
639,为儿子以后泡妞着想，应该让他学吉他还是学钢琴？,https://www.zhihu.com/question/23436237/answer/42001758,31484
640,如何用平淡的语气写出虐到让人喘不过气，或让读者感到震撼、震惊的感觉？,https://www.zhihu.com/question/265791395/answer/386886092,31369
641,一个精英的诞生，家庭因素有多大？,https://www.zhihu.com/question/29759221/answer/145532224,31363
642,你有什么相见恨晚的英语学习方法？,https://www.zhihu.com/question/26677313/answer/34173739,31363
643,作为演员，演电影和演电视剧有什么不同？,https://www.zhihu.com/question/25499211/answer/123084750,31343
644,为什么很多优质女性没有男友？,https://www.zhihu.com/question/37373471/answer/71831873,31325
645,为什么女生城府深就会被骂心机女，而男生却被称为有谋略？,https://www.zhihu.com/question/41569811/answer/91518569,31303
646,怎么才能使粉色看起来非常硬汉？,https://www.zhihu.com/question/37502508/answer/85889553,31277
647,有哪些原本只是一个小消息，但回看发现是个惊天大新闻的例子？,https://www.zhihu.com/question/37511675/answer/118145818,31212
648,你见过哪些过分的地图炮？,https://www.zhihu.com/question/52342900/answer/148075984,31140
649,火车上遇见最让你崩溃的一件事是什么？,https://www.zhihu.com/question/34019332/answer/103947626,31123
650,老人摔倒到底是扶还是不扶？,https://www.zhihu.com/question/35517162/answer/63671882,31114
651,在医院时，大夫对你说过哪些令你震惊的话？,https://www.zhihu.com/question/267399450/answer/325106125,31078
652,面试官问你的缺点是什么，应该如何回答？,https://www.zhihu.com/question/22357547/answer/129871099,31077
653,周立波和金星的公众形象有什么不同之处？,https://www.zhihu.com/question/32231013/answer/59058264,31038
654,如何评价《最强大脑》中魏坤琳和郭敬明吵架事件？,https://www.zhihu.com/question/38284567/answer/82963276,31031
655,有哪些礼仪是必备的？,https://www.zhihu.com/question/22632958/answer/22101986,31020
656,如何看待有些学生穿 60 元的上下衣，却穿着 1000+ 元的鞋？,https://www.zhihu.com/question/52175588/answer/340174087,31002
657,毫无预兆地遇见知名人物是种怎样的体验?,https://www.zhihu.com/question/36777782/answer/298802373,30988
658,你做过哪些「智障」的事？,https://www.zhihu.com/question/63580454/answer/258501738,30953
659,警察/法医是如何做到不怕那些惨不忍睹的尸体的？,https://www.zhihu.com/question/20827831/answer/327046468,30932
660,如何用王家卫的方式表白？,https://www.zhihu.com/question/31119593/answer/101533592,30905
661,你遇到过最不讲道理的人是怎样的？,https://www.zhihu.com/question/60601911/answer/345746777,30892
662,用一张纸能做出什么 ?,https://www.zhihu.com/question/35104273/answer/151484952,30883
663,有哪些事情使你意识到「思维的局限性」？,https://www.zhihu.com/question/40498719/answer/87169462,30875
664,和喜欢的人提分手是种怎样的体验？,https://www.zhihu.com/question/38127265/answer/75007503,30806
665,一句话可以把人毁到什么地步？,https://www.zhihu.com/question/66828598/answer/251070099,30766
666,你有哪些压箱底的笑话？,https://www.zhihu.com/question/267249806/answer/1087255398,30765
667,有哪些翻译作品完美做到「信达雅」的水平？,https://www.zhihu.com/question/36142964/answer/372385706,30694
668,你有信仰吗？你的信仰是什么？,https://www.zhihu.com/question/26577838/answer/56501097,30680
669,哪些精彩的打斗片段让你念念不忘？,https://www.zhihu.com/question/268679446/answer/346807993,30674
670,一个老师如何轻易毁掉学生的一生？,https://www.zhihu.com/question/58889974/answer/340612672,30625
671,女孩收入达到多高时可以购买奢侈品？,https://www.zhihu.com/question/25551786/answer/302530539,30578
672,为什么现在有一些初高中的孩子越来越不爱惜自己的身体？,https://www.zhihu.com/question/64670105/answer/293064083,30572
673,《蜡笔小新》中有哪些细思恐极的细节？,https://www.zhihu.com/question/49617435/answer/135687349,30564
674,如何看待「登月无用，不如拿来改善民生」的说法，有道理吗？,https://www.zhihu.com/question/22158238/answer/113375425,30545
675,与大学舍友相处最心寒的是什么时候或者什么事情呢？,https://www.zhihu.com/question/38787053/answer/149031788,30527
676,日本哪些化妆品护肤品特别好？,https://www.zhihu.com/question/21509929/answer/18480024,30525
677,成年的时候拉屎拉在身上是一种什么样的体验？,https://www.zhihu.com/question/31224413/answer/398703422,30524
678,普通老百姓撞了豪车，是不是真该毁一生？,https://www.zhihu.com/question/30340143/answer/276883131,30503
679,父母很逗比是种怎样的体验？,https://www.zhihu.com/question/34673106/answer/124250752,30473
680,被恶意诋毁是种怎样的体验？,https://www.zhihu.com/question/58719943/answer/176827358,30438
681,为什么女生有体香？,https://www.zhihu.com/question/20320900/answer/29227778,30323
682,你见过最侮辱观众智商的广告是哪个？,https://www.zhihu.com/question/27999472/answer/251604411,30316
683,你生命中最艰难、痛苦的一段时间是如何度过的？,https://www.zhihu.com/question/24917544/answer/154775610,30267
684,有哪些典型的中国人思维？,https://www.zhihu.com/question/68088641/answer/272766745,30222
685,闹灾荒的时候，和珅在给灾民的米汤里撒了一把沙子， 这其中包含着什么经济学原理？,https://www.zhihu.com/question/39974807/answer/154256490,30221
686,你有哪些「当时我就懵逼了」的经历？,https://www.zhihu.com/question/39829502/answer/83433963,30193
687,真正的学霸是什么样子？,https://www.zhihu.com/question/49078888/answer/115446734,30191
688,为什么有的同学家境不是很好，还不用功读书？,https://www.zhihu.com/question/35854666/answer/66121351,30173
689,如何看待迪丽热巴被爆大学时期当小三?,https://www.zhihu.com/question/264932785/answer/287044653,30127
690,你喝醉酒后闹过什么笑话？,https://www.zhihu.com/question/265356693/answer/301948226,30121
691,有哪些只要短时间学习就能受益无穷的生活小技能？,https://www.zhihu.com/question/20846401/answer/16372940,30116
692,如何评价苏联的军工水平？,https://www.zhihu.com/question/21602621/answer/30402937,30095
693,为什么有人说「百度全面降低了中国的互联网体验」？,https://www.zhihu.com/question/29740126/answer/45447872,30086
694,穷人需要为自身的贫穷负多大责任？,https://www.zhihu.com/question/24936740/answer/71233988,30083
695,为什么有人说富坚义博有着殿堂级的画功？他的画功体现在哪儿呢？,https://www.zhihu.com/question/22345285/answer/55014168,30083
696,你做了什么事情让大家笑疯？,https://www.zhihu.com/question/39081910/answer/84255306,30082
697,男生喝醉酒后打电话的一定是最爱的人吗？,https://www.zhihu.com/question/23395696/answer/389390405,30057
698,一直追求（吸引）不到喜欢的异性，感觉累了怎么办？,https://www.zhihu.com/question/26092705/answer/32989919,30024
699,是不是大部分女性到了 40 岁，活着特没意思？,https://www.zhihu.com/question/61920590/answer/242438204,29943
700,你见过哪些不按套路出牌的人？,https://www.zhihu.com/question/60343827/answer/179853029,29912
701,如何评价电影《战狼 2》？,https://www.zhihu.com/question/50171698/answer/205494234,29908
702,如何有效地劝刚上大学的儿子远离校园贷？,https://www.zhihu.com/question/265597918/answer/295878648,29881
703,国企工作效率真的很低吗？,https://www.zhihu.com/question/22977065/answer/236152323,29842
704,你在酒店做过最丧心病狂的事是什么？,https://www.zhihu.com/question/265965273/answer/305355998,29792
705,有哪些第一眼就感到震撼的图片？,https://www.zhihu.com/question/38178765/answer/140268112,29782
706,你见过或经历过哪些令人感动的陌生人的善举？,https://www.zhihu.com/question/21179963/answer/44389381,29780
707,什么是过度解读？,https://www.zhihu.com/question/63484482/answer/211219746,29700
708,突然发现自己变老是怎样一种体验？,https://www.zhihu.com/question/41758350/answer/395358855,29683
709,有哪些 200~500 元的生日礼物值得推荐？,https://www.zhihu.com/question/39371344/answer/83481378,29671
710,你见过最还原的 Cosplay 是什么样子的？,https://www.zhihu.com/question/36851579/answer/82842175,29655
711,什么样的朋友是真正的好朋友？,https://www.zhihu.com/question/21149829/answer/19017758,29635
712,有哪些搞笑的弹幕？,https://www.zhihu.com/question/39463086/answer/84495233,29625
713,100 字内能写出怎样萌的故事？,https://www.zhihu.com/question/40234499/answer/149724427,29574
714,有哪些可能是「在中国长大的人」才知道的事？,https://www.zhihu.com/question/51145368/answer/124765584,29510
715,你听过、看过、写过、经历过哪些暖心的，震撼心灵的，民间传说的小故事？,https://www.zhihu.com/question/46260668/answer/101003391,29487
716,对社会充满怨气的人有哪些心态？,https://www.zhihu.com/question/61499504/answer/191759313,29477
717,如何看待一些人以九寨沟地震为由呼吁吴京捐款的行为？,https://www.zhihu.com/question/63650328/answer/211849897,29445
718,给 59 分强行不给过的老师是一种怎么样的存在？,https://www.zhihu.com/question/39683528/answer/82723301,29431
719,怎样才算是成熟的男人？,https://www.zhihu.com/question/21295246/answer/19236989,29414
720,如何看待众网友为官方封杀 PG ONE 而叫好的现象？,https://www.zhihu.com/question/265230698/answer/291506843,29369
721,把一副好牌打得稀烂是一种什么样的情形？,https://www.zhihu.com/question/264672384/answer/311954129,29345
722,必胜客贵吗？,https://www.zhihu.com/question/27917495/answer/38711050,29340
723,医护人员信命吗？,https://www.zhihu.com/question/60519122/answer/182542610,29324
724,你最庆幸自己当初做了什么事？,https://www.zhihu.com/question/61467099/answer/189874643,29247
725,《福布斯》2011 年评腾讯创新能力全球第四，超越苹果和谷歌，如何理解？,https://www.zhihu.com/question/19783289/answer/19744850,29211
726,什么是「不会聊天」？不会聊天怎么办？,https://www.zhihu.com/question/21018000/answer/22147071,29207
727,如果是王家卫去拍《西游记》会是什么样的故事？,https://www.zhihu.com/question/40563735/answer/87567355,29182
728,「这 TM 都是套路」是种怎样的体验？,https://www.zhihu.com/question/47315089/answer/106015366,29181
729,如何自拍才能拍得好看？,https://www.zhihu.com/question/24463692/answer/164200256,29114
730,「这 TM 都是套路」是种怎样的体验？,https://www.zhihu.com/question/47315089/answer/111583477,29083
731,世界上致死率最高的东西是什么？,https://www.zhihu.com/question/265490550/answer/295548576,29035
732,女人的温柔从哪里体现？,https://www.zhihu.com/question/23617896/answer/25147080,28982
733,大学的人脉很重要吗？,https://www.zhihu.com/question/37186367/answer/146683378,28973
734,为什么厨师很少有女性？,https://www.zhihu.com/question/20427741/answer/27936065,28965
735,哪些演员的表演可以称为教科书式的演技？,https://www.zhihu.com/question/61178908/answer/184963845,28953
736,为什么大学一开学会有很多家长送孩子去学校？,https://www.zhihu.com/question/35190363/answer/61692341,28903
737,有哪些多数人都喜欢，但你就是不喜欢，即使别人觉得你品味有问题，可你还是不喜欢的东西？,https://www.zhihu.com/question/39101301/answer/104806693,28894
738,哪些事是你当了领导才明白的？,https://www.zhihu.com/question/68467783/answer/346080574,28893
739,为什么路飞对成员态度差别那么大？,https://www.zhihu.com/question/23434853/answer/25259724,28876
740,如何才能拍出一张特别好看的自拍照？,https://www.zhihu.com/question/21100397/answer/30471967,28849
741,婚后遇到更合适、更情投意合的今生挚爱，怎么办？,https://www.zhihu.com/question/28866210/answer/42456649,28798
742,你最接受不了室友的什么奇葩行为？,https://www.zhihu.com/question/54586958/answer/144988061,28797
743,日本经济、军事、文化究竟发达到什么程度？,https://www.zhihu.com/question/37120133/answer/71351219,28733
744,为什么有些人拒绝别人的方式是说谎而不是直接说不？,https://www.zhihu.com/question/27651464/answer/37589402,28730
745,家里面有哪个亲戚令你感到恶心？,https://www.zhihu.com/question/65383028/answer/1160498979,28718
746,医生的收入到底高不高，为什么很多医生说他们收入很低？,https://www.zhihu.com/question/21898948/answer/19705763,28680
747,憋住不放的屁，最后都去哪了？,https://www.zhihu.com/question/52575794/answer/131210288,28667
748,男生 25 岁了，应该明白哪些道理？,https://www.zhihu.com/question/37400041/answer/74744187,28621
749,如何让自己变成一个有品味的人？,https://www.zhihu.com/question/21568734/answer/20070622,28616
750,你大学时最美好的一个瞬间是什么？,https://www.zhihu.com/question/63048702/answer/323377954,28606
751,哪个瞬间你感受到了世界的温柔？,https://www.zhihu.com/question/64821236/answer/255715450,28600
752,有一个让你一直无法忘记的人是什么感受？,https://www.zhihu.com/question/264141494/answer/399938155,28588
753,哪些瞬间让你发现是贫穷限制了你的想象力？,https://www.zhihu.com/question/67080789/answer/272718099,28551
754,如何评价 Angelababy？为什么她的口碑不佳？,https://www.zhihu.com/question/56073398/answer/156256030,28545
755,「是爱，是暖，是希望，你是人间四月天」，如何对句？,https://www.zhihu.com/question/29246741/answer/49612374,28535
756,如何看待「山东招远麦当劳女子被殴致死」事件？,https://www.zhihu.com/question/23957361/answer/26262516,28492
757,非洲某些国家不断收到各国救援和物资，为什么一直富不起来？,https://www.zhihu.com/question/23525927/answer/25206807,28490
758,知乎上极力推崇读书的人为什么不把上知乎的时间都用来读书？,https://www.zhihu.com/question/20982901/answer/21761628,28484
759,怎样成为一个沉稳的人？,https://www.zhihu.com/question/21821931/answer/580956787,28449
760,一句话可以把人毁到什么地步？,https://www.zhihu.com/question/66828598/answer/252350801,28444
761,有没有一瞬间，突然感觉十分沮丧，即便没有发生什么？,https://www.zhihu.com/question/266276166/answer/306241975,28421
762,你高中时最美好的一个瞬间是什么？,https://www.zhihu.com/question/57230324/answer/156000121,28364
763,装×失败是种怎样的体验？,https://www.zhihu.com/question/31551594/answer/69190267,28294
764,日本经济、军事、文化究竟发达到什么程度？,https://www.zhihu.com/question/37120133/answer/281391856,28294
765,飞机坠毁前乘客能做点什么？,https://www.zhihu.com/question/29429914/answer/45569395,28211
766,你买过最让你后悔的服装是哪一件？,https://www.zhihu.com/question/58133741/answer/165335862,28186
767,你遇到过哪些令人讨厌的女孩？,https://www.zhihu.com/question/264888727/answer/288546160,28180
768,聊天时能用来装逼的文言文有哪些？,https://www.zhihu.com/question/39095908/answer/80141161,28162
769,有哪些令你读过就不会忘的话？,https://www.zhihu.com/question/50364335/answer/138103025,28146
770,哪些实用的小方法、小技巧、好习惯能让人每天进步？,https://www.zhihu.com/question/22292474/answer/21226547,28117
771,如何能让周立波从电视里彻底消失？,https://www.zhihu.com/question/21234453/answer/58577105,28112
772,有哪些比小说更好看的商业故事？,https://www.zhihu.com/question/23049278/answer/121190889,28084
773,你曾经被哪些事情弄的莫名感动，那种情愫还难以名状？,https://www.zhihu.com/question/20627607/answer/277752734,28070
774,你有哪些自以为聪明，但其实愚蠢透顶的操作？,https://www.zhihu.com/question/61781860/answer/1051929801,28001
775,有哪些号称千古绝对的对联被后人或者今人破解了？,https://www.zhihu.com/question/277936686/answer/970748139,27958
776,你们身边的漂亮女孩儿生完孩子，后来怎么样了？,https://www.zhihu.com/question/266616606/answer/313976033,27918
777,作为一个医生，什么时候有成就感？,https://www.zhihu.com/question/35581661/answer/64242243,27906
778,如何评价冯小刚让苗苗在大佬们面前跳舞？,https://www.zhihu.com/question/267333930/answer/324028441,27872
779,你听过的最能引起共鸣的话是什么？,https://www.zhihu.com/question/37496011/answer/72431872,27824
780,异地恋多久联系一次正常？,https://www.zhihu.com/question/21135938/answer/43291177,27796
781,你在大学有过哪些「骚操作」？,https://www.zhihu.com/question/65502685/answer/288173199,27754
782,为什么有些工资不高的人用着最新款的 iPhone 或者各种价格不低的电子设备？,https://www.zhihu.com/question/29854309/answer/46413080,27718
783,「字如其人」是真的吗？这能看出什么？,https://www.zhihu.com/question/30734817/answer/86427983,27707
784,你是从什么时候开始，感受到了岁月的残忍？,https://www.zhihu.com/question/28062142/answer/220862334,27705
785,为什么越来越多的中小学生变得「社会」？会带来什么影响？,https://www.zhihu.com/question/265567062/answer/316261824,27696
786,你买过最让你后悔的服装是哪一件？,https://www.zhihu.com/question/58133741/answer/157521672,27630
787,有哪些剧情反转的有趣故事？,https://www.zhihu.com/question/46404678/answer/140982091,27624
788,你亲身经历过最尴尬的事是什么？,https://www.zhihu.com/question/53527823/answer/142127565,27621
789,有哪些包装方法让礼物瞬间高大上？,https://www.zhihu.com/question/23147527/answer/38493748,27583
790,人类能不能吃狗肉？,https://www.zhihu.com/question/41024051/answer/92915348,27575
791,懂法的和不懂法的有何区别？,https://www.zhihu.com/question/28601869/answer/1179575092,27544
792,如何看待27岁小伙相亲穿特步被拒绝？,https://www.zhihu.com/question/265286469/answer/292256538,27538
793,如何评价电影《湄公河行动》？,https://www.zhihu.com/question/48224721/answer/124715858,27491
794,你见过哪些巧妙的弦外之音？,https://www.zhihu.com/question/62206728/answer/249336562,27477
795,和年级第一谈恋爱是一种怎样的体验？,https://www.zhihu.com/question/55128649/answer/1074146773,27425
796,人在年轻的时候一定要奋斗吗？,https://www.zhihu.com/question/28923765/answer/63148139,27398
797,不浮躁的社会是什么样的？,https://www.zhihu.com/question/22633562/answer/90351145,27372
798,有哪些笑完之后发人深省的笑话？,https://www.zhihu.com/question/34810002/answer/81856768,27365
799,如何帮助这位长期被欺负、群殴，甚至被逼吃屎的同学？,https://www.zhihu.com/question/39525312/answer/85751723,27351
800,你的收入能让你过怎样的生活？,https://www.zhihu.com/question/65935124/answer/243206506,27344
801,家境贫寒的人与富裕的人能够有美满的婚姻吗？,https://www.zhihu.com/question/30633478/answer/48988603,27314
802,每天坚持跑步，或者慢跑真正带给你了什么？,https://www.zhihu.com/question/41380989/answer/93317845,27266
803,若远离酒色，怎么能享受生活的乐趣？,https://www.zhihu.com/question/22337430/answer/21077882,27247
804,有哪些值得推荐的字体？,https://www.zhihu.com/question/20727176/answer/22478584,27122
805,公务员在工作中都碰到过哪些有意思的事情？,https://www.zhihu.com/question/56323099/answer/157129579,27095
806,有哪些前后差异非常大的照片？,https://www.zhihu.com/question/61821569/answer/207030151,27076
807,女人会嫁没有生育能力的男生吗？,https://www.zhihu.com/question/66331248/answer/288567359,27033
808,有点贵但很值得买的商品有哪些？,https://www.zhihu.com/question/23136740/answer/36137787,27022
809,一句话把对方噎死是种怎样的体验？,https://www.zhihu.com/question/264907372/answer/340763538,26970
810,如何评价电影《战狼 2》？,https://www.zhihu.com/question/50171698/answer/205556122,26953
811,智商下线是种怎样的体验？,https://www.zhihu.com/question/46400790/answer/111814256,26927
812,如何评价电影《头号玩家》（Ready Player One）？,https://www.zhihu.com/question/63175444/answer/354740756,26908
813,颜值那么重要，那长得丑的人怎么办？,https://www.zhihu.com/question/30394138/answer/317906722,26898
814,死不认错，是种怎样的体验？,https://www.zhihu.com/question/65378889/answer/230565499,26840
815,有哪些写出来让人尴尬到脸酸的文章或段子？,https://www.zhihu.com/question/41372112/answer/90873134,26806
816,如何恰当地表示愤怒？,https://www.zhihu.com/question/28599578/answer/41731242,26606
817,在哪个瞬间你觉得自己是个屌丝？,https://www.zhihu.com/question/59045049/answer/163550030,26593
818,你们遇到过最尴尬的事情是什么？,https://www.zhihu.com/question/55629283/answer/145818985,26552
819,你在生活中看过哪些让人忍俊不禁的撒娇/卖萌/套路？,https://www.zhihu.com/question/268949583/answer/344454336,26547
820,是否真的存在天才？,https://www.zhihu.com/question/34054445/answer/343279714,26530
821,有哪些大家都不看好，但最后却出乎意料的事情？,https://www.zhihu.com/question/265438463/answer/294052181,26510
822,为什么鲜有炫富的程序员？,https://www.zhihu.com/question/30692237/answer/49494696,26508
823,如何知道男朋友是不是真的爱你？,https://www.zhihu.com/question/27369467/answer/526171246,26438
824,拥有丰富的表情图是种怎样的体验？,https://www.zhihu.com/question/35242408/answer/61932316,26222
825,未来十年哪些基础科学突破会影响互联网科技产业？产业互联网和消费互联网融合创新，会带来哪些改变？,https://www.zhihu.com/question/299741613/answer/517324284,25562
826,上课时同桌突然失去生命迹象你会怎么办？,https://www.zhihu.com/question/22918963/answer/913878382,24876
827,在哪里能找到各行业的分析研究报告？,https://www.zhihu.com/question/19766160/answer/113011414,24262
828,和有口臭的人接吻是什么感觉？,https://www.zhihu.com/question/23037488/answer/976464860,24002
829,如果吃一小勺冰淇淋会如何？,https://www.zhihu.com/question/52593957/answer/595731634,23866
830,你们见过的最心酸的照片是哪一张？,https://www.zhihu.com/question/29176244/answer/93590501,23564
831,为什么喜欢上一个人后会变得很低姿态？,https://www.zhihu.com/question/28879104/answer/138470508,22835
832,为什么说第一次去男方家不要洗碗?,https://www.zhihu.com/question/23707685/answer/774001823,22807
833,家里面有哪个亲戚令你感到恶心？,https://www.zhihu.com/question/65383028/answer/653797533,22746
834,医院里有哪些潜规则？,https://www.zhihu.com/question/265259044/answer/815871334,22231
835,C盘快满了，该如何清理？,https://www.zhihu.com/question/27608145/answer/772565367,22086
836,签收快递时说「谢谢」结果被同学说成「装」应该怎么办？,https://www.zhihu.com/question/34526668/answer/59125490,22067
837,男性怎样越变越帅？,https://www.zhihu.com/question/60457861/answer/178157213,21902
838,恐怖片为什么大多数都是女鬼？,https://www.zhihu.com/question/21554983/answer/734957749,21637
839,女生到底应不应该去试探男朋友？,https://www.zhihu.com/question/34161536/answer/1096843938,21198
840,最努力憋笑的一次经历是什么？,https://www.zhihu.com/question/55348729/answer/528585991,20885
841,哪些事件让你觉得「群众是盲目而愚蠢的」？,https://www.zhihu.com/question/26457932/answer/998466940,20403
842,如何看待因大学生母亲举报，汉中市三百个网吧下线《绝地求生》？,https://www.zhihu.com/question/270446127/answer/539617797,20099
843,如何看待因大学生母亲举报，汉中市三百个网吧下线《绝地求生》？,https://www.zhihu.com/question/270446127/answer/354570081,19687
844,你有哪些神奇的怪癖？,https://www.zhihu.com/question/29242652/answer/979898848,19647
845,你们现在住的房间布置是怎样的？,https://www.zhihu.com/question/35101995/answer/917044124,19288
846,你有哪些自以为聪明，但其实愚蠢透顶的操作？,https://www.zhihu.com/question/61781860/answer/1053165226,19137
847,怀孕期间应该注意什么？,https://www.zhihu.com/question/23881588/answer/1074518276,19039
848,为什么你讨厌欧阳娜娜？,https://www.zhihu.com/question/47344306/answer/919594217,18639
849,男人的快乐有多简单？,https://www.zhihu.com/question/266275474/answer/1059583714,18532
850,大学真的很好玩吗？,https://www.zhihu.com/question/63221438/answer/730532539,18463
851,怎样评价猫小乐《阿衰》?,https://www.zhihu.com/question/37201333/answer/573073786,18377
852,新婚姻法的司法解释偏向男性吗？,https://www.zhihu.com/question/27205989/answer/979179352,18268
853,如何评价蔡明？,https://www.zhihu.com/question/28387739/answer/979925220,17578
854,C盘快满了，该如何清理？,https://www.zhihu.com/question/27608145/answer/831648033,17239
855,你认为最好听的广告音乐是哪首？,https://www.zhihu.com/question/20777326/answer/531835525,17231
856,哪些图片是你曾在朋友圈主动转发的？,https://www.zhihu.com/question/37400960/answer/71988396,16885
857,张昕宇哪来那么多钱去「侣行」？,https://www.zhihu.com/question/51405738/answer/469834066,16711
858,北京有什么鲜为人知的、很好玩的地方？,https://www.zhihu.com/question/25835899/answer/87483522,16327
859,寝室楼上太吵怎么办？,https://www.zhihu.com/question/28703842/answer/830223473,14858
860,为什么你讨厌欧阳娜娜？,https://www.zhihu.com/question/47344306/answer/881934967,14789
861,高铁辐射对人体究竟真的有伤害吗？,https://www.zhihu.com/question/24479518/answer/746054776,14363
862,未来十年哪些基础科学突破会影响互联网科技产业？产业互联网和消费互联网融合创新，会带来哪些改变？,https://www.zhihu.com/question/299741613/answer/516992877,14309
863,自杀的人值得同情吗？,https://www.zhihu.com/question/47489260/answer/1189461810,14309
864,北京有什么鲜为人知的、很好玩的地方？,https://www.zhihu.com/question/25835899/answer/730113468,14251
865,有哪些奇妙的坑人经历？,https://www.zhihu.com/question/28055251/answer/134755811,14181
866,有哪些让人笑到肚子疼的视频？,https://www.zhihu.com/question/268187652/answer/478979192,13352
867,有什么非常尬的粉丝控评？,https://www.zhihu.com/question/62322244/answer/969520078,13242
868,什么运动最消耗卡路里？,https://www.zhihu.com/question/58976440/answer/1160634015,13194
869,妈妈会不会嫉妒自己的女儿?,https://www.zhihu.com/question/28212662/answer/1186990172,13091
870,如何让读者在千字内喜欢上一个人物？,https://www.zhihu.com/question/264980541/answer/872944629,12970
871,有哪些搞笑视频可以分享一下？,https://www.zhihu.com/question/263999747/answer/555256718,12847
872,清华和北大的学生有多厉害？,https://www.zhihu.com/question/22771794/answer/320398142,12768
873,如何评价山口百惠？,https://www.zhihu.com/question/22087573/answer/719755056,12741
874,人为什么会得痔疮？,https://www.zhihu.com/question/28577833/answer/693457672,12666
875,是否很多人都看不起护士？为什么？,https://www.zhihu.com/question/48740213/answer/699598845,12447
876,狗会认错主人吗？,https://www.zhihu.com/question/24267182/answer/1201293851,12342
877,为什么男生刚开始谈恋爱都喜欢女生粘人一点，但是分手理由也是嫌女朋友太粘人？,https://www.zhihu.com/question/60407051/answer/610746745,12266
878,有哪些让你大开眼界的行为？,https://www.zhihu.com/question/62749113/answer/203216232,12245
879,用兔子代表中国是为什么？,https://www.zhihu.com/question/30928425/answer/1125310843,12228
880,有哪些让人笑到肚子疼的视频？,https://www.zhihu.com/question/268187652/answer/553081131,12144
881,为什么人类繁殖能力不强、成年时间过长，却没有灭绝？,https://www.zhihu.com/question/49380726/answer/903088636,11872
882,各个国家的名字是怎么来的？,https://www.zhihu.com/question/38221829/answer/650936715,11790
883,你有哪些绝妙的反击？,https://www.zhihu.com/question/62939337/answer/204037346,11716
884,有哪些几乎是中国人特有的生理疾病？,https://www.zhihu.com/question/264962290/answer/828645024,11711
885,中国众多的流浪汉是如何产生的？,https://www.zhihu.com/question/28173180/answer/178574746,11697
886,你有哪些神奇的怪癖？,https://www.zhihu.com/question/29242652/answer/1045990454,11695
887,怎样评价董洁？,https://www.zhihu.com/question/24342271/answer/302444352,11510
888,女生为什么会痛经？痛经又该怎么预防，减轻疼痛？,https://www.zhihu.com/question/31161293/answer/851790248,11496
889,如何理解「雪崩时，没有一片雪花是无辜的」这句话，有没有道理？为什么？,https://www.zhihu.com/question/264807221/answer/524216771,11400
890,南海主权争端的来龙去脉是什么？,https://www.zhihu.com/question/48434299/answer/1103548006,11368
891,你有哪些绝妙的反击？,https://www.zhihu.com/question/62939337/answer/204095017,11367
892,六年以上的爱情长跑最终结局都是什么样子的？,https://www.zhihu.com/question/27477378/answer/970844881,11363
893,新婚姻法的司法解释偏向男性吗？,https://www.zhihu.com/question/27205989/answer/1008856244,11338
894,中小学女教师夏天是不是不能穿这种裙子？,https://www.zhihu.com/question/23181813/answer/936567297,11250
895,贫穷给你带来了哪些好习惯？,https://www.zhihu.com/question/266030237/answer/306282945,11100
896,女友有狐臭，我不喜欢这个味道家里也反对，但女友很喜欢我，分还是不分？,https://www.zhihu.com/question/29908773/answer/909366147,11080
897,无神论者都有哪些逸事？,https://www.zhihu.com/question/51369059/answer/343778807,11075
898,在香港，菲佣的真实生活是怎样的？,https://www.zhihu.com/question/22185256/answer/844954496,11055
899,战争有多可怕？,https://www.zhihu.com/question/27046377/answer/1081812274,11029
900,拥有绝对音感是怎样的体验？,https://www.zhihu.com/question/26845652/answer/848909876,10935
901,你一个人独立做过最厉害的事情是什么？,https://www.zhihu.com/question/48893288/answer/115775255,10898
902,怎样通俗易懂地讲述北欧神话？,https://www.zhihu.com/question/28505299/answer/41286190,10876
903,激光脱毛真的对皮肤无伤害吗？,https://www.zhihu.com/question/19881508/answer/35357504,10799
904,狗会认错主人吗？,https://www.zhihu.com/question/24267182/answer/1196211607,10768
905,航母被导弹打沉的可能性大吗？,https://www.zhihu.com/question/20792591/answer/836055396,10699
906,应该怎么评论我们所处的这个时代？,https://www.zhihu.com/question/25553334/answer/95190805,10645
907,有钱人喜欢什么样的女生？,https://www.zhihu.com/question/276201733/answer/1116973818,10538
908,有哪些搞笑视频可以分享一下？,https://www.zhihu.com/question/263999747/answer/558707729,10485
909,无神论者都有哪些逸事？,https://www.zhihu.com/question/51369059/answer/125970629,10458
910,你所期待的夏天是什么样子的？,https://www.zhihu.com/question/24729840/answer/46514495,10433
911,男生怎样看待女生戴牙套？,https://www.zhihu.com/question/49977669/answer/1130988071,10398
912,监狱干警在街上碰到带过的，因刑满释放的犯人是什么体验？,https://www.zhihu.com/question/277937636/answer/1036116462,10335
913,可以说一说你所见识过的人性的黑暗面吗？,https://www.zhihu.com/question/65573181/answer/596006542,10220
914,部分理科生对文科生的优越感从何而来？,https://www.zhihu.com/question/19655916/answer/33894207,10193
915,如何在室友熬夜打游戏吵闹中安然睡去？,https://www.zhihu.com/question/28785280/answer/894540990,9798
916,国内医院是否普遍的暴利运营？,https://www.zhihu.com/question/19792531/answer/767378935,9582
917,懂法的和不懂法的有何区别？,https://www.zhihu.com/question/28601869/answer/1179435960,9572
918,你有哪些越描越黑的经历？,https://www.zhihu.com/question/62131162/answer/195651273,9530
919,有哪些让你大开眼界的行为？,https://www.zhihu.com/question/62749113/answer/202691477,9508
920,爱说脏话是率性的表现还是素质教养差？,https://www.zhihu.com/question/45733639/answer/99625472,9418
921,你有哪些越描越黑的经历？,https://www.zhihu.com/question/62131162/answer/195873243,9385
922,有钱人喜欢什么样的女生？,https://www.zhihu.com/question/276201733/answer/1106368883,9351
923,如何理解「雪崩时，没有一片雪花是无辜的」这句话，有没有道理？为什么？,https://www.zhihu.com/question/264807221/answer/522921300,9261
924,2020 年一季度 GDP 同比下降 6.8%，意味着什么？会产生什么影响？,https://www.zhihu.com/question/388434620/answer/1159851265,9116
925,现在的台湾人会看大陆电视节目、电影吗？,https://www.zhihu.com/question/27503628/answer/1094082438,9100
926,哪些你曾认为无比正确的事，后来发现真的错了？,https://www.zhihu.com/question/59890985/answer/171551059,9005
927,哪种动物的交配方式很奇葩？,https://www.zhihu.com/question/26198612/answer/469410223,8993
928,中国都有哪些世界第一？,https://www.zhihu.com/question/46992886/answer/115879732,8985
929,自杀的人值得同情吗？,https://www.zhihu.com/question/47489260/answer/1196917635,8925
930,Minecraft有什么有趣的玩法？,https://www.zhihu.com/question/31851972/answer/1089246020,8907
931,「文科无用论」有道理吗？,https://www.zhihu.com/question/22885465/answer/67369083,8855
932,在一个感觉自己格格不入的环境里，怎样和庸碌的人相处？,https://www.zhihu.com/question/22291884/answer/20953101,8712
933,普通高中毕业的中国人的汉语词汇量（识字量）有多少？,https://www.zhihu.com/question/22935571/answer/799915291,8661
934,历史上有哪些小人物，却改变了历史的走向？,https://www.zhihu.com/question/32193205/answer/691223281,8638
935,有哪些奇妙的坑人经历？,https://www.zhihu.com/question/28055251/answer/135036707,8633
936,生活中有哪些优雅的小动作？,https://www.zhihu.com/question/23093482/answer/580280912,8594
937,你今生遇到的令你最悲伤的事是什么，你是如何挺过去的？,https://www.zhihu.com/question/26350344/answer/576936624,8528
938,中小学女教师夏天是不是不能穿这种裙子？,https://www.zhihu.com/question/23181813/answer/748036201,8507
939,有哪些让人看似文雅实则尴尬的翻译？,https://www.zhihu.com/question/52222790/answer/565439943,8499
940,在你的专业领域，你觉得最悲哀最无奈的事是什么？,https://www.zhihu.com/question/51198978/answer/124708639,8496
941,一个人很糗很倒霉是种什么样的体验？,https://www.zhihu.com/question/37353504/answer/110256094,8472
942,生活中有哪些经常听到、但让人极其不爽的话？,https://www.zhihu.com/question/48976091/answer/113877760,8436
943,被屈臣氏导购忽悠是一种怎样的体验？,https://www.zhihu.com/question/47094184/answer/702415279,8435
944,如何看待几年前的「公知」群体？为何当年颇有影响而现在大多沉默了?,https://www.zhihu.com/question/66179668/answer/1094867387,8329
945,贫穷给你带来了哪些好习惯？,https://www.zhihu.com/question/266030237/answer/340156251,8276
946,住高层（20层以上）是什么体验？,https://www.zhihu.com/question/48005273/answer/969472573,8270
947,妈妈会不会嫉妒自己的女儿?,https://www.zhihu.com/question/28212662/answer/1180088385,8237
948,如何成为一个久处不厌的人？,https://www.zhihu.com/question/34585473/answer/59909866,8128
949,父亲与女儿单独外出时，如何不被误会为「干爹」？,https://www.zhihu.com/question/24117081/answer/312418909,8112
950,《我的叔叔于勒》里为什么说吃牡蛎非常优雅高贵?,https://www.zhihu.com/question/28850652/answer/978120109,8011
951,古代佛道相争，为什么全真教争不过佛教？,https://www.zhihu.com/question/22522198/answer/695855545,8005
952,为什么人类繁殖能力不强、成年时间过长，却没有灭绝？,https://www.zhihu.com/question/49380726/answer/909963264,7973
953,为什么我在朋友圈发一些励志短语，却发现被越来越多的人拉黑？,https://www.zhihu.com/question/31183943/answer/52777431,7890
954,哪些你曾认为无比正确的事，后来发现真的错了？,https://www.zhihu.com/question/59890985/answer/171246771,7862
955,一个月内如何提高四六级分数？,https://www.zhihu.com/question/52442591/answer/694744433,7838
956,（已解决）双十一帮舍友买近2000元的耳机，买错了颜色，舍友不想要怎么办？,https://www.zhihu.com/question/68134401/answer/260584142,7777
957,住高层（20层以上）是什么体验？,https://www.zhihu.com/question/48005273/answer/1132901039,7703
958,你用哪一句话来评价自己的生活态度？,https://www.zhihu.com/question/38606173/answer/77583351,7611
959,你见过的最奇葩的买家秀是什么？,https://www.zhihu.com/question/30957011/answer/61732876,7544
960,什么样的人才能称为纯爷们？,https://www.zhihu.com/question/54003703/answer/1044715891,7532
961,生活中遇到过哪些剧情特别反转的小事？,https://www.zhihu.com/question/22559530/answer/27879280,7516
962,作为一名医生，有哪些感触很深的经历？,https://www.zhihu.com/question/265729314/answer/829731357,7489
963,你觉得恋爱中最心酸的事情是什么？,https://www.zhihu.com/question/24502223/answer/28025840,7460
964,有哪些长得美丽爆棚的男性？,https://www.zhihu.com/question/46771445/answer/889591661,7443
965,有没有哪一刻你觉得这世界不应该是这样？,https://www.zhihu.com/question/68517309/answer/632760397,7375
