id,forks,repo_name,repo_url,stars,task,watchers
0,18880,vuejs/vue,https://github.com/vuejs/vue,132530,vue,132530
1,16301,robbyrussell/oh-my-zsh,https://github.com/robbyrussell/oh-my-zsh,85298,zsh,85298
2,13209,nodejs/node,https://github.com/nodejs/node,59393,node,59393
3,6281,flutter/flutter,https://github.com/flutter/flutter,57782,flutter,57782
4,7531,golang/go,https://github.com/golang/go,55097,go,55097
5,15553,laravel/laravel,https://github.com/laravel/laravel,51000,laravel,51000
6,15553,laravel/laravel,https://github.com/laravel/laravel,51000,php-artisan,51000
7,8424,ytdl-org/youtube-dl,https://github.com/ytdl-org/youtube-dl,48512,youtube-dl,48512
8,11327,atom/atom,https://github.com/atom/atom,48210,at,48210
9,11327,atom/atom,https://github.com/atom/atom,48210,atom,48210
10,6014,webpack/webpack,https://github.com/webpack/webpack,47843,webpack,47843
11,7457,apple/swift,https://github.com/apple/swift,47092,swift,47092
12,13103,hakimel/reveal.js,https://github.com/hakimel/reveal.js,45340,rev,45340
13,7322,expressjs/express,https://github.com/expressjs/express,43004,expr,43004
14,17153,rails/rails,https://github.com/rails/rails,42575,rails,42575
15,5044,meteor/meteor,https://github.com/meteor/meteor,40897,meteor,40897
16,12945,ionic-team/ionic,https://github.com/ionic-team/ionic,37464,ionic,37464
17,8105,jekyll/jekyll,https://github.com/jekyll/jekyll,37193,jekyll,37193
18,14836,ansible/ansible,https://github.com/ansible/ansible,36079,ansible,36079
19,23567,spring-projects/spring-boot,https://github.com/spring-projects/spring-boot,35635,boot,35635
20,7304,ReactTraining/react-router,https://github.com/ReactTraining/react-router,35475,route,35475
21,2106,yarnpkg/yarn,https://github.com/yarnpkg/yarn,35182,yarn,35182
22,3811,gohugoio/hugo,https://github.com/gohugoio/hugo,33723,hugo,33723
23,3185,creationix/nvm,https://github.com/creationix/nvm,33611,nvm,33611
24,4560,gatsbyjs/gatsby,https://github.com/gatsbyjs/gatsby,33063,gatsby,33063
25,5704,NARKOZ/hacker-scripts,https://github.com/NARKOZ/hacker-scripts,32946,true,32946
26,3407,babel/babel,https://github.com/babel/babel,32469,babel,32469
27,1354,minimaxir/big-list-of-naughty-strings,https://github.com/minimaxir/big-list-of-naughty-strings,32231,strings,32231
28,7583,scrapy/scrapy,https://github.com/scrapy/scrapy,32000,scrapy,32000
29,4414,gulpjs/gulp,https://github.com/gulpjs/gulp,31018,gulp,31018
30,3190,serverless/serverless,https://github.com/serverless/serverless,28942,serverless,28942
31,1938,Unitech/pm2,https://github.com/Unitech/pm2,28500,pm2,28500
32,15339,git/git,https://github.com/git/git,26683,git,26683
33,8677,bailicangdu/vue2-elm,https://github.com/bailicangdu/vue2-elm,25980,elm,25980
34,4916,tesseract-ocr/tesseract,https://github.com/tesseract-ocr/tesseract,25539,tesseract,25539
35,16914,apache/incubator-dubbo,https://github.com/apache/incubator-dubbo,25275,du,25275
36,1739,joshbuchea/HEAD,https://github.com/joshbuchea/HEAD,24964,head,24964
37,3354,facebook/jest,https://github.com/facebook/jest,24544,jest,24544
38,6678,TheAlgorithms/Python,https://github.com/TheAlgorithms/Python,23883,python,23883
39,4673,kenwheeler/slick,https://github.com/kenwheeler/slick,23571,last,23571
40,9102,python/cpython,https://github.com/python/cpython,23174,cp,23174
41,1607,tldr-pages/tldr,https://github.com/tldr-pages/tldr,21575,man,21575
42,1607,tldr-pages/tldr,https://github.com/tldr-pages/tldr,21575,tldr,21575
43,2168,containous/traefik,https://github.com/containous/traefik,21307,traefik,21307
44,3275,JuliaLang/julia,https://github.com/JuliaLang/julia,21274,julia,21274
45,4856,aosabook/500lines,https://github.com/aosabook/500lines,21225,less,21225
46,5355,SDWebImage/SDWebImage,https://github.com/SDWebImage/SDWebImage,21205,sd,21205
47,18383,apache/spark,https://github.com/apache/spark,21079,spark,21079
48,4112,godotengine/godot,https://github.com/godotengine/godot,20851,godot,20851
49,4141,emberjs/ember.js,https://github.com/emberjs/ember.js,20833,ember,20833
50,1564,standard/standard,https://github.com/standard/standard,20763,standard,20763
51,1123,postcss/postcss,https://github.com/postcss/postcss,20477,postcss,20477
52,780,junegunn/fzf,https://github.com/junegunn/fzf,20406,fzf,20406
53,1835,balderdashy/sails,https://github.com/balderdashy/sails,20344,sails,20344
54,6773,symfony/symfony,https://github.com/symfony/symfony,20225,symfony,20225
55,5422,composer/composer,https://github.com/composer/composer,18977,composer,18977
56,1823,webtorrent/webtorrent,https://github.com/webtorrent/webtorrent,18959,webtorrent,18959
57,3675,hashicorp/vagrant,https://github.com/hashicorp/vagrant,18144,vagrant,18144
58,2378,mochajs/mocha,https://github.com/mochajs/mocha,17458,mocha,17458
59,4296,syl20bnr/spacemacs,https://github.com/syl20bnr/spacemacs,17266,emacs,17266
60,1421,dokku/dokku,https://github.com/dokku/dokku,17216,dokku,17216
61,8412,racaljk/hosts,https://github.com/racaljk/hosts,17128,host,17128
62,3165,npm/npm,https://github.com/npm/npm,17121,npm,17121
63,1192,pypa/pipenv,https://github.com/pypa/pipenv,16291,pipenv,16291
64,4503,hashicorp/terraform,https://github.com/hashicorp/terraform,16121,terraform,16121
65,2075,vim/vim,https://github.com/vim/vim,15978,vim,15978
66,3964,mongodb/mongo,https://github.com/mongodb/mongo,15658,mongo,15658
67,4122,ruby/ruby,https://github.com/ruby/ruby,15491,ruby,15491
68,924,jaredhanson/passport,https://github.com/jaredhanson/passport,15311,pass,15311
69,2633,hashicorp/consul,https://github.com/hashicorp/consul,15310,consul,15310
70,1985,bower/bower,https://github.com/bower/bower,15255,bower,15255
71,1993,jashkenas/coffeescript,https://github.com/jashkenas/coffeescript,15138,coffee,15138
72,1540,github/hub,https://github.com/github/hub,15110,hub,15110
73,1677,jgm/pandoc,https://github.com/jgm/pandoc,14861,pandoc,14861
74,1264,pyenv/pyenv,https://github.com/pyenv/pyenv,14730,pyenv,14730
75,1394,SnapKit/SnapKit,https://github.com/SnapKit/SnapKit,14638,sn,14638
76,1233,kriskowal/q,https://github.com/kriskowal/q,14612,q,14612
77,473,wagoodman/dive,https://github.com/wagoodman/dive,14567,dive,14567
78,1885,mitmproxy/mitmproxy,https://github.com/mitmproxy/mitmproxy,14472,mitmproxy,14472
79,5389,FFmpeg/FFmpeg,https://github.com/FFmpeg/FFmpeg,14269,ffmpeg,14269
80,709,koalaman/shellcheck,https://github.com/koalaman/shellcheck,14042,shellcheck,14042
81,1558,aria2/aria2,https://github.com/aria2/aria2,13912,aria2,13912
82,797,stedolan/jq,https://github.com/stedolan/jq,13888,jq,13888
83,1800,statsd/statsd,https://github.com/statsd/statsd,13836,stat,13836
84,1911,mysqljs/mysql,https://github.com/mysqljs/mysql,13740,mysql,13740
85,2979,sqlmapproject/sqlmap,https://github.com/sqlmapproject/sqlmap,13698,sqlmap,13698
86,2339,eslint/eslint,https://github.com/eslint/eslint,13636,eslint,13636
87,1705,sebastianbergmann/phpunit,https://github.com/sebastianbergmann/phpunit,13447,phpunit,13447
88,2034,kubernetes/minikube,https://github.com/kubernetes/minikube,13347,minikube,13347
89,1048,ncw/rclone,https://github.com/ncw/rclone,13343,rclone,13343
90,1201,labstack/echo,https://github.com/labstack/echo,13242,echo,13242
91,896,tmux/tmux,https://github.com/tmux/tmux,13230,tmux,13230
92,9842,odoo/odoo,https://github.com/odoo/odoo,13108,od,13108
93,885,nicolargo/glances,https://github.com/nicolargo/glances,13105,glances,13105
94,988,crystal-lang/crystal,https://github.com/crystal-lang/crystal,12852,crystal,12852
95,232,sharkdp/bat,https://github.com/sharkdp/bat,12836,bat,12836
96,1576,jeromeetienne/AR.js,https://github.com/jeromeetienne/AR.js,12761,ar,12761
97,2824,curl/curl,https://github.com/curl/curl,12548,curl,12548
98,1082,fish-shell/fish-shell,https://github.com/fish-shell/fish-shell,12526,fish,12526
99,2952,pcottle/learnGitBranching,https://github.com/pcottle/learnGitBranching,12295,git-branch,12295
100,1830,hashicorp/vault,https://github.com/hashicorp/vault,12053,vault,12053
101,893,foreverjs/forever,https://github.com/foreverjs/forever,11986,forever,11986
102,1551,gruntjs/grunt,https://github.com/gruntjs/grunt,11920,grunt,11920
103,974,google/guetzli,https://github.com/google/guetzli,11813,guetzli,11813
104,957,golang/dep,https://github.com/golang/dep,11777,dep,11777
105,1927,sass/sass,https://github.com/sass/sass,11757,sass,11757
106,4416,TheAlgorithms/Java,https://github.com/TheAlgorithms/Java,11664,java,11664
107,853,svg/svgo,https://github.com/svg/svgo,11452,svgo,11452
108,1026,rbenv/rbenv,https://github.com/rbenv/rbenv,11435,rbenv,11435
109,3299,hankcs/HanLP,https://github.com/hankcs/HanLP,11408,lp,11408
110,2667,scala/scala,https://github.com/scala/scala,11386,scala,11386
111,685,tsenart/vegeta,https://github.com/tsenart/vegeta,10982,vegeta,10982
112,1712,Microsoft/dotnet,https://github.com/Microsoft/dotnet,10750,dotnet,10750
113,3504,helm/helm,https://github.com/helm/helm,10748,helm,10748
114,455,zyedidia/micro,https://github.com/zyedidia/micro,10648,micro,10648
115,665,BrowserSync/browser-sync,https://github.com/BrowserSync/browser-sync,10577,browser-sync,10577
116,1150,Flipboard/FLEX,https://github.com/Flipboard/FLEX,10228,flex,10228
117,103206,octocat/Spoon-Knife,https://github.com/octocat/Spoon-Knife,10105,knife,10105
118,239,kdeldycke/awesome-falsehood,https://github.com/kdeldycke/awesome-falsehood,10020,false,10020
119,2677,elastic/logstash,https://github.com/elastic/logstash,9973,logstash,9973
120,1558,processing/p5.js,https://github.com/processing/p5.js,9875,p5,9875
121,4331,openssl/openssl,https://github.com/openssl/openssl,9799,openssl,9799
122,779,rupa/z,https://github.com/rupa/z,9767,z,9767
123,4519,saltstack/salt,https://github.com/saltstack/salt,9754,salt,9754
124,517,filp/whoops,https://github.com/filp/whoops,9697,who,9697
125,650,louischatriot/nedb,https://github.com/louischatriot/nedb,9658,ned,9658
126,1857,Bash-it/bash-it,https://github.com/Bash-it/bash-it,9647,bash,9647
127,1391,locustio/locust,https://github.com/locustio/locust,9645,locust,9645
128,729,infinitered/ignite,https://github.com/infinitered/ignite,9584,ignite,9584
129,810,facebook/zstd,https://github.com/facebook/zstd,9466,zstd,9466
130,1281,mpv-player/mpv,https://github.com/mpv-player/mpv,9429,mpv,9429
131,467,wting/autojump,https://github.com/wting/autojump,9149,autojump,9149
132,1668,daylerees/colour-schemes,https://github.com/daylerees/colour-schemes,9091,scheme,9091
133,229,sharkdp/fd,https://github.com/sharkdp/fd,9008,fd,9008
134,4394,swagger-api/swagger-codegen,https://github.com/swagger-api/swagger-codegen,8971,swagger-codegen,8971
135,1337,envoyproxy/envoy,https://github.com/envoyproxy/envoy,8907,env,8907
136,2546,gradle/gradle,https://github.com/gradle/gradle,8619,gradle,8619
137,537,tachyons-css/tachyons,https://github.com/tachyons-css/tachyons,8619,tac,8619
138,3111,dianping/cat,https://github.com/dianping/cat,8571,cat,8571
139,1170,irungentoo/toxcore,https://github.com/irungentoo/toxcore,8544,tox,8544
140,1725,summernote/summernote,https://github.com/summernote/summernote,8280,sum,8280
141,1807,H07000223/FlycoTabLayout,https://github.com/H07000223/FlycoTabLayout,8253,fly,8253
142,903,vahidk/EffectiveTensorflow,https://github.com/vahidk/EffectiveTensorflow,8234,x_x,8234
143,3156,nginx/nginx,https://github.com/nginx/nginx,8186,nginx,8186
144,511,mobile-shell/mosh,https://github.com/mobile-shell/mosh,8145,mosh,8145
145,274,asciimoo/wuzz,https://github.com/asciimoo/wuzz,8009,wuzz,8009
146,1616,youth5201314/banner,https://github.com/youth5201314/banner,7967,banner,7967
147,1418,ipfs/go-ipfs,https://github.com/ipfs/go-ipfs,7902,ipfs,7902
148,675,javan/whenever,https://github.com/javan/whenever,7877,jobs,7877
149,1085,sivel/speedtest-cli,https://github.com/sivel/speedtest-cli,7816,speedtest-cli,7816
150,1427,mongodb/node-mongodb-native,https://github.com/mongodb/node-mongodb-native,7761,mongod,7761
151,2085,nltk/nltk,https://github.com/nltk/nltk,7565,nl,7565
152,278,aksakalli/gtop,https://github.com/aksakalli/gtop,7487,gtop,7487
153,1041,Valve/fingerprintjs2,https://github.com/Valve/fingerprintjs2,7402,finger,7402
154,431,jonas/tig,https://github.com/jonas/tig,7372,tig,7372
155,3913,cdnjs/cdnjs,https://github.com/cdnjs/cdnjs,7366,cd,7366
156,1663,jupyter/jupyter,https://github.com/jupyter/jupyter,7288,jupyter,7288
157,203,faressoft/terminalizer,https://github.com/faressoft/terminalizer,7199,terminalizer,7199
158,949,Tencent/wcdb,https://github.com/Tencent/wcdb,7086,wc,7086
159,6085,magento/magento2,https://github.com/magento/magento2,7049,magento,7049
160,1350,laobie/StatusBarUtil,https://github.com/laobie/StatusBarUtil,7032,st-util,7032
161,937,dnschneid/crouton,https://github.com/dnschneid/crouton,6993,chroot,6993
162,454,AlDanial/cloc,https://github.com/AlDanial/cloc,6865,cloc,6865
163,586,asciinema/asciinema,https://github.com/asciinema/asciinema,6825,asciinema,6825
164,810,nim-lang/Nim,https://github.com/nim-lang/Nim,6648,nim,6648
165,2006,apache/incubator-skywalking,https://github.com/apache/incubator-skywalking,6519,apm,6519
166,362,cs01/gdbgui,https://github.com/cs01/gdbgui,6431,gdb,6431
167,1059,iovisor/bcc,https://github.com/iovisor/bcc,6418,bc,6418
168,437,phpstan/phpstan,https://github.com/phpstan/phpstan,6411,phpstan,6411
169,527,acaudwell/Gource,https://github.com/acaudwell/Gource,6398,gource,6398
170,923,shipyard/shipyard,https://github.com/shipyard/shipyard,6370,docker-compose,6370
171,327,donnemartin/gitsome,https://github.com/donnemartin/gitsome,6355,gitsome,6355
172,465,restic/restic,https://github.com/restic/restic,6339,restic,6339
173,1468,technomancy/leiningen,https://github.com/technomancy/leiningen,6291,lein,6291
174,818,laravel/lumen,https://github.com/laravel/lumen,6136,lumen,6136
175,383,dylanaraps/neofetch,https://github.com/dylanaraps/neofetch,6069,neofetch,6069
176,190,ogham/exa,https://github.com/ogham/exa,6047,exa,6047
177,190,ogham/exa,https://github.com/ogham/exa,6047,ls,6047
178,348,HackerNews/API,https://github.com/HackerNews/API,5980,hn,5980
179,1546,Tencent/ncnn,https://github.com/Tencent/ncnn,5847,nc,5847
180,1218,pxb1988/dex2jar,https://github.com/pxb1988/dex2jar,5839,jar,5839
181,23740,barryclark/jekyll-now,https://github.com/barryclark/jekyll-now,5839,now,5839
182,344,bup/bup,https://github.com/bup/bup,5833,bup,5833
183,669,fmtlib/fmt,https://github.com/fmtlib/fmt,5549,fmt,5549
184,669,fmtlib/fmt,https://github.com/fmtlib/fmt,5549,printf,5549
185,145,sindresorhus/fkill-cli,https://github.com/sindresorhus/fkill-cli,5542,fkill,5542
186,1183,mzlogin/awesome-adb,https://github.com/mzlogin/awesome-adb,5507,adb,5507
187,2192,carpedm20/DCGAN-tensorflow,https://github.com/carpedm20/DCGAN-tensorflow,5501,dc,5501
188,161,jayphelps/git-blame-someone-else,https://github.com/jayphelps/git-blame-someone-else,5410,git-blame,5410
189,1727,pypa/pip,https://github.com/pypa/pip,5281,pip,5281
190,614,gdrive-org/gdrive,https://github.com/gdrive-org/gdrive,5167,gdrive,5167
191,730,sparklemotion/nokogiri,https://github.com/sparklemotion/nokogiri,5120,nokogiri,5120
192,831,major/MySQLTuner-perl,https://github.com/major/MySQLTuner-perl,5107,perl,5107
193,518,ReactTraining/history,https://github.com/ReactTraining/history,5095,history,5095
194,642,mafintosh/peerflix,https://github.com/mafintosh/peerflix,5084,peerflix,5084
195,736,beanstalkd/beanstalkd,https://github.com/beanstalkd/beanstalkd,4986,beanstalkd,4986
196,874,palantir/tslint,https://github.com/palantir/tslint,4887,tslint,4887
197,388,amoffat/sh,https://github.com/amoffat/sh,4880,sh,4880
198,812,ag-grid/ag-grid,https://github.com/ag-grid/ag-grid,4878,ag,4878
199,2195,yiisoft/yii,https://github.com/yiisoft/yii,4855,php-yii,4855
200,230,loadimpact/k6,https://github.com/loadimpact/k6,4854,k6,4854
201,720,magicmonty/bash-git-prompt,https://github.com/magicmonty/bash-git-prompt,4800,git-pr,4800
202,190,dylang/npm-check,https://github.com/dylang/npm-check,4790,npm-check,4790
203,375,radareorg/cutter,https://github.com/radareorg/cutter,4706,cut,4706
204,393,borgbackup/borg,https://github.com/borgbackup/borg,4693,borg,4693
205,143,ericchiang/pup,https://github.com/ericchiang/pup,4670,pup,4670
206,326,schollz/find,https://github.com/schollz/find,4640,find,4640
207,2180,careercup/CtCI-6th-Edition,https://github.com/careercup/CtCI-6th-Edition,4614,ed,4614
208,148,lebab/lebab,https://github.com/lebab/lebab,4610,lebab,4610
209,1084,google/seq2seq,https://github.com/google/seq2seq,4610,seq,4610
210,328,mawww/kakoune,https://github.com/mawww/kakoune,4554,kak,4554
211,609,google/gumbo-parser,https://github.com/google/gumbo-parser,4499,c99,4499
212,2026,bundler/bundler,https://github.com/bundler/bundler,4491,bundle,4491
213,411,mattt/Surge,https://github.com/mattt/Surge,4400,surge,4400
214,210,xojs/xo,https://github.com/xojs/xo,4388,xo,4388
215,521,CSSLint/csslint,https://github.com/CSSLint/csslint,4361,csslint,4361
216,668,wix/Detox,https://github.com/wix/Detox,4301,detox,4301
217,659,mruby/mruby,https://github.com/mruby/mruby,4278,mr,4278
218,334,gobuffalo/buffalo,https://github.com/gobuffalo/buffalo,4183,w,4183
219,916,olado/doT,https://github.com/olado/doT,4172,dot,4172
220,944,rvm/rvm,https://github.com/rvm/rvm,4165,rvm,4165
221,822,apache/couchdb,https://github.com/apache/couchdb,4130,couchdb,4130
222,907,rust-lang/cargo,https://github.com/rust-lang/cargo,4104,cargo,4104
223,134,BurntSushi/xsv,https://github.com/BurntSushi/xsv,4103,xsv,4103
224,1526,bbfamily/abu,https://github.com/bbfamily/abu,4059,ab,4059
225,912,zfsonlinux/zfs,https://github.com/zfsonlinux/zfs,4045,zfs,4045
226,230,Shougo/deoplete.nvim,https://github.com/Shougo/deoplete.nvim,4037,nvim,4037
227,300,Microsoft/language-server-protocol,https://github.com/Microsoft/language-server-protocol,4014,protoc,4014
228,280,jonls/redshift,https://github.com/jonls/redshift,4005,redshift,4005
229,1275,assimp/assimp,https://github.com/assimp/assimp,3994,assimp,3994
230,1721,mattbryson/TouchSwipe-Jquery-Plugin,https://github.com/mattbryson/TouchSwipe-Jquery-Plugin,3954,touch,3954
231,995,bingoogolapple/BGARefreshLayout-Android,https://github.com/bingoogolapple/BGARefreshLayout-Android,3918,bg,3918
232,954,pytest-dev/pytest,https://github.com/pytest-dev/pytest,3896,test,3896
233,2839,baidu-ife/ife,https://github.com/baidu-ife/ife,3884,if,3884
234,501,chjj/tty.js,https://github.com/chjj/tty.js,3878,tty,3878
235,194,michael-lazar/rtv,https://github.com/michael-lazar/rtv,3862,rtv,3862
236,992,minetest/minetest,https://github.com/minetest/minetest,3832,minetest,3832
237,892,Microsoft/msbuild,https://github.com/Microsoft/msbuild,3813,msbuild,3813
238,415,tabulapdf/tabula,https://github.com/tabulapdf/tabula,3804,tabula,3804
239,612,lz4/lz4,https://github.com/lz4/lz4,3724,lz4,3724
240,291,kubernetes/kompose,https://github.com/kubernetes/kompose,3704,kompose,3704
241,983,lightningnetwork/lnd,https://github.com/lightningnetwork/lnd,3694,ln,3694
242,216,ahmetb/kubectx,https://github.com/ahmetb/kubectx,3640,kubectx,3640
243,1805,orvice/ss-panel,https://github.com/orvice/ss-panel,3631,rm,3631
244,13195,Pierian-Data/Complete-Python-3-Bootcamp,https://github.com/Pierian-Data/Complete-Python-3-Bootcamp,3621,complete,3621
245,545,PyCQA/pycodestyle,https://github.com/PyCQA/pycodestyle,3605,pycodestyle,3605
246,199,jorgebucaran/fisher,https://github.com/jorgebucaran/fisher,3545,fisher,3545
247,427,upx/upx,https://github.com/upx/upx,3530,upx,3530
248,316,maebert/jrnl,https://github.com/maebert/jrnl,3505,jrnl,3505
249,723,fzaninotto/uptime,https://github.com/fzaninotto/uptime,3505,uptime,3505
250,374,mscdex/ssh2,https://github.com/mscdex/ssh2,3419,ssh,3419
251,753,Manabu-GT/ExpandableTextView,https://github.com/Manabu-GT/ExpandableTextView,3407,expand,3407
252,116,busyloop/lolcat,https://github.com/busyloop/lolcat,3400,lolcat,3400
253,426,dart-lang/sdk,https://github.com/dart-lang/sdk,3342,sdk,3342
254,431,OptiKey/OptiKey,https://github.com/OptiKey/OptiKey,3314,opt,3314
255,1717,spesmilo/electrum,https://github.com/spesmilo/electrum,3310,electrum,3310
256,1415,inuyaksa/jquery.nicescroll,https://github.com/inuyaksa/jquery.nicescroll,3291,nice,3291
257,798,vishnubob/wait-for-it,https://github.com/vishnubob/wait-for-it,3286,wait,3286
258,172,visit1985/mdp,https://github.com/visit1985/mdp,3284,mdp,3284
259,779,aboul3la/Sublist3r,https://github.com/aboul3la/Sublist3r,3224,subl,3224
260,650,erincatto/Box2D,https://github.com/erincatto/Box2D,3212,box,3212
261,366,Quick/Nimble,https://github.com/Quick/Nimble,3180,nimble,3180
262,300,defunkt/gist,https://github.com/defunkt/gist,3173,gist,3173
263,210,grosser/parallel,https://github.com/grosser/parallel,3172,parallel,3172
264,926,bytedeco/javacv,https://github.com/bytedeco/javacv,3162,javac,3162
265,1714,apigy/selfstarter,https://github.com/apigy/selfstarter,3134,roll,3134
266,617,mattn/go-sqlite3,https://github.com/mattn/go-sqlite3,3117,sqlite3,3117
267,1315,chromium/chromium,https://github.com/chromium/chromium,3093,chromium,3093
268,416,thoughtbot/clearance,https://github.com/thoughtbot/clearance,3078,clear,3078
269,674,commercialhaskell/stack,https://github.com/commercialhaskell/stack,3032,stack,3032
270,108,json5/json5,https://github.com/json5/json5,3007,json5,3007
271,731,pypa/virtualenv,https://github.com/pypa/virtualenv,3000,virtualenv,3000
272,204,cujojs/most,https://github.com/cujojs/most,2996,most,2996
273,1036,intljusticemission/react-big-calendar,https://github.com/intljusticemission/react-big-calendar,2990,gcal,2990
274,170,cruisediary/Pastel,https://github.com/cruisediary/Pastel,2958,paste,2958
275,75,variadico/noti,https://github.com/variadico/noti,2950,noti,2950
276,253,orakaro/rainbowstream,https://github.com/orakaro/rainbowstream,2936,rainbowstream,2936
277,286,voormedia/rails-erd,https://github.com/voormedia/rails-erd,2920,rails-generate,2920
278,1007,nmap/nmap,https://github.com/nmap/nmap,2859,nmap,2859
279,479,sullo/nikto,https://github.com/sullo/nikto,2850,nikto,2850
280,122,astoilkov/jsblocks,https://github.com/astoilkov/jsblocks,2824,mv,2824
281,700,conda/conda,https://github.com/conda/conda,2803,conda,2803
282,599,clientIO/joint,https://github.com/clientIO/joint,2769,join,2769
283,187,pyenv/pyenv-virtualenv,https://github.com/pyenv/pyenv-virtualenv,2763,pyenv-virtualenv,2763
284,387,play/play,https://github.com/play/play,2743,play,2743
285,492,chrismiles/CMPopTipView,https://github.com/chrismiles/CMPopTipView,2731,cmp,2731
286,185,tianon/gosu,https://github.com/tianon/gosu,2707,exec,2707
287,191,emcrisostomo/fswatch,https://github.com/emcrisostomo/fswatch,2681,fswatch,2681
288,241,ariok/BWWalkthrough,https://github.com/ariok/BWWalkthrough,2650,bw,2650
289,312,tapio/live-server,https://github.com/tapio/live-server,2641,live-server,2641
290,54,sharkdp/hyperfine,https://github.com/sharkdp/hyperfine,2634,hyperfine,2634
291,242,Kozea/WeasyPrint,https://github.com/Kozea/WeasyPrint,2605,weasyprint,2605
292,1315,apache/cordova-android,https://github.com/apache/cordova-android,2600,cordova,2600
293,1404,gcc-mirror/gcc,https://github.com/gcc-mirror/gcc,2553,gcc,2553
294,2408,poole/hyde,https://github.com/poole/hyde,2486,column,2486
295,358,KittyKatt/screenFetch,https://github.com/KittyKatt/screenFetch,2475,screenfetch,2475
296,92,decaffeinate/decaffeinate,https://github.com/decaffeinate/decaffeinate,2468,decaffeinate,2468
297,110,anishathalye/git-remote-dropbox,https://github.com/anishathalye/git-remote-dropbox,2426,git-remote,2426
298,109,zkat/npx,https://github.com/zkat/npx,2422,npx,2422
299,348,tboox/tbox,https://github.com/tboox/tbox,2404,tb,2404
300,673,doxygen/doxygen,https://github.com/doxygen/doxygen,2393,doxygen,2393
301,184,libfuse/sshfs,https://github.com/libfuse/sshfs,2388,sshfs,2388
302,2093,qemu/qemu,https://github.com/qemu/qemu,2372,qemu,2372
303,339,rust-lang/rustup.rs,https://github.com/rust-lang/rustup.rs,2351,rustup,2351
304,410,NixOS/nix,https://github.com/NixOS/nix,2321,nix,2321
305,6705,MicrosoftDocs/azure-docs,https://github.com/MicrosoftDocs/azure-docs,2315,az,2315
306,195,3lvis/Sync,https://github.com/3lvis/Sync,2311,sync,2311
307,1346,llvm-mirror/clang,https://github.com/llvm-mirror/clang,2295,clang,2295
308,591,lua/lua,https://github.com/lua/lua,2287,lua,2287
309,1511,MasteringOpenCV/code,https://github.com/MasteringOpenCV/code,2241,code,2241
310,314,splitrb/split,https://github.com/splitrb/split,2241,split,2241
311,756,andelf/fuck12306,https://github.com/andelf/fuck12306,2238,fuck,2238
312,786,dankogai/js-base64,https://github.com/dankogai/js-base64,2230,base64,2230
313,1097,Kitware/CMake,https://github.com/Kitware/CMake,2230,cmake,2230
314,376,seebi/dircolors-solarized,https://github.com/seebi/dircolors-solarized,2194,dircolors,2194
315,397,rust-lang/rustfmt,https://github.com/rust-lang/rustfmt,2117,rustfmt,2117
316,594,ghc/ghc,https://github.com/ghc/ghc,2112,ghc,2112
317,656,danmar/cppcheck,https://github.com/danmar/cppcheck,2109,cppcheck,2109
318,855,ryanb/dotfiles,https://github.com/ryanb/dotfiles,2097,git-config,2097
319,562,esnet/iperf,https://github.com/esnet/iperf,2096,iperf,2096
320,562,esnet/iperf,https://github.com/esnet/iperf,2096,iperf3,2096
321,461,cowrie/cowrie,https://github.com/cowrie/cowrie,2052,telnet,2052
322,327,yesodweb/yesod,https://github.com/yesodweb/yesod,2050,yes,2050
323,327,yesodweb/yesod,https://github.com/yesodweb/yesod,2050,yesod,2050
324,180,substack/node-mkdirp,https://github.com/substack/node-mkdirp,2047,mkdir,2047
325,581,maurosoria/dirsearch,https://github.com/maurosoria/dirsearch,2045,dirs,2045
326,166,flitbit/diff,https://github.com/flitbit/diff,2020,diff,2020
327,379,composer/satis,https://github.com/composer/satis,2009,satis,2009
328,263,nefarius/ScpToolkit,https://github.com/nefarius/ScpToolkit,1999,scp,1999
329,212,ashtuchkin/iconv-lite,https://github.com/ashtuchkin/iconv-lite,1960,iconv,1960
330,946,drush-ops/drush,https://github.com/drush-ops/drush,1951,drush,1951
331,265,irssi/irssi,https://github.com/irssi/irssi,1935,irssi,1935
332,1305,docker-library/php,https://github.com/docker-library/php,1925,php,1925
333,220,diafygi/gethttpsforfree,https://github.com/diafygi/gethttpsforfree,1885,geth,1885
334,102,mhagger/git-imerge,https://github.com/mhagger/git-imerge,1877,git-imerge,1877
335,102,mhagger/git-imerge,https://github.com/mhagger/git-imerge,1877,git-merge,1877
336,428,killbill/killbill,https://github.com/killbill/killbill,1869,kill,1869
337,751,openstreetmap/iD,https://github.com/openstreetmap/iD,1861,id,1861
338,131,XAMPPRocky/tokei,https://github.com/XAMPPRocky/tokei,1847,tokei,1847
339,1313,remy/mit-license,https://github.com/remy/mit-license,1786,license,1786
340,101,arc90/git-sweep,https://github.com/arc90/git-sweep,1778,git-clean,1778
341,648,pieter/gitx,https://github.com/pieter/gitx,1765,gitk,1765
342,629,cloudfoundry/bosh,https://github.com/cloudfoundry/bosh,1747,bosh,1747
343,148,sebastianbergmann/phpcpd,https://github.com/sebastianbergmann/phpcpd,1740,phpcpd,1740
344,261,tensorflow/fold,https://github.com/tensorflow/fold,1735,fold,1735
345,295,Diaoul/subliminal,https://github.com/Diaoul/subliminal,1734,subliminal,1734
346,763,aistrate/AlgorithmsSedgewick,https://github.com/aistrate/AlgorithmsSedgewick,1733,sed,1733
347,76,go-task/task,https://github.com/go-task/task,1731,task,1731
348,85,fogleman/pt,https://github.com/fogleman/pt,1720,pt,1720
349,127,kohler/gifsicle,https://github.com/kohler/gifsicle,1681,gifsicle,1681
350,145,sebastianbergmann/phploc,https://github.com/sebastianbergmann/phploc,1675,phploc,1675
351,259,metabrainz/picard,https://github.com/metabrainz/picard,1674,picard,1674
352,87,zquestz/s,https://github.com/zquestz/s,1639,s,1639
353,194,tdryer/hangups,https://github.com/tdryer/hangups,1620,hangups,1620
354,161,HamzaGhazouani/HGCircularSlider,https://github.com/HamzaGhazouani/HGCircularSlider,1615,hg,1615
355,186,orangeduck/mpc,https://github.com/orangeduck/mpc,1615,mpc,1615
356,336,YongHaoWu/NeteaseCloudMusicFlac,https://github.com/YongHaoWu/NeteaseCloudMusicFlac,1587,flac,1587
357,412,woai30231/http,https://github.com/woai30231/http,1575,http,1575
358,230,laurent22/rsync-time-backup,https://github.com/laurent22/rsync-time-backup,1556,rsync,1556
359,241,marmelroy/Zip,https://github.com/marmelroy/Zip,1525,zip,1525
360,236,montagejs/montage,https://github.com/montagejs/montage,1517,montage,1517
361,158,edenhill/kafkacat,https://github.com/edenhill/kafkacat,1513,kafkacat,1513
362,194,morelinq/MoreLINQ,https://github.com/morelinq/MoreLINQ,1508,more,1508
363,226,jenssegers/date,https://github.com/jenssegers/date,1498,date,1498
364,102,RichiH/vcsh,https://github.com/RichiH/vcsh,1496,vcsh,1496
365,147,beyondgrep/ack2,https://github.com/beyondgrep/ack2,1471,ack,1471
366,349,brow/leaves,https://github.com/brow/leaves,1468,leave,1468
367,1228,x0rz/EQGRP_Lost_in_Translation,https://github.com/x0rz/EQGRP_Lost_in_Translation,1458,gpg,1458
368,1228,x0rz/EQGRP_Lost_in_Translation,https://github.com/x0rz/EQGRP_Lost_in_Translation,1458,tar,1458
369,1228,x0rz/EQGRP_Lost_in_Translation,https://github.com/x0rz/EQGRP_Lost_in_Translation,1458,xz,1458
370,130,fcambus/ansiweather,https://github.com/fcambus/ansiweather,1447,ansiweather,1447
371,229,Yaffle/EventSource,https://github.com/Yaffle/EventSource,1442,tr,1442
372,43,github/git-sizer,https://github.com/github/git-sizer,1431,git-sizer,1431
373,81,andmarti1424/sc-im,https://github.com/andmarti1424/sc-im,1407,sc-im,1407
374,243,huyng/bashmarks,https://github.com/huyng/bashmarks,1402,bashmarks,1402
375,192,flatiron/cradle,https://github.com/flatiron/cradle,1398,cradle,1398
376,239,mtoyoda/sl,https://github.com/mtoyoda/sl,1396,sl,1396
377,139,ptaoussanis/sente,https://github.com/ptaoussanis/sente,1389,comm,1389
378,284,hpcloud/tail,https://github.com/hpcloud/tail,1373,tail,1373
379,125,drduh/pwd.sh,https://github.com/drduh/pwd.sh,1353,pwd,1353
380,108,Pana/nrm,https://github.com/Pana/nrm,1345,nrm,1345
381,132,fortunejs/fortune,https://github.com/fortunejs/fortune,1344,fortune,1344
382,1151,lede-project/source,https://github.com/lede-project/source,1342,source,1342
383,146,DesignRevision/shards-ui,https://github.com/DesignRevision/shards-ui,1336,shards,1336
384,441,caoxinyu/RedisClient,https://github.com/caoxinyu/RedisClient,1334,redis-cli,1334
385,128,yyx990803/pod,https://github.com/yyx990803/pod,1326,git-push,1326
386,89,mduvall/grande.js,https://github.com/mduvall/grande.js,1315,pinky,1315
387,229,dabeaz/ply,https://github.com/dabeaz/ply,1298,lex,1298
388,53,simonwhitaker/gibo,https://github.com/simonwhitaker/gibo,1297,gibo,1297
389,139,electron/asar,https://github.com/electron/asar,1269,asar,1269
390,97,rodi01/RenameIt,https://github.com/rodi01/RenameIt,1265,rename,1265
391,243,gekitz/UIDevice-with-UniqueIdentifier-for-iOS-5,https://github.com/gekitz/UIDevice-with-UniqueIdentifier-for-iOS-5,1254,uniq,1254
392,860,dcloudio/casecode,https://github.com/dcloudio/casecode,1243,case,1243
393,127,johanhaleby/kubetail,https://github.com/johanhaleby/kubetail,1243,kubetail,1243
394,152,subfinder/subfinder,https://github.com/subfinder/subfinder,1226,subfinder,1226
395,234,imapsync/imapsync,https://github.com/imapsync/imapsync,1224,imapsync,1224
396,122,keybase/kbfs,https://github.com/keybase/kbfs,1213,keybase,1213
397,336,mlr-org/mlr,https://github.com/mlr-org/mlr,1198,mlr,1198
398,1207,spring-projects/spring-batch,https://github.com/spring-projects/spring-batch,1192,batch,1192
399,301,funny/link,https://github.com/funny/link,1177,link,1177
400,431,linkedin/WhereHows,https://github.com/linkedin/WhereHows,1168,where,1168
401,90,madler/pigz,https://github.com/madler/pigz,1165,pigz,1165
402,725,apache/drill,https://github.com/apache/drill,1143,drill,1143
403,175,apache/nano,https://github.com/apache/nano,1140,nano,1140
404,80,andreafrancia/trash-cli,https://github.com/andreafrancia/trash-cli,1122,trash-cli,1122
405,89,cgag/loc,https://github.com/cgag/loc,1113,loc,1113
406,210,traviscross/mtr,https://github.com/traviscross/mtr,1110,mtr,1110
407,342,filoe/cscore,https://github.com/filoe/cscore,1087,csc,1087
408,191,kubernetes/kubeadm,https://github.com/kubernetes/kubeadm,1081,kubeadm,1081
409,262,sylabs/singularity,https://github.com/sylabs/singularity,1079,singularity,1079
410,305,berkshelf/berkshelf,https://github.com/berkshelf/berkshelf,1078,berks,1078
411,446,Chainfire/libsuperuser,https://github.com/Chainfire/libsuperuser,1076,su,1076
412,683,chef-cookbooks/docker,https://github.com/chef-cookbooks/docker,1053,docker,1053
413,217,rs/pushd,https://github.com/rs/pushd,1043,pushd,1043
414,104,kimsungwhee/KSHObjcUML,https://github.com/kimsungwhee/KSHObjcUML,1006,ksh,1006
415,103,PhilippC/keepass2android,https://github.com/PhilippC/keepass2android,1003,keepass2,1003
416,468,haskell/cabal,https://github.com/haskell/cabal,1002,cabal,1002
417,299,phingofficial/phing,https://github.com/phingofficial/phing,970,phing,970
418,82,rfjakob/gocryptfs,https://github.com/rfjakob/gocryptfs,968,gocryptfs,968
419,35,bcicen/slackcat,https://github.com/bcicen/slackcat,966,slackcat,966
420,447,the-tcpdump-group/tcpdump,https://github.com/the-tcpdump-group/tcpdump,962,tcpdump,962
421,224,google/python-adb,https://github.com/google/python-adb,960,fastboot,960
422,109,adrianlopezroche/fdupes,https://github.com/adrianlopezroche/fdupes,957,fdupes,957
423,118,ochinchina/supervisord,https://github.com/ochinchina/supervisord,957,supervisord,957
424,129,mix-php/mix,https://github.com/mix-php/mix,943,mix,943
425,359,MidnightCommander/mc,https://github.com/MidnightCommander/mc,941,mc,941
426,141,twolfson/sexy-bash-prompt,https://github.com/twolfson/sexy-bash-prompt,931,git-status,931
427,164,mpeterv/luacheck,https://github.com/mpeterv/luacheck,928,luac,928
428,62,stevemao/awesome-git-addons,https://github.com/stevemao/awesome-git-addons,926,git-add,926
429,267,chrisbanes/gradle-mvn-push,https://github.com/chrisbanes/gradle-mvn-push,923,mvn,923
430,72,sickill/git-dude,https://github.com/sickill/git-dude,921,git-commit,921
431,253,djcb/mu,https://github.com/djcb/mu,919,guile,919
432,93,google/skicka,https://github.com/google/skicka,905,skicka,905
433,97,Microsoft/vscode-pull-request-github,https://github.com/Microsoft/vscode-pull-request-github,904,git-pull,904
434,132,axel-download-accelerator/axel,https://github.com/axel-download-accelerator/axel,903,axel,903
435,26,zevv/lsofgraph,https://github.com/zevv/lsofgraph,894,lsof,894
436,47,sangupta/ps,https://github.com/sangupta/ps,894,ps,894
437,115,beautifulcode/ssh-copy-id-for-OSX,https://github.com/beautifulcode/ssh-copy-id-for-OSX,887,ssh-copy-id,887
438,37,neugram/ng,https://github.com/neugram/ng,877,ng,877
439,42,RazrFalcon/svgcleaner,https://github.com/RazrFalcon/svgcleaner,856,svgcleaner,856
440,64,tolitius/mount,https://github.com/tolitius/mount,854,mount,854
441,167,seblucas/cops,https://github.com/seblucas/cops,842,calibre-server,842
442,489,elastic/ansible-elasticsearch,https://github.com/elastic/ansible-elasticsearch,837,ansible-playbook,837
443,23191,jlord/patchwork,https://github.com/jlord/patchwork,836,patch,836
444,90,phpenv/phpenv,https://github.com/phpenv/phpenv,808,phpenv,808
445,138,nicklockwood/GZIP,https://github.com/nicklockwood/GZIP,802,gzip,802
446,66,tjko/jpegoptim,https://github.com/tjko/jpegoptim,800,jpegoptim,800
447,89,lxqt/lxqt,https://github.com/lxqt/lxqt,799,git-checkout,799
448,89,lxqt/lxqt,https://github.com/lxqt/lxqt,799,git-submodule,799
449,271,abewley/sort,https://github.com/abewley/sort,797,sort,797
450,65,infection/infection,https://github.com/infection/infection,794,infection,794
451,473,marcel/aws-s3,https://github.com/marcel/aws-s3,792,aws-s3,792
452,244,commonmark/cmark,https://github.com/commonmark/cmark,792,cmark,792
453,132,benmatselby/sublime-phpcs,https://github.com/benmatselby/sublime-phpcs,792,phpcs,792
454,153,alseambusher/crontab-ui,https://github.com/alseambusher/crontab-ui,779,crontab,779
455,33,square/apropos,https://github.com/square/apropos,776,apropos,776
456,25,mafintosh/airpaste,https://github.com/mafintosh/airpaste,765,airpaste,765
457,58,jmapio/jmap,https://github.com/jmapio/jmap,764,jmap,764
458,372,bradjasper/ImportJSON,https://github.com/bradjasper/ImportJSON,761,import,761
459,80,DMarby/picsum-photos,https://github.com/DMarby/picsum-photos,756,lorem,756
460,121,factor/factor,https://github.com/factor/factor,753,factor,753
461,103,adlogix/docker-machine-nfs,https://github.com/adlogix/docker-machine-nfs,751,docker-machine,751
462,159,seanliang/ConvertToUTF8,https://github.com/seanliang/ConvertToUTF8,735,convert,735
463,374,samtools/samtools,https://github.com/samtools/samtools,735,samtools,735
464,100,PyCQA/pyflakes,https://github.com/PyCQA/pyflakes,702,pyflakes,702
465,121,arybczak/ncmpcpp,https://github.com/arybczak/ncmpcpp,694,ncmpcpp,694
466,305,libav/libav,https://github.com/libav/libav,689,git-clone,689
467,26,amatsuda/traceroute,https://github.com/amatsuda/traceroute,674,traceroute,674
468,176,ifsnop/mysqldump-php,https://github.com/ifsnop/mysqldump-php,673,mysqldump,673
469,45,uber-go/dig,https://github.com/uber-go/dig,648,dig,648
470,218,RefugeRestrooms/refugerestrooms,https://github.com/RefugeRestrooms/refugerestrooms,635,trans,635
471,78,qpdf/qpdf,https://github.com/qpdf/qpdf,632,qpdf,632
472,28,paypal/gnomon,https://github.com/paypal/gnomon,628,gnomon,628
473,26,cbednarski/hostess,https://github.com/cbednarski/hostess,627,hostess,627
474,42,shurcooL/markdownfmt,https://github.com/shurcooL/markdownfmt,623,gofmt,623
475,51,mschwager/dhcpwn,https://github.com/mschwager/dhcpwn,622,dhcpwn,622
476,176,neo4j-contrib/spatial,https://github.com/neo4j-contrib/spatial,615,spatial,615
477,140,tuesda/Watch,https://github.com/tuesda/Watch,615,watch,615
478,191,palash1992/GEM,https://github.com/palash1992/GEM,612,gem,612
479,364,PaulStoffregen/Time,https://github.com/PaulStoffregen/Time,607,time,607
480,178,mozilla/web-ext,https://github.com/mozilla/web-ext,600,web-ext,600
481,439,OP-TEE/optee_os,https://github.com/OP-TEE/optee_os,593,tee,593
482,154,gdavis/FGallery-iPhone,https://github.com/gdavis/FGallery-iPhone,592,fg,592
483,1628,heroku/heroku-buildpack-ruby,https://github.com/heroku/heroku-buildpack-ruby,590,heroku,590
484,120,gpac/mp4box.js,https://github.com/gpac/mp4box.js,585,mp4box,585
485,70,pimutils/vdirsyncer,https://github.com/pimutils/vdirsyncer,575,vdir,575
486,143,wuzhouhui/awk,https://github.com/wuzhouhui/awk,574,awk,574
487,354,erlcloud/erlcloud,https://github.com/erlcloud/erlcloud,568,erl,568
488,138,neurobin/shc,https://github.com/neurobin/shc,568,shc,568
489,390,Antonioya/blender,https://github.com/Antonioya/blender,566,blender,566
490,175,LaravelRUS/SleepingOwlAdmin,https://github.com/LaravelRUS/SleepingOwlAdmin,548,sleep,548
491,48,fatih/set,https://github.com/fatih/set,541,set,541
492,181,microweber/screen,https://github.com/microweber/screen,512,screen,512
493,208,arq5x/bedtools2,https://github.com/arq5x/bedtools2,509,bedtools,509
494,153,ansible/galaxy,https://github.com/ansible/galaxy,499,ansible-galaxy,499
495,404,oooldking/script,https://github.com/oooldking/script,493,script,493
496,148,ypresto/android-transcoder,https://github.com/ypresto/android-transcoder,493,transcode,493
497,117,mcollina/ascoltatori,https://github.com/mcollina/ascoltatori,482,mosquitto_pub,482
498,117,mcollina/ascoltatori,https://github.com/mcollina/ascoltatori,482,mosquitto_sub,482
499,92,inkscape/inkscape,https://github.com/inkscape/inkscape,477,inkscape,477
500,60,iosphere/ISHPullUp,https://github.com/iosphere/ISHPullUp,475,is-up,475
501,101,piuccio/cowsay,https://github.com/piuccio/cowsay,466,cowsay,466
502,73,slince/spike,https://github.com/slince/spike,465,spike,465
503,136,peng8350/JPSpringMenu,https://github.com/peng8350/JPSpringMenu,461,jps,461
504,271,ujifgc/pagedown,https://github.com/ujifgc/pagedown,456,hg-clone,456
505,291,CakeDC/users,https://github.com/CakeDC/users,453,users,453
506,82,mikehaertl/php-pdftk,https://github.com/mikehaertl/php-pdftk,452,pdftk,452
507,178,jlaffaye/ftp,https://github.com/jlaffaye/ftp,447,ftp,447
508,286,atmoz/sftp,https://github.com/atmoz/sftp,442,sftp,442
509,43,graymeta/stow,https://github.com/graymeta/stow,438,stow,438
510,153,file/file,https://github.com/file/file,432,file,432
511,187,Homebrew/install,https://github.com/Homebrew/install,424,install,424
512,117,schweikert/fping,https://github.com/schweikert/fping,393,fping,393
513,100,thethemefoundry/make,https://github.com/thethemefoundry/make,391,make,391
514,160,JacksonTian/ping,https://github.com/JacksonTian/ping,390,ping,390
515,116,craSH/socat,https://github.com/craSH/socat,390,socat,390
516,39,myint/cppclean,https://github.com/myint/cppclean,389,cppclean,389
517,471,chef-cookbooks/aws,https://github.com/chef-cookbooks/aws,383,aws,383
518,120,kubernetes/kubectl,https://github.com/kubernetes/kubectl,383,kubectl,383
519,223,farmingyard/ShuffleNet,https://github.com/farmingyard/ShuffleNet,370,shuf,370
520,46,hashicorp/consul-replicate,https://github.com/hashicorp/consul-replicate,363,consul-kv,363
521,56,SteamDatabase/steamdb.info,https://github.com/SteamDatabase/steamdb.info,358,st-info,358
522,73,rust-lang/rustc-guide,https://github.com/rust-lang/rustc-guide,355,rustc,355
523,250,rhdunn/espeak,https://github.com/rhdunn/espeak,339,espeak,339
524,82,ViciousPotato/safaribooks,https://github.com/ViciousPotato/safaribooks,329,ebook-convert,329
525,336,dmpe/R,https://github.com/dmpe/R,327,r,327
526,99,sparkalow/angular-truncate,https://github.com/sparkalow/angular-truncate,326,truncate,326
527,41,jpr5/ngrep,https://github.com/jpr5/ngrep,318,ngrep,318
528,27,cbbrowne/tpp,https://github.com/cbbrowne/tpp,316,tpp,316
529,41,route/mogrify,https://github.com/route/mogrify,315,mogrify,315
530,49,pshved/timeout,https://github.com/pshved/timeout,310,timeout,310
531,104,altercation/mutt-colors-solarized,https://github.com/altercation/mutt-colors-solarized,308,mutt,308
532,43,flok99/httping,https://github.com/flok99/httping,303,httping,303
533,34,koct9i/ioping,https://github.com/koct9i/ioping,302,ioping,302
534,121,chrisboyle/sgtpuzzles,https://github.com/chrisboyle/sgtpuzzles,297,git-fetch,297
535,98,tcnksm/docker-alias,https://github.com/tcnksm/docker-alias,296,alias,296
536,163,mirror/dd-wrt,https://github.com/mirror/dd-wrt,295,dd,295
537,60,spwhitton/git-remote-gcrypt,https://github.com/spwhitton/git-remote-gcrypt,288,git-gc,288
538,63,RiotGear/rg,https://github.com/RiotGear/rg,285,rg,285
539,56,fsphil/fswebcam,https://github.com/fsphil/fswebcam,284,fswebcam,284
540,69,sparanoid/7z,https://github.com/sparanoid/7z,279,7z,279
541,245,ndeet/unzipper,https://github.com/ndeet/unzipper,275,unzip,275
542,12,martanne/abduco,https://github.com/martanne/abduco,273,abduco,273
543,262,p4lang/tutorials,https://github.com/p4lang/tutorials,272,p4,272
544,37,timonwong/SublimeAStyleFormatter,https://github.com/timonwong/SublimeAStyleFormatter,269,astyle,269
545,62,guileen/node-sendmail,https://github.com/guileen/node-sendmail,262,sendmail,262
546,53,MediaArea/MediaInfo,https://github.com/MediaArea/MediaInfo,260,mediainfo,260
547,27,mthli/Mount,https://github.com/mthli/Mount,260,umount,260
548,52,aliyun/aliyun-odps-python-sdk,https://github.com/aliyun/aliyun-odps-python-sdk,257,odps,257
549,75,dfaker/df,https://github.com/dfaker/df,256,df,256
550,38,pandastrike/shred,https://github.com/pandastrike/shred,254,shred,254
551,43,stefankueng/grepWin,https://github.com/stefankueng/grepWin,253,grep,253
552,28,albacoretuna/moro,https://github.com/albacoretuna/moro,252,moro,252
553,65,bravobit/FFmpeg-Android,https://github.com/bravobit/FFmpeg-Android,250,ffprobe,250
554,87,jythontools/jython,https://github.com/jythontools/jython,246,hg-pull,246
555,87,jythontools/jython,https://github.com/jythontools/jython,246,hg-push,246
556,40,larsxschneider/ShowInGitHub,https://github.com/larsxschneider/ShowInGitHub,241,git-show,241
557,23,phar-io/phive,https://github.com/phar-io/phive,240,phive,240
558,62,mzkmzk/Read,https://github.com/mzkmzk/Read,240,read,240
559,28,davidgiven/wordgrinder,https://github.com/davidgiven/wordgrinder,239,wordgrinder,239
560,79,thialfihar/apg,https://github.com/thialfihar/apg,236,apg,236
561,62,facebook/fbshipit,https://github.com/facebook/fbshipit,225,hg-commit,225
562,56,1024jp/GzipSwift,https://github.com/1024jp/GzipSwift,224,gunzip,224
563,627,amp-letter/amp-letter.github.io,https://github.com/amp-letter/amp-letter.github.io,220,git-am,220
564,82,astaxie/godoc,https://github.com/astaxie/godoc,219,godoc,219
565,60,antvis/g,https://github.com/antvis/g,217,g++,217
566,59,biasmv/pv,https://github.com/biasmv/pv,216,pv,216
567,27,nginx/njs,https://github.com/nginx/njs,214,hg-update,214
568,40,ThomasHabets/arping,https://github.com/ThomasHabets/arping,213,arp,213
569,108,vdudouyt/stm8flash,https://github.com/vdudouyt/stm8flash,213,st-flash,213
570,169,reviewboard/rbtools,https://github.com/reviewboard/rbtools,206,rbt,206
571,55,HackathonHackers/groups,https://github.com/HackathonHackers/groups,205,groups,205
572,87,M4Competition/M4-methods,https://github.com/M4Competition/M4-methods,205,m4,205
573,96,FeeiCN/autossh,https://github.com/FeeiCN/autossh,202,autossh,202
574,44,rdp/ruby_gnuplot,https://github.com/rdp/ruby_gnuplot,196,gnuplot,196
575,46,cszn/SRMD,https://github.com/cszn/SRMD,191,srm,191
576,144,twiecki/WhileMyMCMCGentlySamples,https://github.com/twiecki/WhileMyMCMCGentlySamples,188,while,188
577,17,jlevy/repren,https://github.com/jlevy/repren,186,repren,186
578,16,denisbrodbeck/machineid,https://github.com/denisbrodbeck/machineid,183,hostid,183
579,37,nijel/enca,https://github.com/nijel/enca,177,enca,177
580,65,ararog/Unrar4iOS,https://github.com/ararog/Unrar4iOS,175,unrar,175
581,51,containous/whoami,https://github.com/containous/whoami,172,whoami,172
582,11,mvcss/mvcss.github.com,https://github.com/mvcss/mvcss.github.com,168,git-mv,168
583,21,myint/autoflake,https://github.com/myint/autoflake,165,autoflake,165
584,53,aa65535/yaaw-zh-hans,https://github.com/aa65535/yaaw-zh-hans,160,aria2c,160
585,59,Microsoft/vscode-vsce,https://github.com/Microsoft/vscode-vsce,160,vsce,160
586,37,chirlu/sox,https://github.com/chirlu/sox,158,sox,158
587,201,thornomad/dt-s3-backup,https://github.com/thornomad/dt-s3-backup,157,duplicity,157
588,13,porter-io/tag-github,https://github.com/porter-io/tag-github,156,git-tag,156
589,47,robinbowes/pssh,https://github.com/robinbowes/pssh,153,pssh,153
590,30,jalan/pdftotext,https://github.com/jalan/pdftotext,146,pdftotext,146
591,94,clpsz/linux-ipcs,https://github.com/clpsz/linux-ipcs,141,ipcs,141
592,34,jzawodn/mytop,https://github.com/jzawodn/mytop,141,mytop,141
593,65,svn2github/valgrind,https://github.com/svn2github/valgrind,138,valgrind,138
594,51,zkemble/AVRDUDESS,https://github.com/zkemble/AVRDUDESS,135,avrdude,135
595,65,hanami/view,https://github.com/hanami/view,130,view,130
596,10,justbur/emacs-vdiff,https://github.com/justbur/emacs-vdiff,129,vimdiff,129
597,31,omniti-labs/pg_extractor,https://github.com/omniti-labs/pg_extractor,125,pg_dump,125
598,75,mirror/wget,https://github.com/mirror/wget,125,wget,125
599,25,hasherezade/shellconv,https://github.com/hasherezade/shellconv,122,objdump,122
600,58,GoogleCloudPlatform/google-cloud-node-todos,https://github.com/GoogleCloudPlatform/google-cloud-node-todos,110,gcloud,110
601,43,jczmdeveloper/XCVideoCompressor,https://github.com/jczmdeveloper/XCVideoCompressor,110,xcv,110
602,175,chef-cookbooks/sudo,https://github.com/chef-cookbooks/sudo,109,sudo,109
603,10,roryrjb/md5-file,https://github.com/roryrjb/md5-file,107,md5sum,107
604,42,Nitr4x/whichCDN,https://github.com/Nitr4x/whichCDN,103,which,103
605,37,ransford/pdflatex-makefile,https://github.com/ransford/pdflatex-makefile,102,pdflatex,102
606,55,v-zhuravlev/zbx-smartctl,https://github.com/v-zhuravlev/zbx-smartctl,102,smartctl,102
607,57,HaxeFoundation/haxelib,https://github.com/HaxeFoundation/haxelib,100,haxelib,100
608,67,Sniffdog/Sniffdogminer,https://github.com/Sniffdog/Sniffdogminer,98,zpool,98
609,19,massiveinteractive/mmvc,https://github.com/massiveinteractive/mmvc,96,mmv,96
610,16,designsecurity/progpilot,https://github.com/designsecurity/progpilot,95,progpilot,95
611,23,ouqiang/timewheel,https://github.com/ouqiang/timewheel,95,timew,95
612,34,nprapps/quotable,https://github.com/nprapps/quotable,93,quota,93
613,2,eladnava/tldrlegal,https://github.com/eladnava/tldrlegal,92,tldrl,92
614,55,bvdberg/ctest,https://github.com/bvdberg/ctest,88,ctest,88
615,3,kennethreitz/github-reflog,https://github.com/kennethreitz/github-reflog,88,git-reflog,88
616,35,wireservice/ffs,https://github.com/wireservice/ffs,88,in2csv,88
617,54,m4i/rubocop-git,https://github.com/m4i/rubocop-git,87,git-diff,87
618,63,intrepidcoder/monopoly,https://github.com/intrepidcoder/monopoly,86,monop,86
619,114,pthom/northwind_psql,https://github.com/pthom/northwind_psql,86,psql,86
620,302,OCA/hr,https://github.com/OCA/hr,85,hr,85
621,27,lauixData/leakPasswd,https://github.com/lauixData/leakPasswd,83,passwd,83
622,22,jonwil/unlinker,https://github.com/jonwil/unlinker,81,unlink,81
623,24,takipi/jstack,https://github.com/takipi/jstack,79,jstack,79
624,43,imagemin/optipng-bin,https://github.com/imagemin/optipng-bin,79,optipng,79
625,30,agnoster/base32-js,https://github.com/agnoster/base32-js,78,base32,78
626,29,kevinburke/sshpass,https://github.com/kevinburke/sshpass,78,sshpass,78
627,20,flok99/rsstail,https://github.com/flok99/rsstail,76,rsstail,76
628,2,nvdv/atq,https://github.com/nvdv/atq,75,atq,75
629,18,kylefarris/clamscan,https://github.com/kylefarris/clamscan,73,clamscan,73
630,18,jj3341332/ShopTagDialog,https://github.com/jj3341332/ShopTagDialog,73,shopt,73
631,273,manuelpichler/phpmd,https://github.com/manuelpichler/phpmd,72,phpmd,72
632,44,rkalla/exiftool,https://github.com/rkalla/exiftool,71,exiftool,71
633,11,samdark/realpath_cache_tuner,https://github.com/samdark/realpath_cache_tuner,71,realpath,71
634,20,magit/with-editor,https://github.com/magit/with-editor,70,emacsclient,70
635,23,Kjuly/pngcrush,https://github.com/Kjuly/pngcrush,70,pngcrush,70
636,35,nikhilkalige/git-log,https://github.com/nikhilkalige/git-log,68,git-log,68
637,23,letolabs/nasm,https://github.com/letolabs/nasm,67,nasm,67
638,9,thecasualcoder/kube-fzf,https://github.com/thecasualcoder/kube-fzf,66,kube-fzf,66
639,11,stephenhandley/requireindex,https://github.com/stephenhandley/requireindex,65,basename,65
640,395,jcoglan/svn2git,https://github.com/jcoglan/svn2git,61,git-svn,61
641,395,jcoglan/svn2git,https://github.com/jcoglan/svn2git,61,svn,61
642,10,tom-tan/auctex-latexmk,https://github.com/tom-tan/auctex-latexmk,59,latexmk,59
643,4,brentp/gargs,https://github.com/brentp/gargs,56,xargs,56
644,41,istepanov/docker-mongodump,https://github.com/istepanov/docker-mongodump,55,mongodump,55
645,46,saltstack/salt-jenkins,https://github.com/saltstack/salt-jenkins,55,salt-run,55
646,17,shinh/w3m,https://github.com/shinh/w3m,53,w3m,53
647,13,viralpoetry/packer-bare-metal,https://github.com/viralpoetry/packer-bare-metal,52,qemu-img,52
648,10,djanowski/pygmentize,https://github.com/djanowski/pygmentize,51,pygmentize,51
649,12,frankcortes/svn-stash,https://github.com/frankcortes/svn-stash,49,git-stash,49
650,8,nabetaro/elinks,https://github.com/nabetaro/elinks,48,elinks,48
651,12,krists/id3tag,https://github.com/krists/id3tag,48,id3tag,48
652,14,jberkus/pgReplicationTutorial,https://github.com/jberkus/pgReplicationTutorial,46,pgrep,46
653,5,imdgr/php-nohup,https://github.com/imdgr/php-nohup,45,nohup,45
654,7,pauldreik/rdfind,https://github.com/pauldreik/rdfind,45,rdfind,45
655,14,luoshihai/XXDialog,https://github.com/luoshihai/XXDialog,45,xxd,45
656,37,mozilla/gecko-projects,https://github.com/mozilla/gecko-projects,40,hg-branch,40
657,14,AOEpeople/Aoe_LayoutConditions,https://github.com/AOEpeople/Aoe_LayoutConditions,40,ifconfig,40
658,38,dpinney/omf,https://github.com/dpinney/omf,38,omf,38
659,31,ericvicenti/ssh-keygen,https://github.com/ericvicenti/ssh-keygen,38,ssh-keygen,38
660,6,cavaliercoder/go-cpio,https://github.com/cavaliercoder/go-cpio,37,cpio,37
661,7,paulgrav/Handbrake-Automator-Action,https://github.com/paulgrav/Handbrake-Automator-Action,37,handbrakecli,37
662,2,trapexit/scorch,https://github.com/trapexit/scorch,36,sha1sum,36
663,9,imagemin/zopflipng-bin,https://github.com/imagemin/zopflipng-bin,35,zopflipng,35
664,9,pouchdb/npm-browser,https://github.com/pouchdb/npm-browser,34,npm-why,34
665,4,matejc/nixui,https://github.com/matejc/nixui,32,nix-env,32
666,6,andreasgal/darkhttpd,https://github.com/andreasgal/darkhttpd,31,darkhttpd,31
667,1310,mgp25/classesMD5-64,https://github.com/mgp25/classesMD5-64,31,for,31
668,12,terrilldent/tsorter,https://github.com/terrilldent/tsorter,30,tsort,30
669,12,ptrofimov/clockwork-cli,https://github.com/ptrofimov/clockwork-cli,28,clockwork-cli,28
670,8,mdipierro/pacioli,https://github.com/mdipierro/pacioli,28,paci,28
671,17,incbee/Unarchiver,https://github.com/incbee/Unarchiver,28,unar,28
672,5,SublimeLinter/SublimeLinter-xmllint,https://github.com/SublimeLinter/SublimeLinter-xmllint,28,xmllint,28
673,2,shyiko/kubensx,https://github.com/shyiko/kubensx,27,kubens,27
674,14,lancemueller/EnCase-EnScripts,https://github.com/lancemueller/EnCase-EnScripts,25,enscript,25
675,14,stepheneb/webgl-matrix-benchmarks,https://github.com/stepheneb/webgl-matrix-benchmarks,25,hg-add,25
676,3,AndrewHazelden/MultiMesh-Scripting,https://github.com/AndrewHazelden/MultiMesh-Scripting,25,meshlabserver,25
677,2,jvz/psgrep,https://github.com/jvz/psgrep,24,psgrep,24
678,0,amio/npm-why,https://github.com/amio/npm-why,24,yarn-why,24
679,205,CyanogenMod/android_external_wpa_supplicant_8,https://github.com/CyanogenMod/android_external_wpa_supplicant_8,23,wpa_supplicant,23
680,8,isaacs/chmodr,https://github.com/isaacs/chmodr,22,chmod,22
681,5,pendashteh/git-recover-index,https://github.com/pendashteh/git-recover-index,22,git-reset,22
682,7,godsflaw/killallthehumans,https://github.com/godsflaw/killallthehumans,22,killall,22
683,19,TheNaoX/vimtutor,https://github.com/TheNaoX/vimtutor,21,vimtutor,21
684,10,dreamerslab/node.rmdir,https://github.com/dreamerslab/node.rmdir,20,rmdir,20
685,9,isaacs/chownr,https://github.com/isaacs/chownr,19,chown,19
686,2,alexanderkyte/Wasm2CIL,https://github.com/alexanderkyte/Wasm2CIL,19,wasm2c,19
687,4,elmarb/ionice,https://github.com/elmarb/ionice,18,ionice,18
688,1,credativ/pg_backup_ctl,https://github.com/credativ/pg_backup_ctl,18,pg_ctl,18
689,13,nitrogen/nprocreg,https://github.com/nitrogen/nprocreg,17,nproc,17
690,6,shurizzle/ruby-mkfifo,https://github.com/shurizzle/ruby-mkfifo,16,mkfifo,16
691,43,SonarSource/sq-com_example_standard-sqscanner-travis,https://github.com/SonarSource/sq-com_example_standard-sqscanner-travis,16,sqsc,16
692,30,redguide/htpasswd,https://github.com/redguide/htpasswd,15,htpasswd,15
693,7,marschall/svn-diffstat,https://github.com/marschall/svn-diffstat,13,diffstat,13
694,6,TooTallNate/babel-plugin-transform-dirname-filename,https://github.com/TooTallNate/babel-plugin-transform-dirname-filename,13,dirname,13
695,4,Mange/rofi-lpass,https://github.com/Mange/rofi-lpass,13,lpass,13
696,28,openstack/salt-formula-keystone,https://github.com/openstack/salt-formula-keystone,13,salt-key,13
697,9,rgs/cherrymaint,https://github.com/rgs/cherrymaint,12,git-cherry-pick,12
698,10,Atlantis-Software/mailx,https://github.com/Atlantis-Software/mailx,12,mailx,12
699,1,mtgrosser/pdfunite,https://github.com/mtgrosser/pdfunite,12,pdfunite,12
700,8,rheit/zdbsp,https://github.com/rheit/zdbsp,12,zdb,12
701,6,abhisg/nslookup,https://github.com/abhisg/nslookup,11,nslookup,11
702,0,timoxley/pkill,https://github.com/timoxley/pkill,11,pkill,11
703,1,dchest/b2sum,https://github.com/dchest/b2sum,10,b2sum,10
704,2,ezonakiusagi/bht,https://github.com/ezonakiusagi/bht,10,badblocks,10
705,24,mit-athena/libpam-mktemp,https://github.com/mit-athena/libpam-mktemp,10,mktemp,10
706,2,aeberspaecher/pdfposter,https://github.com/aeberspaecher/pdfposter,10,pdfposter,10
707,4,tadam/Test-Mock-LWP-Dispatch,https://github.com/tadam/Test-Mock-LWP-Dispatch,9,lwp-request,9
708,6,tpn/msmtp,https://github.com/tpn/msmtp,9,msmtp,9
709,0,CNTRUN/Termux-command,https://github.com/CNTRUN/Termux-command,9,rabin2,9
710,2,jaalto/project--restricted-shell-rbash,https://github.com/jaalto/project--restricted-shell-rbash,8,rbash,8
711,0,emilbayes/wat2wasm,https://github.com/emilbayes/wat2wasm,8,wat2wasm,8
712,5,jbdemonte/node-p7zip,https://github.com/jbdemonte/node-p7zip,7,7za,7
713,1,zhiyelee/graceful-readlink,https://github.com/zhiyelee/graceful-readlink,7,readlink,7
714,5,nationbuilder/supervisord-nagios,https://github.com/nationbuilder/supervisord-nagios,7,supervisorctl,7
715,27,CyanogenMod/android_external_fsck_msdos,https://github.com/CyanogenMod/android_external_fsck_msdos,6,fsck,6
716,59,bast/git-rebase-squash-exercise,https://github.com/bast/git-rebase-squash-exercise,6,git-rebase,6
717,2,litt1e-p/LPStatusBarBackgroundColor,https://github.com/litt1e-p/LPStatusBarBackgroundColor,6,lpstat,6
718,1,textlint-rule/textlint-rule-unexpanded-acronym,https://github.com/textlint-rule/textlint-rule-unexpanded-acronym,6,unexpand,6
719,6,Python3WebSpider/IGetGet,https://github.com/Python3WebSpider/IGetGet,5,mitmdump,5
720,1,pug-php/js-phpize,https://github.com/pug-php/js-phpize,5,phpize,5
721,3,HalCanary/BitcoinGenerator,https://github.com/HalCanary/BitcoinGenerator,5,sha256sum,5
722,1,tcreech/stdbuf-osx,https://github.com/tcreech/stdbuf-osx,5,stdbuf,5
723,5,sobotklp/pycksum,https://github.com/sobotklp/pycksum,4,cksum,4
724,2,knu/fuse-convmvfs,https://github.com/knu/fuse-convmvfs,4,convmv,4
725,4,neilb/csvgrep,https://github.com/neilb/csvgrep,4,csvgrep,4
726,5,Distrotech/groff,https://github.com/Distrotech/groff,4,groff,4
727,1,fugalh/jhat,https://github.com/fugalh/jhat,4,jhat,4
728,5,boly38/mongodbdump-java-wrapper,https://github.com/boly38/mongodbdump-java-wrapper,4,mongorestore,4
729,1,Rizwan-Hasan/Hash-Checker,https://github.com/Rizwan-Hasan/Hash-Checker,4,sha512sum,4
730,0,shurizzle/ruby-stty,https://github.com/shurizzle/ruby-stty,4,stty,4
731,0,ghostgzt/7zRar,https://github.com/ghostgzt/7zRar,3,7zr,3
732,1,OfWolfAndMan/chsheets,https://github.com/OfWolfAndMan/chsheets,3,chsh,3
733,52,lukaswhite/ginit,https://github.com/lukaswhite/ginit,3,git-init,3
734,3,sj26/git-worktree-buildkite-hooks,https://github.com/sj26/git-worktree-buildkite-hooks,3,git-worktree,3
735,1,pdohara/gitinit,https://github.com/pdohara/gitinit,3,hg-init,3
736,0,lbergnehr/hg_log,https://github.com/lbergnehr/hg_log,3,hg-log,3
737,1,dennwc/inkview,https://github.com/dennwc/inkview,3,inkview,3
738,0,GuidoPollini/MuTools,https://github.com/GuidoPollini/MuTools,3,mutool,3
739,10,wkulhanek/PrintEnv,https://github.com/wkulhanek/PrintEnv,3,printenv,3
740,3,rackspace-orchestration-templates/salt-states,https://github.com/rackspace-orchestration-templates/salt-states,3,salt-call,3
741,0,maleadt/bmaptool-scan,https://github.com/maleadt/bmaptool-scan,2,bmaptool,2
742,2,chgrp/ba,https://github.com/chgrp/ba,2,chgrp,2
743,0,binario200/jenkins-job-dsl,https://github.com/binario200/jenkins-job-dsl,2,cradle-deploy,2
744,5,dionysio/csvsorter,https://github.com/dionysio/csvsorter,2,csvsort,2
745,9,lhp7895/openwrt-shadowsocksR-libev-full-20170728,https://github.com/lhp7895/openwrt-shadowsocksR-libev-full-20170728,2,git-rm,2
746,0,shortlog/shortlog.github.com,https://github.com/shortlog/shortlog.github.com,2,git-shortlog,2
747,0,fisherwise/MonoDissectorConverter,https://github.com/fisherwise/MonoDissectorConverter,2,monodis,2
748,2,johno/rails_pg_restore,https://github.com/johno/rails_pg_restore,2,pg_restore,2
749,21,CyanogenMod/android_external_ping6,https://github.com/CyanogenMod/android_external_ping6,2,ping6,2
750,2,ColinWragg/colormvn,https://github.com/ColinWragg/colormvn,2,tput,2
751,0,gonowa/wasm-opt,https://github.com/gonowa/wasm-opt,2,wasm-opt,2
752,0,tschneidereit/gh-wasm2wat,https://github.com/tschneidereit/gh-wasm2wat,2,wasm2wat,2
753,19,zopefoundation/Products.ZCatalog,https://github.com/zopefoundation/Products.ZCatalog,2,zcat,2
754,5,ctrlcctrlv/python-atd,https://github.com/ctrlcctrlv/python-atd,1,atrm,1
755,0,gatewayapps/cradle-mssql-loader,https://github.com/gatewayapps/cradle-mssql-loader,1,cradle-sql,1
756,45,bast/git-bisect-exercise,https://github.com/bast/git-bisect-exercise,1,git-bisect,1
757,31,androidmatador/android_device_samsung_hlte-common,https://github.com/androidmatador/android_device_samsung_hlte-common,1,git-format-patch,1
758,3,Manishearth/stylo-flat,https://github.com/Manishearth/stylo-flat,1,hg-remove,1
759,0,cesarsld/HgServer,https://github.com/cesarsld/HgServer,1,hg-serve,1
760,3,ralucas/grunt-makensis,https://github.com/ralucas/grunt-makensis,1,makensis,1
761,0,lutnos/batch-scale-level-sharpen,https://github.com/lutnos/batch-scale-level-sharpen,1,ufraw-batch,1
762,3,stratosphereips/StratosphereIPS-Argus-VirtualBoxVM,https://github.com/stratosphereips/StratosphereIPS-Argus-VirtualBoxVM,1,virtualboxvm,1
763,4,electerious/zbarimg,https://github.com/electerious/zbarimg,1,zbarimg,1
764,0,wallat/ZLessCompiler,https://github.com/wallat/ZLessCompiler,1,zless,1
765,3,jakbutler/docker-calibredb,https://github.com/jakbutler/docker-calibredb,0,calibredb,0
766,0,CradlePHP/cradle-elastic,https://github.com/CradlePHP/cradle-elastic,0,cradle-elastic,0
767,1,CradlePHP/cradle-install,https://github.com/CradlePHP/cradle-install,0,cradle-install,0
768,1,CradlePHP/cradle-history,https://github.com/CradlePHP/cradle-history,0,cradle-package,0
769,0,linlexing/csvclean,https://github.com/linlexing/csvclean,0,csvclean,0
770,0,nektomk/csvcut,https://github.com/nektomk/csvcut,0,csvcut,0
771,0,racekiller/CSVFormattingTools,https://github.com/racekiller/CSVFormattingTools,0,csvformat,0
772,2,jantoniucci/logstash-filter-csvlookup,https://github.com/jantoniucci/logstash-filter-csvlookup,0,csvlook,0
773,0,SoarinSen/CSVPythonScript,https://github.com/SoarinSen/CSVPythonScript,0,csvpy,0
774,0,prudprudi/CSVStatistic,https://github.com/prudprudi/CSVStatistic,0,csvstat,0
775,0,sato11235/delusertest,https://github.com/sato11235/delusertest,0,deluser,0
776,0,Redkram/GPG-ZIP,https://github.com/Redkram/GPG-ZIP,0,gpg-zip,0
777,4,conda-forge/help2man-feedstock,https://github.com/conda-forge/help2man-feedstock,0,help2man,0
778,3,DataKind-DC/hsda_client,https://github.com/DataKind-DC/hsda_client,0,hsd-cli,0
779,0,ahutchings/logname,https://github.com/ahutchings/logname,0,logname,0
780,0,zaoqi/MinetestServer,https://github.com/zaoqi/MinetestServer,0,minetestserver,0
781,0,kindaro/numfmtF,https://github.com/kindaro/numfmtF,0,numfmt,0
782,0,fantasycool/mongo_odps_tunnel,https://github.com/fantasycool/mongo_odps_tunnel,0,odps-tunnel,0
783,0,slovichon/pathchk,https://github.com/slovichon/pathchk,0,pathchk,0
784,0,rowan84/pdfjoin,https://github.com/rowan84/pdfjoin,0,pdfjoin,0
785,3,adeveloper79/renice_kernel_CP8676_I02,https://github.com/adeveloper79/renice_kernel_CP8676_I02,0,renice,0
786,0,Lithium95/pyCheckSumCalculator,https://github.com/Lithium95/pyCheckSumCalculator,0,sha224sum,0
787,0,aerth/hashav,https://github.com/aerth/hashav,0,sha384sum,0
788,36,smuos/uname,https://github.com/smuos/uname,0,uname,0
789,0,weakish/viconf,https://github.com/weakish/viconf,0,visudo,0
790,0,lyftzeigen/WaitressReloader,https://github.com/lyftzeigen/WaitressReloader,0,waitress-serve,0
